customer_id,purchase_amount,quantity
1,100,1
2,101,2
3,102,3
4,103,4
5,104,5
6,105,6
7,106,7
8,107,8
9,108,9
10,109,10
11,110,1
12,111,2
13,112,3
14,113,4
15,114,5
16,115,6
17,116,7
18,117,8
19,118,9
20,119,10
21,120,1
22,121,2
23,122,3
24,123,4
25,124,5
26,125,6
27,126,7
28,127,8
29,128,9
30,129,10
31,130,1
32,131,2
33,132,3
34,133,4
35,134,5
36,135,6
37,136,7
38,137,8
39,138,9
40,139,10
41,140,1
42,141,2
43,142,3
44,143,4
45,144,5
46,145,6
47,146,7
48,147,8
49,148,9
50,149,10
51,150,1
52,151,2
53,152,3
54,153,4
55,154,5
56,155,6
57,156,7
58,157,8
59,158,9
60,159,10
61,160,1
62,161,2
63,162,3
64,163,4
65,164,5
66,165,6
67,166,7
68,167,8
69,168,9
70,169,10
71,170,1
72,171,2
73,172,3
74,173,4
75,174,5
76,175,6
77,176,7
78,177,8
79,178,9
80,179,10
81,180,1
82,181,2
83,182,3
84,183,4
85,184,5
86,185,6
87,186,7
88,187,8
89,188,9
90,189,10
91,190,1
92,191,2
93,192,3
94,193,4
95,194,5
96,195,6
97,196,7
98,197,8
99,198,9
100,199,10
101,200,1
102,201,2
103,202,3
104,203,4
105,204,5
106,205,6
107,206,7
108,207,8
109,208,9
110,209,10
111,210,1
112,211,2
113,212,3
114,213,4
115,214,5
116,215,6
117,216,7
118,217,8
119,218,9
120,219,10
121,220,1
122,221,2
123,222,3
124,223,4
125,224,5
126,225,6
127,226,7
128,227,8
129,228,9
130,229,10
131,230,1
132,231,2
133,232,3
134,233,4
135,234,5
136,235,6
137,236,7
138,237,8
139,238,9
140,239,10
141,240,1
142,241,2
143,242,3
144,243,4
145,244,5
146,245,6
147,246,7
148,247,8
149,248,9
150,249,10
151,250,1
152,251,2
153,252,3
154,253,4
155,254,5
156,255,6
157,256,7
158,257,8
159,258,9
160,259,10
161,260,1
162,261,2
163,262,3
164,263,4
165,264,5
166,265,6
167,266,7
168,267,8
169,268,9
170,269,10
171,270,1
172,271,2
173,272,3
174,273,4
175,274,5
176,275,6
177,276,7
178,277,8
179,278,9
180,279,10
181,280,1
182,281,2
183,282,3
184,283,4
185,284,5
186,285,6
187,286,7
188,287,8
189,288,9
190,289,10
191,290,1
192,291,2
193,292,3
194,293,4
195,294,5
196,295,6
197,296,7
198,297,8
199,298,9
200,299,10
201,300,1
202,301,2
203,302,3
204,303,4
205,304,5
206,305,6
207,306,7
208,307,8
209,308,9
210,309,10
211,310,1
212,311,2
213,312,3
214,313,4
215,314,5
216,315,6
217,316,7
218,317,8
219,318,9
220,319,10
221,320,1
222,321,2
223,322,3
224,323,4
225,324,5
226,325,6
227,326,7
228,327,8
229,328,9
230,329,10
231,330,1
232,331,2
233,332,3
234,333,4
235,334,5
236,335,6
237,336,7
238,337,8
239,338,9
240,339,10
241,340,1
242,341,2
243,342,3
244,343,4
245,344,5
246,345,6
247,346,7
248,347,8
249,348,9
250,349,10
251,350,1
252,351,2
253,352,3
254,353,4
255,354,5
256,355,6
257,356,7
258,357,8
259,358,9
260,359,10
261,360,1
262,361,2
263,362,3
264,363,4
265,364,5
266,365,6
267,366,7
268,367,8
269,368,9
270,369,10
271,370,1
272,371,2
273,372,3
274,373,4
275,374,5
276,375,6
277,376,7
278,377,8
279,378,9
280,379,10
281,380,1
282,381,2
283,382,3
284,383,4
285,384,5
286,385,6
287,386,7
288,387,8
289,388,9
290,389,10
291,390,1
292,391,2
293,392,3
294,393,4
295,394,5
296,395,6
297,396,7
298,397,8
299,398,9
300,399,10
301,400,1
302,401,2
303,402,3
304,403,4
305,404,5
306,405,6
307,406,7
308,407,8
309,408,9
310,409,10
311,410,1
312,411,2
313,412,3
314,413,4
315,414,5
316,415,6
317,416,7
318,417,8
319,418,9
320,419,10
321,420,1
322,421,2
323,422,3
324,423,4
325,424,5
326,425,6
327,426,7
328,427,8
329,428,9
330,429,10
331,430,1
332,431,2
333,432,3
334,433,4
335,434,5
336,435,6
337,436,7
338,437,8
339,438,9
340,439,10
341,440,1
342,441,2
343,442,3
344,443,4
345,444,5
346,445,6
347,446,7
348,447,8
349,448,9
350,449,10
351,450,1
352,451,2
353,452,3
354,453,4
355,454,5
356,455,6
357,456,7
358,457,8
359,458,9
360,459,10
361,460,1
362,461,2
363,462,3
364,463,4
365,464,5
366,465,6
367,466,7
368,467,8
369,468,9
370,469,10
371,470,1
372,471,2
373,472,3
374,473,4
375,474,5
376,475,6
377,476,7
378,477,8
379,478,9
380,479,10
381,480,1
382,481,2
383,482,3
384,483,4
385,484,5
386,485,6
387,486,7
388,487,8
389,488,9
390,489,10
391,490,1
392,491,2
393,492,3
394,493,4
395,494,5
396,495,6
397,496,7
398,497,8
399,498,9
400,499,10
401,500,1
402,501,2
403,502,3
404,503,4
405,504,5
406,505,6
407,506,7
408,507,8
409,508,9
410,509,10
411,510,1
412,511,2
413,512,3
414,513,4
415,514,5
416,515,6
417,516,7
418,517,8
419,518,9
420,519,10
421,520,1
422,521,2
423,522,3
424,523,4
425,524,5
426,525,6
427,526,7
428,527,8
429,528,9
430,529,10
431,530,1
432,531,2
433,532,3
434,533,4
435,534,5
436,535,6
437,536,7
438,537,8
439,538,9
440,539,10
441,540,1
442,541,2
443,542,3
444,543,4
445,544,5
446,545,6
447,546,7
448,547,8
449,548,9
450,549,10
451,550,1
452,551,2
453,552,3
454,553,4
455,554,5
456,555,6
457,556,7
458,557,8
459,558,9
460,559,10
461,560,1
462,561,2
463,562,3
464,563,4
465,564,5
466,565,6
467,566,7
468,567,8
469,568,9
470,569,10
471,570,1
472,571,2
473,572,3
474,573,4
475,574,5
476,575,6
477,576,7
478,577,8
479,578,9
480,579,10
481,580,1
482,581,2
483,582,3
484,583,4
485,584,5
486,585,6
487,586,7
488,587,8
489,588,9
490,589,10
491,590,1
492,591,2
493,592,3
494,593,4
495,594,5
496,595,6
497,596,7
498,597,8
499,598,9
500,599,10
501,600,1
502,601,2
503,602,3
504,603,4
505,604,5
506,605,6
507,606,7
508,607,8
509,608,9
510,609,10
511,610,1
512,611,2
513,612,3
514,613,4
515,614,5
516,615,6
517,616,7
518,617,8
519,618,9
520,619,10
521,620,1
522,621,2
523,622,3
524,623,4
525,624,5
526,625,6
527,626,7
528,627,8
529,628,9
530,629,10
531,630,1
532,631,2
533,632,3
534,633,4
535,634,5
536,635,6
537,636,7
538,637,8
539,638,9
540,639,10
541,640,1
542,641,2
543,642,3
544,643,4
545,644,5
546,645,6
547,646,7
548,647,8
549,648,9
550,649,10
551,650,1
552,651,2
553,652,3
554,653,4
555,654,5
556,655,6
557,656,7
558,657,8
559,658,9
560,659,10
561,660,1
562,661,2
563,662,3
564,663,4
565,664,5
566,665,6
567,666,7
568,667,8
569,668,9
570,669,10
571,670,1
572,671,2
573,672,3
574,673,4
575,674,5
576,675,6
577,676,7
578,677,8
579,678,9
580,679,10
581,680,1
582,681,2
583,682,3
584,683,4
585,684,5
586,685,6
587,686,7
588,687,8
589,688,9
590,689,10
591,690,1
592,691,2
593,692,3
594,693,4
595,694,5
596,695,6
597,696,7
598,697,8
599,698,9
600,699,10
601,700,1
602,701,2
603,702,3
604,703,4
605,704,5
606,705,6
607,706,7
608,707,8
609,708,9
610,709,10
611,710,1
612,711,2
613,712,3
614,713,4
615,714,5
616,715,6
617,716,7
618,717,8
619,718,9
620,719,10
621,720,1
622,721,2
623,722,3
624,723,4
625,724,5
626,725,6
627,726,7
628,727,8
629,728,9
630,729,10
631,730,1
632,731,2
633,732,3
634,733,4
635,734,5
636,735,6
637,736,7
638,737,8
639,738,9
640,739,10
641,740,1
642,741,2
643,742,3
644,743,4
645,744,5
646,745,6
647,746,7
648,747,8
649,748,9
650,749,10
651,750,1
652,751,2
653,752,3
654,753,4
655,754,5
656,755,6
657,756,7
658,757,8
659,758,9
660,759,10
661,760,1
662,761,2
663,762,3
664,763,4
665,764,5
666,765,6
667,766,7
668,767,8
669,768,9
670,769,10
671,770,1
672,771,2
673,772,3
674,773,4
675,774,5
676,775,6
677,776,7
678,777,8
679,778,9
680,779,10
681,780,1
682,781,2
683,782,3
684,783,4
685,784,5
686,785,6
687,786,7
688,787,8
689,788,9
690,789,10
691,790,1
692,791,2
693,792,3
694,793,4
695,794,5
696,795,6
697,796,7
698,797,8
699,798,9
700,799,10
701,800,1
702,801,2
703,802,3
704,803,4
705,804,5
706,805,6
707,806,7
708,807,8
709,808,9
710,809,10
711,810,1
712,811,2
713,812,3
714,813,4
715,814,5
716,815,6
717,816,7
718,817,8
719,818,9
720,819,10
721,820,1
722,821,2
723,822,3
724,823,4
725,824,5
726,825,6
727,826,7
728,827,8
729,828,9
730,829,10
731,830,1
732,831,2
733,832,3
734,833,4
735,834,5
736,835,6
737,836,7
738,837,8
739,838,9
740,839,10
741,840,1
742,841,2
743,842,3
744,843,4
745,844,5
746,845,6
747,846,7
748,847,8
749,848,9
750,849,10
751,850,1
752,851,2
753,852,3
754,853,4
755,854,5
756,855,6
757,856,7
758,857,8
759,858,9
760,859,10
761,860,1
762,861,2
763,862,3
764,863,4
765,864,5
766,865,6
767,866,7
768,867,8
769,868,9
770,869,10
771,870,1
772,871,2
773,872,3
774,873,4
775,874,5
776,875,6
777,876,7
778,877,8
779,878,9
780,879,10
781,880,1
782,881,2
783,882,3
784,883,4
785,884,5
786,885,6
787,886,7
788,887,8
789,888,9
790,889,10
791,890,1
792,891,2
793,892,3
794,893,4
795,894,5
796,895,6
797,896,7
798,897,8
799,898,9
800,899,10
801,900,1
802,901,2
803,902,3
804,903,4
805,904,5
806,905,6
807,906,7
808,907,8
809,908,9
810,909,10
811,910,1
812,911,2
813,912,3
814,913,4
815,914,5
816,915,6
817,916,7
818,917,8
819,918,9
820,919,10
821,920,1
822,921,2
823,922,3
824,923,4
825,924,5
826,925,6
827,926,7
828,927,8
829,928,9
830,929,10
831,930,1
832,931,2
833,932,3
834,933,4
835,934,5
836,935,6
837,936,7
838,937,8
839,938,9
840,939,10
841,940,1
842,941,2
843,942,3
844,943,4
845,944,5
846,945,6
847,946,7
848,947,8
849,948,9
850,949,10
851,950,1
852,951,2
853,952,3
854,953,4
855,954,5
856,955,6
857,956,7
858,957,8
859,958,9
860,959,10
861,960,1
862,961,2
863,962,3
864,963,4
865,964,5
866,965,6
867,966,7
868,967,8
869,968,9
870,969,10
871,970,1
872,971,2
873,972,3
874,973,4
875,974,5
876,975,6
877,976,7
878,977,8
879,978,9
880,979,10
881,980,1
882,981,2
883,982,3
884,983,4
885,984,5
886,985,6
887,986,7
888,987,8
889,988,9
890,989,10
891,990,1
892,991,2
893,992,3
894,993,4
895,994,5
896,995,6
897,996,7
898,997,8
899,998,9
900,999,10
901,1000,1
902,1001,2
903,1002,3
904,1003,4
905,1004,5
906,1005,6
907,1006,7
908,1007,8
909,1008,9
910,1009,10
911,1010,1
912,1011,2
913,1012,3
914,1013,4
915,1014,5
916,1015,6
917,1016,7
918,1017,8
919,1018,9
920,1019,10
921,1020,1
922,1021,2
923,1022,3
924,1023,4
925,1024,5
926,1025,6
927,1026,7
928,1027,8
929,1028,9
930,1029,10
931,1030,1
932,1031,2
933,1032,3
934,1033,4
935,1034,5
936,1035,6
937,1036,7
938,1037,8
939,1038,9
940,1039,10
941,1040,1
942,1041,2
943,1042,3
944,1043,4
945,1044,5
946,1045,6
947,1046,7
948,1047,8
949,1048,9
950,1049,10
951,1050,1
952,1051,2
953,1052,3
954,1053,4
955,1054,5
956,1055,6
957,1056,7
958,1057,8
959,1058,9
960,1059,10
961,1060,1
962,1061,2
963,1062,3
964,1063,4
965,1064,5
966,1065,6
967,1066,7
968,1067,8
969,1068,9
970,1069,10
971,1070,1
972,1071,2
973,1072,3
974,1073,4
975,1074,5
976,1075,6
977,1076,7
978,1077,8
979,1078,9
980,1079,10
981,1080,1
982,1081,2
983,1082,3
984,1083,4
985,1084,5
986,1085,6
987,1086,7
988,1087,8
989,1088,9
990,1089,10
991,1090,1
992,1091,2
993,1092,3
994,1093,4
995,1094,5
996,1095,6
997,1096,7
998,1097,8
999,1098,9
1000,1099,10
1001,100,1
1002,101,2
1003,102,3
1004,103,4
1005,104,5
1006,105,6
1007,106,7
1008,107,8
1009,108,9
1010,109,10
1011,110,1
1012,111,2
1013,112,3
1014,113,4
1015,114,5
1016,115,6
1017,116,7
1018,117,8
1019,118,9
1020,119,10
1021,120,1
1022,121,2
1023,122,3
1024,123,4
1025,124,5
1026,125,6
1027,126,7
1028,127,8
1029,128,9
1030,129,10
1031,130,1
1032,131,2
1033,132,3
1034,133,4
1035,134,5
1036,135,6
1037,136,7
1038,137,8
1039,138,9
1040,139,10
1041,140,1
1042,141,2
1043,142,3
1044,143,4
1045,144,5
1046,145,6
1047,146,7
1048,147,8
1049,148,9
1050,149,10
1051,150,1
1052,151,2
1053,152,3
1054,153,4
1055,154,5
1056,155,6
1057,156,7
1058,157,8
1059,158,9
1060,159,10
1061,160,1
1062,161,2
1063,162,3
1064,163,4
1065,164,5
1066,165,6
1067,166,7
1068,167,8
1069,168,9
1070,169,10
1071,170,1
1072,171,2
1073,172,3
1074,173,4
1075,174,5
1076,175,6
1077,176,7
1078,177,8
1079,178,9
1080,179,10
1081,180,1
1082,181,2
1083,182,3
1084,183,4
1085,184,5
1086,185,6
1087,186,7
1088,187,8
1089,188,9
1090,189,10
1091,190,1
1092,191,2
1093,192,3
1094,193,4
1095,194,5
1096,195,6
1097,196,7
1098,197,8
1099,198,9
1100,199,10
1101,200,1
1102,201,2
1103,202,3
1104,203,4
1105,204,5
1106,205,6
1107,206,7
1108,207,8
1109,208,9
1110,209,10
1111,210,1
1112,211,2
1113,212,3
1114,213,4
1115,214,5
1116,215,6
1117,216,7
1118,217,8
1119,218,9
1120,219,10
1121,220,1
1122,221,2
1123,222,3
1124,223,4
1125,224,5
1126,225,6
1127,226,7
1128,227,8
1129,228,9
1130,229,10
1131,230,1
1132,231,2
1133,232,3
1134,233,4
1135,234,5
1136,235,6
1137,236,7
1138,237,8
1139,238,9
1140,239,10
1141,240,1
1142,241,2
1143,242,3
1144,243,4
1145,244,5
1146,245,6
1147,246,7
1148,247,8
1149,248,9
1150,249,10
1151,250,1
1152,251,2
1153,252,3
1154,253,4
1155,254,5
1156,255,6
1157,256,7
1158,257,8
1159,258,9
1160,259,10
1161,260,1
1162,261,2
1163,262,3
1164,263,4
1165,264,5
1166,265,6
1167,266,7
1168,267,8
1169,268,9
1170,269,10
1171,270,1
1172,271,2
1173,272,3
1174,273,4
1175,274,5
1176,275,6
1177,276,7
1178,277,8
1179,278,9
1180,279,10
1181,280,1
1182,281,2
1183,282,3
1184,283,4
1185,284,5
1186,285,6
1187,286,7
1188,287,8
1189,288,9
1190,289,10
1191,290,1
1192,291,2
1193,292,3
1194,293,4
1195,294,5
1196,295,6
1197,296,7
1198,297,8
1199,298,9
1200,299,10
1201,300,1
1202,301,2
1203,302,3
1204,303,4
1205,304,5
1206,305,6
1207,306,7
1208,307,8
1209,308,9
1210,309,10
1211,310,1
1212,311,2
1213,312,3
1214,313,4
1215,314,5
1216,315,6
1217,316,7
1218,317,8
1219,318,9
1220,319,10
1221,320,1
1222,321,2
1223,322,3
1224,323,4
1225,324,5
1226,325,6
1227,326,7
1228,327,8
1229,328,9
1230,329,10
1231,330,1
1232,331,2
1233,332,3
1234,333,4
1235,334,5
1236,335,6
1237,336,7
1238,337,8
1239,338,9
1240,339,10
1241,340,1
1242,341,2
1243,342,3
1244,343,4
1245,344,5
1246,345,6
1247,346,7
1248,347,8
1249,348,9
1250,349,10
1251,350,1
1252,351,2
1253,352,3
1254,353,4
1255,354,5
1256,355,6
1257,356,7
1258,357,8
1259,358,9
1260,359,10
1261,360,1
1262,361,2
1263,362,3
1264,363,4
1265,364,5
1266,365,6
1267,366,7
1268,367,8
1269,368,9
1270,369,10
1271,370,1
1272,371,2
1273,372,3
1274,373,4
1275,374,5
1276,375,6
1277,376,7
1278,377,8
1279,378,9
1280,379,10
1281,380,1
1282,381,2
1283,382,3
1284,383,4
1285,384,5
1286,385,6
1287,386,7
1288,387,8
1289,388,9
1290,389,10
1291,390,1
1292,391,2
1293,392,3
1294,393,4
1295,394,5
1296,395,6
1297,396,7
1298,397,8
1299,398,9
1300,399,10
1301,400,1
1302,401,2
1303,402,3
1304,403,4
1305,404,5
1306,405,6
1307,406,7
1308,407,8
1309,408,9
1310,409,10
1311,410,1
1312,411,2
1313,412,3
1314,413,4
1315,414,5
1316,415,6
1317,416,7
1318,417,8
1319,418,9
1320,419,10
1321,420,1
1322,421,2
1323,422,3
1324,423,4
1325,424,5
1326,425,6
1327,426,7
1328,427,8
1329,428,9
1330,429,10
1331,430,1
1332,431,2
1333,432,3
1334,433,4
1335,434,5
1336,435,6
1337,436,7
1338,437,8
1339,438,9
1340,439,10
1341,440,1
1342,441,2
1343,442,3
1344,443,4
1345,444,5
1346,445,6
1347,446,7
1348,447,8
1349,448,9
1350,449,10
1351,450,1
1352,451,2
1353,452,3
1354,453,4
1355,454,5
1356,455,6
1357,456,7
1358,457,8
1359,458,9
1360,459,10
1361,460,1
1362,461,2
1363,462,3
1364,463,4
1365,464,5
1366,465,6
1367,466,7
1368,467,8
1369,468,9
1370,469,10
1371,470,1
1372,471,2
1373,472,3
1374,473,4
1375,474,5
1376,475,6
1377,476,7
1378,477,8
1379,478,9
1380,479,10
1381,480,1
1382,481,2
1383,482,3
1384,483,4
1385,484,5
1386,485,6
1387,486,7
1388,487,8
1389,488,9
1390,489,10
1391,490,1
1392,491,2
1393,492,3
1394,493,4
1395,494,5
1396,495,6
1397,496,7
1398,497,8
1399,498,9
1400,499,10
1401,500,1
1402,501,2
1403,502,3
1404,503,4
1405,504,5
1406,505,6
1407,506,7
1408,507,8
1409,508,9
1410,509,10
1411,510,1
1412,511,2
1413,512,3
1414,513,4
1415,514,5
1416,515,6
1417,516,7
1418,517,8
1419,518,9
1420,519,10
1421,520,1
1422,521,2
1423,522,3
1424,523,4
1425,524,5
1426,525,6
1427,526,7
1428,527,8
1429,528,9
1430,529,10
1431,530,1
1432,531,2
1433,532,3
1434,533,4
1435,534,5
1436,535,6
1437,536,7
1438,537,8
1439,538,9
1440,539,10
1441,540,1
1442,541,2
1443,542,3
1444,543,4
1445,544,5
1446,545,6
1447,546,7
1448,547,8
1449,548,9
1450,549,10
1451,550,1
1452,551,2
1453,552,3
1454,553,4
1455,554,5
1456,555,6
1457,556,7
1458,557,8
1459,558,9
1460,559,10
1461,560,1
1462,561,2
1463,562,3
1464,563,4
1465,564,5
1466,565,6
1467,566,7
1468,567,8
1469,568,9
1470,569,10
1471,570,1
1472,571,2
1473,572,3
1474,573,4
1475,574,5
1476,575,6
1477,576,7
1478,577,8
1479,578,9
1480,579,10
1481,580,1
1482,581,2
1483,582,3
1484,583,4
1485,584,5
1486,585,6
1487,586,7
1488,587,8
1489,588,9
1490,589,10
1491,590,1
1492,591,2
1493,592,3
1494,593,4
1495,594,5
1496,595,6
1497,596,7
1498,597,8
1499,598,9
1500,599,10
1501,600,1
1502,601,2
1503,602,3
1504,603,4
1505,604,5
1506,605,6
1507,606,7
1508,607,8
1509,608,9
1510,609,10
1511,610,1
1512,611,2
1513,612,3
1514,613,4
1515,614,5
1516,615,6
1517,616,7
1518,617,8
1519,618,9
1520,619,10
1521,620,1
1522,621,2
1523,622,3
1524,623,4
1525,624,5
1526,625,6
1527,626,7
1528,627,8
1529,628,9
1530,629,10
1531,630,1
1532,631,2
1533,632,3
1534,633,4
1535,634,5
1536,635,6
1537,636,7
1538,637,8
1539,638,9
1540,639,10
1541,640,1
1542,641,2
1543,642,3
1544,643,4
1545,644,5
1546,645,6
1547,646,7
1548,647,8
1549,648,9
1550,649,10
1551,650,1
1552,651,2
1553,652,3
1554,653,4
1555,654,5
1556,655,6
1557,656,7
1558,657,8
1559,658,9
1560,659,10
1561,660,1
1562,661,2
1563,662,3
1564,663,4
1565,664,5
1566,665,6
1567,666,7
1568,667,8
1569,668,9
1570,669,10
1571,670,1
1572,671,2
1573,672,3
1574,673,4
1575,674,5
1576,675,6
1577,676,7
1578,677,8
1579,678,9
1580,679,10
1581,680,1
1582,681,2
1583,682,3
1584,683,4
1585,684,5
1586,685,6
1587,686,7
1588,687,8
1589,688,9
1590,689,10
1591,690,1
1592,691,2
1593,692,3
1594,693,4
1595,694,5
1596,695,6
1597,696,7
1598,697,8
1599,698,9
1600,699,10
1601,700,1
1602,701,2
1603,702,3
1604,703,4
1605,704,5
1606,705,6
1607,706,7
1608,707,8
1609,708,9
1610,709,10
1611,710,1
1612,711,2
1613,712,3
1614,713,4
1615,714,5
1616,715,6
1617,716,7
1618,717,8
1619,718,9
1620,719,10
1621,720,1
1622,721,2
1623,722,3
1624,723,4
1625,724,5
1626,725,6
1627,726,7
1628,727,8
1629,728,9
1630,729,10
1631,730,1
1632,731,2
1633,732,3
1634,733,4
1635,734,5
1636,735,6
1637,736,7
1638,737,8
1639,738,9
1640,739,10
1641,740,1
1642,741,2
1643,742,3
1644,743,4
1645,744,5
1646,745,6
1647,746,7
1648,747,8
1649,748,9
1650,749,10
1651,750,1
1652,751,2
1653,752,3
1654,753,4
1655,754,5
1656,755,6
1657,756,7
1658,757,8
1659,758,9
1660,759,10
1661,760,1
1662,761,2
1663,762,3
1664,763,4
1665,764,5
1666,765,6
1667,766,7
1668,767,8
1669,768,9
1670,769,10
1671,770,1
1672,771,2
1673,772,3
1674,773,4
1675,774,5
1676,775,6
1677,776,7
1678,777,8
1679,778,9
1680,779,10
1681,780,1
1682,781,2
1683,782,3
1684,783,4
1685,784,5
1686,785,6
1687,786,7
1688,787,8
1689,788,9
1690,789,10
1691,790,1
1692,791,2
1693,792,3
1694,793,4
1695,794,5
1696,795,6
1697,796,7
1698,797,8
1699,798,9
1700,799,10
1701,800,1
1702,801,2
1703,802,3
1704,803,4
1705,804,5
1706,805,6
1707,806,7
1708,807,8
1709,808,9
1710,809,10
1711,810,1
1712,811,2
1713,812,3
1714,813,4
1715,814,5
1716,815,6
1717,816,7
1718,817,8
1719,818,9
1720,819,10
1721,820,1
1722,821,2
1723,822,3
1724,823,4
1725,824,5
1726,825,6
1727,826,7
1728,827,8
1729,828,9
1730,829,10
1731,830,1
1732,831,2
1733,832,3
1734,833,4
1735,834,5
1736,835,6
1737,836,7
1738,837,8
1739,838,9
1740,839,10
1741,840,1
1742,841,2
1743,842,3
1744,843,4
1745,844,5
1746,845,6
1747,846,7
1748,847,8
1749,848,9
1750,849,10
1751,850,1
1752,851,2
1753,852,3
1754,853,4
1755,854,5
1756,855,6
1757,856,7
1758,857,8
1759,858,9
1760,859,10
1761,860,1
1762,861,2
1763,862,3
1764,863,4
1765,864,5
1766,865,6
1767,866,7
1768,867,8
1769,868,9
1770,869,10
1771,870,1
1772,871,2
1773,872,3
1774,873,4
1775,874,5
1776,875,6
1777,876,7
1778,877,8
1779,878,9
1780,879,10
1781,880,1
1782,881,2
1783,882,3
1784,883,4
1785,884,5
1786,885,6
1787,886,7
1788,887,8
1789,888,9
1790,889,10
1791,890,1
1792,891,2
1793,892,3
1794,893,4
1795,894,5
1796,895,6
1797,896,7
1798,897,8
1799,898,9
1800,899,10
1801,900,1
1802,901,2
1803,902,3
1804,903,4
1805,904,5
1806,905,6
1807,906,7
1808,907,8
1809,908,9
1810,909,10
1811,910,1
1812,911,2
1813,912,3
1814,913,4
1815,914,5
1816,915,6
1817,916,7
1818,917,8
1819,918,9
1820,919,10
1821,920,1
1822,921,2
1823,922,3
1824,923,4
1825,924,5
1826,925,6
1827,926,7
1828,927,8
1829,928,9
1830,929,10
1831,930,1
1832,931,2
1833,932,3
1834,933,4
1835,934,5
1836,935,6
1837,936,7
1838,937,8
1839,938,9
1840,939,10
1841,940,1
1842,941,2
1843,942,3
1844,943,4
1845,944,5
1846,945,6
1847,946,7
1848,947,8
1849,948,9
1850,949,10
1851,950,1
1852,951,2
1853,952,3
1854,953,4
1855,954,5
1856,955,6
1857,956,7
1858,957,8
1859,958,9
1860,959,10
1861,960,1
1862,961,2
1863,962,3
1864,963,4
1865,964,5
1866,965,6
1867,966,7
1868,967,8
1869,968,9
1870,969,10
1871,970,1
1872,971,2
1873,972,3
1874,973,4
1875,974,5
1876,975,6
1877,976,7
1878,977,8
1879,978,9
1880,979,10
1881,980,1
1882,981,2
1883,982,3
1884,983,4
1885,984,5
1886,985,6
1887,986,7
1888,987,8
1889,988,9
1890,989,10
1891,990,1
1892,991,2
1893,992,3
1894,993,4
1895,994,5
1896,995,6
1897,996,7
1898,997,8
1899,998,9
1900,999,10
1901,1000,1
1902,1001,2
1903,1002,3
1904,1003,4
1905,1004,5
1906,1005,6
1907,1006,7
1908,1007,8
1909,1008,9
1910,1009,10
1911,1010,1
1912,1011,2
1913,1012,3
1914,1013,4
1915,1014,5
1916,1015,6
1917,1016,7
1918,1017,8
1919,1018,9
1920,1019,10
1921,1020,1
1922,1021,2
1923,1022,3
1924,1023,4
1925,1024,5
1926,1025,6
1927,1026,7
1928,1027,8
1929,1028,9
1930,1029,10
1931,1030,1
1932,1031,2
1933,1032,3
1934,1033,4
1935,1034,5
1936,1035,6
1937,1036,7
1938,1037,8
1939,1038,9
1940,1039,10
1941,1040,1
1942,1041,2
1943,1042,3
1944,1043,4
1945,1044,5
1946,1045,6
1947,1046,7
1948,1047,8
1949,1048,9
1950,1049,10
1951,1050,1
1952,1051,2
1953,1052,3
1954,1053,4
1955,1054,5
1956,1055,6
1957,1056,7
1958,1057,8
1959,1058,9
1960,1059,10
1961,1060,1
1962,1061,2
1963,1062,3
1964,1063,4
1965,1064,5
1966,1065,6
1967,1066,7
1968,1067,8
1969,1068,9
1970,1069,10
1971,1070,1
1972,1071,2
1973,1072,3
1974,1073,4
1975,1074,5
1976,1075,6
1977,1076,7
1978,1077,8
1979,1078,9
1980,1079,10
1981,1080,1
1982,1081,2
1983,1082,3
1984,1083,4
1985,1084,5
1986,1085,6
1987,1086,7
1988,1087,8
1989,1088,9
1990,1089,10
1991,1090,1
1992,1091,2
1993,1092,3
1994,1093,4
1995,1094,5
1996,1095,6
1997,1096,7
1998,1097,8
1999,1098,9
2000,1099,10
2001,100,1
2002,101,2
2003,102,3
2004,103,4
2005,104,5
2006,105,6
2007,106,7
2008,107,8
2009,108,9
2010,109,10
2011,110,1
2012,111,2
2013,112,3
2014,113,4
2015,114,5
2016,115,6
2017,116,7
2018,117,8
2019,118,9
2020,119,10
2021,120,1
2022,121,2
2023,122,3
2024,123,4
2025,124,5
2026,125,6
2027,126,7
2028,127,8
2029,128,9
2030,129,10
2031,130,1
2032,131,2
2033,132,3
2034,133,4
2035,134,5
2036,135,6
2037,136,7
2038,137,8
2039,138,9
2040,139,10
2041,140,1
2042,141,2
2043,142,3
2044,143,4
2045,144,5
2046,145,6
2047,146,7
2048,147,8
2049,148,9
2050,149,10
2051,150,1
2052,151,2
2053,152,3
2054,153,4
2055,154,5
2056,155,6
2057,156,7
2058,157,8
2059,158,9
2060,159,10
2061,160,1
2062,161,2
2063,162,3
2064,163,4
2065,164,5
2066,165,6
2067,166,7
2068,167,8
2069,168,9
2070,169,10
2071,170,1
2072,171,2
2073,172,3
2074,173,4
2075,174,5
2076,175,6
2077,176,7
2078,177,8
2079,178,9
2080,179,10
2081,180,1
2082,181,2
2083,182,3
2084,183,4
2085,184,5
2086,185,6
2087,186,7
2088,187,8
2089,188,9
2090,189,10
2091,190,1
2092,191,2
2093,192,3
2094,193,4
2095,194,5
2096,195,6
2097,196,7
2098,197,8
2099,198,9
2100,199,10
2101,200,1
2102,201,2
2103,202,3
2104,203,4
2105,204,5
2106,205,6
2107,206,7
2108,207,8
2109,208,9
2110,209,10
2111,210,1
2112,211,2
2113,212,3
2114,213,4
2115,214,5
2116,215,6
2117,216,7
2118,217,8
2119,218,9
2120,219,10
2121,220,1
2122,221,2
2123,222,3
2124,223,4
2125,224,5
2126,225,6
2127,226,7
2128,227,8
2129,228,9
2130,229,10
2131,230,1
2132,231,2
2133,232,3
2134,233,4
2135,234,5
2136,235,6
2137,236,7
2138,237,8
2139,238,9
2140,239,10
2141,240,1
2142,241,2
2143,242,3
2144,243,4
2145,244,5
2146,245,6
2147,246,7
2148,247,8
2149,248,9
2150,249,10
2151,250,1
2152,251,2
2153,252,3
2154,253,4
2155,254,5
2156,255,6
2157,256,7
2158,257,8
2159,258,9
2160,259,10
2161,260,1
2162,261,2
2163,262,3
2164,263,4
2165,264,5
2166,265,6
2167,266,7
2168,267,8
2169,268,9
2170,269,10
2171,270,1
2172,271,2
2173,272,3
2174,273,4
2175,274,5
2176,275,6
2177,276,7
2178,277,8
2179,278,9
2180,279,10
2181,280,1
2182,281,2
2183,282,3
2184,283,4
2185,284,5
2186,285,6
2187,286,7
2188,287,8
2189,288,9
2190,289,10
2191,290,1
2192,291,2
2193,292,3
2194,293,4
2195,294,5
2196,295,6
2197,296,7
2198,297,8
2199,298,9
2200,299,10
2201,300,1
2202,301,2
2203,302,3
2204,303,4
2205,304,5
2206,305,6
2207,306,7
2208,307,8
2209,308,9
2210,309,10
2211,310,1
2212,311,2
2213,312,3
2214,313,4
2215,314,5
2216,315,6
2217,316,7
2218,317,8
2219,318,9
2220,319,10
2221,320,1
2222,321,2
2223,322,3
2224,323,4
2225,324,5
2226,325,6
2227,326,7
2228,327,8
2229,328,9
2230,329,10
2231,330,1
2232,331,2
2233,332,3
2234,333,4
2235,334,5
2236,335,6
2237,336,7
2238,337,8
2239,338,9
2240,339,10
2241,340,1
2242,341,2
2243,342,3
2244,343,4
2245,344,5
2246,345,6
2247,346,7
2248,347,8
2249,348,9
2250,349,10
2251,350,1
2252,351,2
2253,352,3
2254,353,4
2255,354,5
2256,355,6
2257,356,7
2258,357,8
2259,358,9
2260,359,10
2261,360,1
2262,361,2
2263,362,3
2264,363,4
2265,364,5
2266,365,6
2267,366,7
2268,367,8
2269,368,9
2270,369,10
2271,370,1
2272,371,2
2273,372,3
2274,373,4
2275,374,5
2276,375,6
2277,376,7
2278,377,8
2279,378,9
2280,379,10
2281,380,1
2282,381,2
2283,382,3
2284,383,4
2285,384,5
2286,385,6
2287,386,7
2288,387,8
2289,388,9
2290,389,10
2291,390,1
2292,391,2
2293,392,3
2294,393,4
2295,394,5
2296,395,6
2297,396,7
2298,397,8
2299,398,9
2300,399,10
2301,400,1
2302,401,2
2303,402,3
2304,403,4
2305,404,5
2306,405,6
2307,406,7
2308,407,8
2309,408,9
2310,409,10
2311,410,1
2312,411,2
2313,412,3
2314,413,4
2315,414,5
2316,415,6
2317,416,7
2318,417,8
2319,418,9
2320,419,10
2321,420,1
2322,421,2
2323,422,3
2324,423,4
2325,424,5
2326,425,6
2327,426,7
2328,427,8
2329,428,9
2330,429,10
2331,430,1
2332,431,2
2333,432,3
2334,433,4
2335,434,5
2336,435,6
2337,436,7
2338,437,8
2339,438,9
2340,439,10
2341,440,1
2342,441,2
2343,442,3
2344,443,4
2345,444,5
2346,445,6
2347,446,7
2348,447,8
2349,448,9
2350,449,10
2351,450,1
2352,451,2
2353,452,3
2354,453,4
2355,454,5
2356,455,6
2357,456,7
2358,457,8
2359,458,9
2360,459,10
2361,460,1
2362,461,2
2363,462,3
2364,463,4
2365,464,5
2366,465,6
2367,466,7
2368,467,8
2369,468,9
2370,469,10
2371,470,1
2372,471,2
2373,472,3
2374,473,4
2375,474,5
2376,475,6
2377,476,7
2378,477,8
2379,478,9
2380,479,10
2381,480,1
2382,481,2
2383,482,3
2384,483,4
2385,484,5
2386,485,6
2387,486,7
2388,487,8
2389,488,9
2390,489,10
2391,490,1
2392,491,2
2393,492,3
2394,493,4
2395,494,5
2396,495,6
2397,496,7
2398,497,8
2399,498,9
2400,499,10
2401,500,1
2402,501,2
2403,502,3
2404,503,4
2405,504,5
2406,505,6
2407,506,7
2408,507,8
2409,508,9
2410,509,10
2411,510,1
2412,511,2
2413,512,3
2414,513,4
2415,514,5
2416,515,6
2417,516,7
2418,517,8
2419,518,9
2420,519,10
2421,520,1
2422,521,2
2423,522,3
2424,523,4
2425,524,5
2426,525,6
2427,526,7
2428,527,8
2429,528,9
2430,529,10
2431,530,1
2432,531,2
2433,532,3
2434,533,4
2435,534,5
2436,535,6
2437,536,7
2438,537,8
2439,538,9
2440,539,10
2441,540,1
2442,541,2
2443,542,3
2444,543,4
2445,544,5
2446,545,6
2447,546,7
2448,547,8
2449,548,9
2450,549,10
2451,550,1
2452,551,2
2453,552,3
2454,553,4
2455,554,5
2456,555,6
2457,556,7
2458,557,8
2459,558,9
2460,559,10
2461,560,1
2462,561,2
2463,562,3
2464,563,4
2465,564,5
2466,565,6
2467,566,7
2468,567,8
2469,568,9
2470,569,10
2471,570,1
2472,571,2
2473,572,3
2474,573,4
2475,574,5
2476,575,6
2477,576,7
2478,577,8
2479,578,9
2480,579,10
2481,580,1
2482,581,2
2483,582,3
2484,583,4
2485,584,5
2486,585,6
2487,586,7
2488,587,8
2489,588,9
2490,589,10
2491,590,1
2492,591,2
2493,592,3
2494,593,4
2495,594,5
2496,595,6
2497,596,7
2498,597,8
2499,598,9
2500,599,10
2501,600,1
2502,601,2
2503,602,3
2504,603,4
2505,604,5
2506,605,6
2507,606,7
2508,607,8
2509,608,9
2510,609,10
2511,610,1
2512,611,2
2513,612,3
2514,613,4
2515,614,5
2516,615,6
2517,616,7
2518,617,8
2519,618,9
2520,619,10
2521,620,1
2522,621,2
2523,622,3
2524,623,4
2525,624,5
2526,625,6
2527,626,7
2528,627,8
2529,628,9
2530,629,10
2531,630,1
2532,631,2
2533,632,3
2534,633,4
2535,634,5
2536,635,6
2537,636,7
2538,637,8
2539,638,9
2540,639,10
2541,640,1
2542,641,2
2543,642,3
2544,643,4
2545,644,5
2546,645,6
2547,646,7
2548,647,8
2549,648,9
2550,649,10
2551,650,1
2552,651,2
2553,652,3
2554,653,4
2555,654,5
2556,655,6
2557,656,7
2558,657,8
2559,658,9
2560,659,10
2561,660,1
2562,661,2
2563,662,3
2564,663,4
2565,664,5
2566,665,6
2567,666,7
2568,667,8
2569,668,9
2570,669,10
2571,670,1
2572,671,2
2573,672,3
2574,673,4
2575,674,5
2576,675,6
2577,676,7
2578,677,8
2579,678,9
2580,679,10
2581,680,1
2582,681,2
2583,682,3
2584,683,4
2585,684,5
2586,685,6
2587,686,7
2588,687,8
2589,688,9
2590,689,10
2591,690,1
2592,691,2
2593,692,3
2594,693,4
2595,694,5
2596,695,6
2597,696,7
2598,697,8
2599,698,9
2600,699,10
2601,700,1
2602,701,2
2603,702,3
2604,703,4
2605,704,5
2606,705,6
2607,706,7
2608,707,8
2609,708,9
2610,709,10
2611,710,1
2612,711,2
2613,712,3
2614,713,4
2615,714,5
2616,715,6
2617,716,7
2618,717,8
2619,718,9
2620,719,10
2621,720,1
2622,721,2
2623,722,3
2624,723,4
2625,724,5
2626,725,6
2627,726,7
2628,727,8
2629,728,9
2630,729,10
2631,730,1
2632,731,2
2633,732,3
2634,733,4
2635,734,5
2636,735,6
2637,736,7
2638,737,8
2639,738,9
2640,739,10
2641,740,1
2642,741,2
2643,742,3
2644,743,4
2645,744,5
2646,745,6
2647,746,7
2648,747,8
2649,748,9
2650,749,10
2651,750,1
2652,751,2
2653,752,3
2654,753,4
2655,754,5
2656,755,6
2657,756,7
2658,757,8
2659,758,9
2660,759,10
2661,760,1
2662,761,2
2663,762,3
2664,763,4
2665,764,5
2666,765,6
2667,766,7
2668,767,8
2669,768,9
2670,769,10
2671,770,1
2672,771,2
2673,772,3
2674,773,4
2675,774,5
2676,775,6
2677,776,7
2678,777,8
2679,778,9
2680,779,10
2681,780,1
2682,781,2
2683,782,3
2684,783,4
2685,784,5
2686,785,6
2687,786,7
2688,787,8
2689,788,9
2690,789,10
2691,790,1
2692,791,2
2693,792,3
2694,793,4
2695,794,5
2696,795,6
2697,796,7
2698,797,8
2699,798,9
2700,799,10
2701,800,1
2702,801,2
2703,802,3
2704,803,4
2705,804,5
2706,805,6
2707,806,7
2708,807,8
2709,808,9
2710,809,10
2711,810,1
2712,811,2
2713,812,3
2714,813,4
2715,814,5
2716,815,6
2717,816,7
2718,817,8
2719,818,9
2720,819,10
2721,820,1
2722,821,2
2723,822,3
2724,823,4
2725,824,5
2726,825,6
2727,826,7
2728,827,8
2729,828,9
2730,829,10
2731,830,1
2732,831,2
2733,832,3
2734,833,4
2735,834,5
2736,835,6
2737,836,7
2738,837,8
2739,838,9
2740,839,10
2741,840,1
2742,841,2
2743,842,3
2744,843,4
2745,844,5
2746,845,6
2747,846,7
2748,847,8
2749,848,9
2750,849,10
2751,850,1
2752,851,2
2753,852,3
2754,853,4
2755,854,5
2756,855,6
2757,856,7
2758,857,8
2759,858,9
2760,859,10
2761,860,1
2762,861,2
2763,862,3
2764,863,4
2765,864,5
2766,865,6
2767,866,7
2768,867,8
2769,868,9
2770,869,10
2771,870,1
2772,871,2
2773,872,3
2774,873,4
2775,874,5
2776,875,6
2777,876,7
2778,877,8
2779,878,9
2780,879,10
2781,880,1
2782,881,2
2783,882,3
2784,883,4
2785,884,5
2786,885,6
2787,886,7
2788,887,8
2789,888,9
2790,889,10
2791,890,1
2792,891,2
2793,892,3
2794,893,4
2795,894,5
2796,895,6
2797,896,7
2798,897,8
2799,898,9
2800,899,10
2801,900,1
2802,901,2
2803,902,3
2804,903,4
2805,904,5
2806,905,6
2807,906,7
2808,907,8
2809,908,9
2810,909,10
2811,910,1
2812,911,2
2813,912,3
2814,913,4
2815,914,5
2816,915,6
2817,916,7
2818,917,8
2819,918,9
2820,919,10
2821,920,1
2822,921,2
2823,922,3
2824,923,4
2825,924,5
2826,925,6
2827,926,7
2828,927,8
2829,928,9
2830,929,10
2831,930,1
2832,931,2
2833,932,3
2834,933,4
2835,934,5
2836,935,6
2837,936,7
2838,937,8
2839,938,9
2840,939,10
2841,940,1
2842,941,2
2843,942,3
2844,943,4
2845,944,5
2846,945,6
2847,946,7
2848,947,8
2849,948,9
2850,949,10
2851,950,1
2852,951,2
2853,952,3
2854,953,4
2855,954,5
2856,955,6
2857,956,7
2858,957,8
2859,958,9
2860,959,10
2861,960,1
2862,961,2
2863,962,3
2864,963,4
2865,964,5
2866,965,6
2867,966,7
2868,967,8
2869,968,9
2870,969,10
2871,970,1
2872,971,2
2873,972,3
2874,973,4
2875,974,5
2876,975,6
2877,976,7
2878,977,8
2879,978,9
2880,979,10
2881,980,1
2882,981,2
2883,982,3
2884,983,4
2885,984,5
2886,985,6
2887,986,7
2888,987,8
2889,988,9
2890,989,10
2891,990,1
2892,991,2
2893,992,3
2894,993,4
2895,994,5
2896,995,6
2897,996,7
2898,997,8
2899,998,9
2900,999,10
2901,1000,1
2902,1001,2
2903,1002,3
2904,1003,4
2905,1004,5
2906,1005,6
2907,1006,7
2908,1007,8
2909,1008,9
2910,1009,10
2911,1010,1
2912,1011,2
2913,1012,3
2914,1013,4
2915,1014,5
2916,1015,6
2917,1016,7
2918,1017,8
2919,1018,9
2920,1019,10
2921,1020,1
2922,1021,2
2923,1022,3
2924,1023,4
2925,1024,5
2926,1025,6
2927,1026,7
2928,1027,8
2929,1028,9
2930,1029,10
2931,1030,1
2932,1031,2
2933,1032,3
2934,1033,4
2935,1034,5
2936,1035,6
2937,1036,7
2938,1037,8
2939,1038,9
2940,1039,10
2941,1040,1
2942,1041,2
2943,1042,3
2944,1043,4
2945,1044,5
2946,1045,6
2947,1046,7
2948,1047,8
2949,1048,9
2950,1049,10
2951,1050,1
2952,1051,2
2953,1052,3
2954,1053,4
2955,1054,5
2956,1055,6
2957,1056,7
2958,1057,8
2959,1058,9
2960,1059,10
2961,1060,1
2962,1061,2
2963,1062,3
2964,1063,4
2965,1064,5
2966,1065,6
2967,1066,7
2968,1067,8
2969,1068,9
2970,1069,10
2971,1070,1
2972,1071,2
2973,1072,3
2974,1073,4
2975,1074,5
2976,1075,6
2977,1076,7
2978,1077,8
2979,1078,9
2980,1079,10
2981,1080,1
2982,1081,2
2983,1082,3
2984,1083,4
2985,1084,5
2986,1085,6
2987,1086,7
2988,1087,8
2989,1088,9
2990,1089,10
2991,1090,1
2992,1091,2
2993,1092,3
2994,1093,4
2995,1094,5
2996,1095,6
2997,1096,7
2998,1097,8
2999,1098,9
3000,1099,10
3001,100,1
3002,101,2
3003,102,3
3004,103,4
3005,104,5
3006,105,6
3007,106,7
3008,107,8
3009,108,9
3010,109,10
3011,110,1
3012,111,2
3013,112,3
3014,113,4
3015,114,5
3016,115,6
3017,116,7
3018,117,8
3019,118,9
3020,119,10
3021,120,1
3022,121,2
3023,122,3
3024,123,4
3025,124,5
3026,125,6
3027,126,7
3028,127,8
3029,128,9
3030,129,10
3031,130,1
3032,131,2
3033,132,3
3034,133,4
3035,134,5
3036,135,6
3037,136,7
3038,137,8
3039,138,9
3040,139,10
3041,140,1
3042,141,2
3043,142,3
3044,143,4
3045,144,5
3046,145,6
3047,146,7
3048,147,8
3049,148,9
3050,149,10
3051,150,1
3052,151,2
3053,152,3
3054,153,4
3055,154,5
3056,155,6
3057,156,7
3058,157,8
3059,158,9
3060,159,10
3061,160,1
3062,161,2
3063,162,3
3064,163,4
3065,164,5
3066,165,6
3067,166,7
3068,167,8
3069,168,9
3070,169,10
3071,170,1
3072,171,2
3073,172,3
3074,173,4
3075,174,5
3076,175,6
3077,176,7
3078,177,8
3079,178,9
3080,179,10
3081,180,1
3082,181,2
3083,182,3
3084,183,4
3085,184,5
3086,185,6
3087,186,7
3088,187,8
3089,188,9
3090,189,10
3091,190,1
3092,191,2
3093,192,3
3094,193,4
3095,194,5
3096,195,6
3097,196,7
3098,197,8
3099,198,9
3100,199,10
3101,200,1
3102,201,2
3103,202,3
3104,203,4
3105,204,5
3106,205,6
3107,206,7
3108,207,8
3109,208,9
3110,209,10
3111,210,1
3112,211,2
3113,212,3
3114,213,4
3115,214,5
3116,215,6
3117,216,7
3118,217,8
3119,218,9
3120,219,10
3121,220,1
3122,221,2
3123,222,3
3124,223,4
3125,224,5
3126,225,6
3127,226,7
3128,227,8
3129,228,9
3130,229,10
3131,230,1
3132,231,2
3133,232,3
3134,233,4
3135,234,5
3136,235,6
3137,236,7
3138,237,8
3139,238,9
3140,239,10
3141,240,1
3142,241,2
3143,242,3
3144,243,4
3145,244,5
3146,245,6
3147,246,7
3148,247,8
3149,248,9
3150,249,10
3151,250,1
3152,251,2
3153,252,3
3154,253,4
3155,254,5
3156,255,6
3157,256,7
3158,257,8
3159,258,9
3160,259,10
3161,260,1
3162,261,2
3163,262,3
3164,263,4
3165,264,5
3166,265,6
3167,266,7
3168,267,8
3169,268,9
3170,269,10
3171,270,1
3172,271,2
3173,272,3
3174,273,4
3175,274,5
3176,275,6
3177,276,7
3178,277,8
3179,278,9
3180,279,10
3181,280,1
3182,281,2
3183,282,3
3184,283,4
3185,284,5
3186,285,6
3187,286,7
3188,287,8
3189,288,9
3190,289,10
3191,290,1
3192,291,2
3193,292,3
3194,293,4
3195,294,5
3196,295,6
3197,296,7
3198,297,8
3199,298,9
3200,299,10
3201,300,1
3202,301,2
3203,302,3
3204,303,4
3205,304,5
3206,305,6
3207,306,7
3208,307,8
3209,308,9
3210,309,10
3211,310,1
3212,311,2
3213,312,3
3214,313,4
3215,314,5
3216,315,6
3217,316,7
3218,317,8
3219,318,9
3220,319,10
3221,320,1
3222,321,2
3223,322,3
3224,323,4
3225,324,5
3226,325,6
3227,326,7
3228,327,8
3229,328,9
3230,329,10
3231,330,1
3232,331,2
3233,332,3
3234,333,4
3235,334,5
3236,335,6
3237,336,7
3238,337,8
3239,338,9
3240,339,10
3241,340,1
3242,341,2
3243,342,3
3244,343,4
3245,344,5
3246,345,6
3247,346,7
3248,347,8
3249,348,9
3250,349,10
3251,350,1
3252,351,2
3253,352,3
3254,353,4
3255,354,5
3256,355,6
3257,356,7
3258,357,8
3259,358,9
3260,359,10
3261,360,1
3262,361,2
3263,362,3
3264,363,4
3265,364,5
3266,365,6
3267,366,7
3268,367,8
3269,368,9
3270,369,10
3271,370,1
3272,371,2
3273,372,3
3274,373,4
3275,374,5
3276,375,6
3277,376,7
3278,377,8
3279,378,9
3280,379,10
3281,380,1
3282,381,2
3283,382,3
3284,383,4
3285,384,5
3286,385,6
3287,386,7
3288,387,8
3289,388,9
3290,389,10
3291,390,1
3292,391,2
3293,392,3
3294,393,4
3295,394,5
3296,395,6
3297,396,7
3298,397,8
3299,398,9
3300,399,10
3301,400,1
3302,401,2
3303,402,3
3304,403,4
3305,404,5
3306,405,6
3307,406,7
3308,407,8
3309,408,9
3310,409,10
3311,410,1
3312,411,2
3313,412,3
3314,413,4
3315,414,5
3316,415,6
3317,416,7
3318,417,8
3319,418,9
3320,419,10
3321,420,1
3322,421,2
3323,422,3
3324,423,4
3325,424,5
3326,425,6
3327,426,7
3328,427,8
3329,428,9
3330,429,10
3331,430,1
3332,431,2
3333,432,3
3334,433,4
3335,434,5
3336,435,6
3337,436,7
3338,437,8
3339,438,9
3340,439,10
3341,440,1
3342,441,2
3343,442,3
3344,443,4
3345,444,5
3346,445,6
3347,446,7
3348,447,8
3349,448,9
3350,449,10
3351,450,1
3352,451,2
3353,452,3
3354,453,4
3355,454,5
3356,455,6
3357,456,7
3358,457,8
3359,458,9
3360,459,10
3361,460,1
3362,461,2
3363,462,3
3364,463,4
3365,464,5
3366,465,6
3367,466,7
3368,467,8
3369,468,9
3370,469,10
3371,470,1
3372,471,2
3373,472,3
3374,473,4
3375,474,5
3376,475,6
3377,476,7
3378,477,8
3379,478,9
3380,479,10
3381,480,1
3382,481,2
3383,482,3
3384,483,4
3385,484,5
3386,485,6
3387,486,7
3388,487,8
3389,488,9
3390,489,10
3391,490,1
3392,491,2
3393,492,3
3394,493,4
3395,494,5
3396,495,6
3397,496,7
3398,497,8
3399,498,9
3400,499,10
3401,500,1
3402,501,2
3403,502,3
3404,503,4
3405,504,5
3406,505,6
3407,506,7
3408,507,8
3409,508,9
3410,509,10
3411,510,1
3412,511,2
3413,512,3
3414,513,4
3415,514,5
3416,515,6
3417,516,7
3418,517,8
3419,518,9
3420,519,10
3421,520,1
3422,521,2
3423,522,3
3424,523,4
3425,524,5
3426,525,6
3427,526,7
3428,527,8
3429,528,9
3430,529,10
3431,530,1
3432,531,2
3433,532,3
3434,533,4
3435,534,5
3436,535,6
3437,536,7
3438,537,8
3439,538,9
3440,539,10
3441,540,1
3442,541,2
3443,542,3
3444,543,4
3445,544,5
3446,545,6
3447,546,7
3448,547,8
3449,548,9
3450,549,10
3451,550,1
3452,551,2
3453,552,3
3454,553,4
3455,554,5
3456,555,6
3457,556,7
3458,557,8
3459,558,9
3460,559,10
3461,560,1
3462,561,2
3463,562,3
3464,563,4
3465,564,5
3466,565,6
3467,566,7
3468,567,8
3469,568,9
3470,569,10
3471,570,1
3472,571,2
3473,572,3
3474,573,4
3475,574,5
3476,575,6
3477,576,7
3478,577,8
3479,578,9
3480,579,10
3481,580,1
3482,581,2
3483,582,3
3484,583,4
3485,584,5
3486,585,6
3487,586,7
3488,587,8
3489,588,9
3490,589,10
3491,590,1
3492,591,2
3493,592,3
3494,593,4
3495,594,5
3496,595,6
3497,596,7
3498,597,8
3499,598,9
3500,599,10
3501,600,1
3502,601,2
3503,602,3
3504,603,4
3505,604,5
3506,605,6
3507,606,7
3508,607,8
3509,608,9
3510,609,10
3511,610,1
3512,611,2
3513,612,3
3514,613,4
3515,614,5
3516,615,6
3517,616,7
3518,617,8
3519,618,9
3520,619,10
3521,620,1
3522,621,2
3523,622,3
3524,623,4
3525,624,5
3526,625,6
3527,626,7
3528,627,8
3529,628,9
3530,629,10
3531,630,1
3532,631,2
3533,632,3
3534,633,4
3535,634,5
3536,635,6
3537,636,7
3538,637,8
3539,638,9
3540,639,10
3541,640,1
3542,641,2
3543,642,3
3544,643,4
3545,644,5
3546,645,6
3547,646,7
3548,647,8
3549,648,9
3550,649,10
3551,650,1
3552,651,2
3553,652,3
3554,653,4
3555,654,5
3556,655,6
3557,656,7
3558,657,8
3559,658,9
3560,659,10
3561,660,1
3562,661,2
3563,662,3
3564,663,4
3565,664,5
3566,665,6
3567,666,7
3568,667,8
3569,668,9
3570,669,10
3571,670,1
3572,671,2
3573,672,3
3574,673,4
3575,674,5
3576,675,6
3577,676,7
3578,677,8
3579,678,9
3580,679,10
3581,680,1
3582,681,2
3583,682,3
3584,683,4
3585,684,5
3586,685,6
3587,686,7
3588,687,8
3589,688,9
3590,689,10
3591,690,1
3592,691,2
3593,692,3
3594,693,4
3595,694,5
3596,695,6
3597,696,7
3598,697,8
3599,698,9
3600,699,10
3601,700,1
3602,701,2
3603,702,3
3604,703,4
3605,704,5
3606,705,6
3607,706,7
3608,707,8
3609,708,9
3610,709,10
3611,710,1
3612,711,2
3613,712,3
3614,713,4
3615,714,5
3616,715,6
3617,716,7
3618,717,8
3619,718,9
3620,719,10
3621,720,1
3622,721,2
3623,722,3
3624,723,4
3625,724,5
3626,725,6
3627,726,7
3628,727,8
3629,728,9
3630,729,10
3631,730,1
3632,731,2
3633,732,3
3634,733,4
3635,734,5
3636,735,6
3637,736,7
3638,737,8
3639,738,9
3640,739,10
3641,740,1
3642,741,2
3643,742,3
3644,743,4
3645,744,5
3646,745,6
3647,746,7
3648,747,8
3649,748,9
3650,749,10
3651,750,1
3652,751,2
3653,752,3
3654,753,4
3655,754,5
3656,755,6
3657,756,7
3658,757,8
3659,758,9
3660,759,10
3661,760,1
3662,761,2
3663,762,3
3664,763,4
3665,764,5
3666,765,6
3667,766,7
3668,767,8
3669,768,9
3670,769,10
3671,770,1
3672,771,2
3673,772,3
3674,773,4
3675,774,5
3676,775,6
3677,776,7
3678,777,8
3679,778,9
3680,779,10
3681,780,1
3682,781,2
3683,782,3
3684,783,4
3685,784,5
3686,785,6
3687,786,7
3688,787,8
3689,788,9
3690,789,10
3691,790,1
3692,791,2
3693,792,3
3694,793,4
3695,794,5
3696,795,6
3697,796,7
3698,797,8
3699,798,9
3700,799,10
3701,800,1
3702,801,2
3703,802,3
3704,803,4
3705,804,5
3706,805,6
3707,806,7
3708,807,8
3709,808,9
3710,809,10
3711,810,1
3712,811,2
3713,812,3
3714,813,4
3715,814,5
3716,815,6
3717,816,7
3718,817,8
3719,818,9
3720,819,10
3721,820,1
3722,821,2
3723,822,3
3724,823,4
3725,824,5
3726,825,6
3727,826,7
3728,827,8
3729,828,9
3730,829,10
3731,830,1
3732,831,2
3733,832,3
3734,833,4
3735,834,5
3736,835,6
3737,836,7
3738,837,8
3739,838,9
3740,839,10
3741,840,1
3742,841,2
3743,842,3
3744,843,4
3745,844,5
3746,845,6
3747,846,7
3748,847,8
3749,848,9
3750,849,10
3751,850,1
3752,851,2
3753,852,3
3754,853,4
3755,854,5
3756,855,6
3757,856,7
3758,857,8
3759,858,9
3760,859,10
3761,860,1
3762,861,2
3763,862,3
3764,863,4
3765,864,5
3766,865,6
3767,866,7
3768,867,8
3769,868,9
3770,869,10
3771,870,1
3772,871,2
3773,872,3
3774,873,4
3775,874,5
3776,875,6
3777,876,7
3778,877,8
3779,878,9
3780,879,10
3781,880,1
3782,881,2
3783,882,3
3784,883,4
3785,884,5
3786,885,6
3787,886,7
3788,887,8
3789,888,9
3790,889,10
3791,890,1
3792,891,2
3793,892,3
3794,893,4
3795,894,5
3796,895,6
3797,896,7
3798,897,8
3799,898,9
3800,899,10
3801,900,1
3802,901,2
3803,902,3
3804,903,4
3805,904,5
3806,905,6
3807,906,7
3808,907,8
3809,908,9
3810,909,10
3811,910,1
3812,911,2
3813,912,3
3814,913,4
3815,914,5
3816,915,6
3817,916,7
3818,917,8
3819,918,9
3820,919,10
3821,920,1
3822,921,2
3823,922,3
3824,923,4
3825,924,5
3826,925,6
3827,926,7
3828,927,8
3829,928,9
3830,929,10
3831,930,1
3832,931,2
3833,932,3
3834,933,4
3835,934,5
3836,935,6
3837,936,7
3838,937,8
3839,938,9
3840,939,10
3841,940,1
3842,941,2
3843,942,3
3844,943,4
3845,944,5
3846,945,6
3847,946,7
3848,947,8
3849,948,9
3850,949,10
3851,950,1
3852,951,2
3853,952,3
3854,953,4
3855,954,5
3856,955,6
3857,956,7
3858,957,8
3859,958,9
3860,959,10
3861,960,1
3862,961,2
3863,962,3
3864,963,4
3865,964,5
3866,965,6
3867,966,7
3868,967,8
3869,968,9
3870,969,10
3871,970,1
3872,971,2
3873,972,3
3874,973,4
3875,974,5
3876,975,6
3877,976,7
3878,977,8
3879,978,9
3880,979,10
3881,980,1
3882,981,2
3883,982,3
3884,983,4
3885,984,5
3886,985,6
3887,986,7
3888,987,8
3889,988,9
3890,989,10
3891,990,1
3892,991,2
3893,992,3
3894,993,4
3895,994,5
3896,995,6
3897,996,7
3898,997,8
3899,998,9
3900,999,10
3901,1000,1
3902,1001,2
3903,1002,3
3904,1003,4
3905,1004,5
3906,1005,6
3907,1006,7
3908,1007,8
3909,1008,9
3910,1009,10
3911,1010,1
3912,1011,2
3913,1012,3
3914,1013,4
3915,1014,5
3916,1015,6
3917,1016,7
3918,1017,8
3919,1018,9
3920,1019,10
3921,1020,1
3922,1021,2
3923,1022,3
3924,1023,4
3925,1024,5
3926,1025,6
3927,1026,7
3928,1027,8
3929,1028,9
3930,1029,10
3931,1030,1
3932,1031,2
3933,1032,3
3934,1033,4
3935,1034,5
3936,1035,6
3937,1036,7
3938,1037,8
3939,1038,9
3940,1039,10
3941,1040,1
3942,1041,2
3943,1042,3
3944,1043,4
3945,1044,5
3946,1045,6
3947,1046,7
3948,1047,8
3949,1048,9
3950,1049,10
3951,1050,1
3952,1051,2
3953,1052,3
3954,1053,4
3955,1054,5
3956,1055,6
3957,1056,7
3958,1057,8
3959,1058,9
3960,1059,10
3961,1060,1
3962,1061,2
3963,1062,3
3964,1063,4
3965,1064,5
3966,1065,6
3967,1066,7
3968,1067,8
3969,1068,9
3970,1069,10
3971,1070,1
3972,1071,2
3973,1072,3
3974,1073,4
3975,1074,5
3976,1075,6
3977,1076,7
3978,1077,8
3979,1078,9
3980,1079,10
3981,1080,1
3982,1081,2
3983,1082,3
3984,1083,4
3985,1084,5
3986,1085,6
3987,1086,7
3988,1087,8
3989,1088,9
3990,1089,10
3991,1090,1
3992,1091,2
3993,1092,3
3994,1093,4
3995,1094,5
3996,1095,6
3997,1096,7
3998,1097,8
3999,1098,9
4000,1099,10
4001,100,1
4002,101,2
4003,102,3
4004,103,4
4005,104,5
4006,105,6
4007,106,7
4008,107,8
4009,108,9
4010,109,10
4011,110,1
4012,111,2
4013,112,3
4014,113,4
4015,114,5
4016,115,6
4017,116,7
4018,117,8
4019,118,9
4020,119,10
4021,120,1
4022,121,2
4023,122,3
4024,123,4
4025,124,5
4026,125,6
4027,126,7
4028,127,8
4029,128,9
4030,129,10
4031,130,1
4032,131,2
4033,132,3
4034,133,4
4035,134,5
4036,135,6
4037,136,7
4038,137,8
4039,138,9
4040,139,10
4041,140,1
4042,141,2
4043,142,3
4044,143,4
4045,144,5
4046,145,6
4047,146,7
4048,147,8
4049,148,9
4050,149,10
4051,150,1
4052,151,2
4053,152,3
4054,153,4
4055,154,5
4056,155,6
4057,156,7
4058,157,8
4059,158,9
4060,159,10
4061,160,1
4062,161,2
4063,162,3
4064,163,4
4065,164,5
4066,165,6
4067,166,7
4068,167,8
4069,168,9
4070,169,10
4071,170,1
4072,171,2
4073,172,3
4074,173,4
4075,174,5
4076,175,6
4077,176,7
4078,177,8
4079,178,9
4080,179,10
4081,180,1
4082,181,2
4083,182,3
4084,183,4
4085,184,5
4086,185,6
4087,186,7
4088,187,8
4089,188,9
4090,189,10
4091,190,1
4092,191,2
4093,192,3
4094,193,4
4095,194,5
4096,195,6
4097,196,7
4098,197,8
4099,198,9
4100,199,10
4101,200,1
4102,201,2
4103,202,3
4104,203,4
4105,204,5
4106,205,6
4107,206,7
4108,207,8
4109,208,9
4110,209,10
4111,210,1
4112,211,2
4113,212,3
4114,213,4
4115,214,5
4116,215,6
4117,216,7
4118,217,8
4119,218,9
4120,219,10
4121,220,1
4122,221,2
4123,222,3
4124,223,4
4125,224,5
4126,225,6
4127,226,7
4128,227,8
4129,228,9
4130,229,10
4131,230,1
4132,231,2
4133,232,3
4134,233,4
4135,234,5
4136,235,6
4137,236,7
4138,237,8
4139,238,9
4140,239,10
4141,240,1
4142,241,2
4143,242,3
4144,243,4
4145,244,5
4146,245,6
4147,246,7
4148,247,8
4149,248,9
4150,249,10
4151,250,1
4152,251,2
4153,252,3
4154,253,4
4155,254,5
4156,255,6
4157,256,7
4158,257,8
4159,258,9
4160,259,10
4161,260,1
4162,261,2
4163,262,3
4164,263,4
4165,264,5
4166,265,6
4167,266,7
4168,267,8
4169,268,9
4170,269,10
4171,270,1
4172,271,2
4173,272,3
4174,273,4
4175,274,5
4176,275,6
4177,276,7
4178,277,8
4179,278,9
4180,279,10
4181,280,1
4182,281,2
4183,282,3
4184,283,4
4185,284,5
4186,285,6
4187,286,7
4188,287,8
4189,288,9
4190,289,10
4191,290,1
4192,291,2
4193,292,3
4194,293,4
4195,294,5
4196,295,6
4197,296,7
4198,297,8
4199,298,9
4200,299,10
4201,300,1
4202,301,2
4203,302,3
4204,303,4
4205,304,5
4206,305,6
4207,306,7
4208,307,8
4209,308,9
4210,309,10
4211,310,1
4212,311,2
4213,312,3
4214,313,4
4215,314,5
4216,315,6
4217,316,7
4218,317,8
4219,318,9
4220,319,10
4221,320,1
4222,321,2
4223,322,3
4224,323,4
4225,324,5
4226,325,6
4227,326,7
4228,327,8
4229,328,9
4230,329,10
4231,330,1
4232,331,2
4233,332,3
4234,333,4
4235,334,5
4236,335,6
4237,336,7
4238,337,8
4239,338,9
4240,339,10
4241,340,1
4242,341,2
4243,342,3
4244,343,4
4245,344,5
4246,345,6
4247,346,7
4248,347,8
4249,348,9
4250,349,10
4251,350,1
4252,351,2
4253,352,3
4254,353,4
4255,354,5
4256,355,6
4257,356,7
4258,357,8
4259,358,9
4260,359,10
4261,360,1
4262,361,2
4263,362,3
4264,363,4
4265,364,5
4266,365,6
4267,366,7
4268,367,8
4269,368,9
4270,369,10
4271,370,1
4272,371,2
4273,372,3
4274,373,4
4275,374,5
4276,375,6
4277,376,7
4278,377,8
4279,378,9
4280,379,10
4281,380,1
4282,381,2
4283,382,3
4284,383,4
4285,384,5
4286,385,6
4287,386,7
4288,387,8
4289,388,9
4290,389,10
4291,390,1
4292,391,2
4293,392,3
4294,393,4
4295,394,5
4296,395,6
4297,396,7
4298,397,8
4299,398,9
4300,399,10
4301,400,1
4302,401,2
4303,402,3
4304,403,4
4305,404,5
4306,405,6
4307,406,7
4308,407,8
4309,408,9
4310,409,10
4311,410,1
4312,411,2
4313,412,3
4314,413,4
4315,414,5
4316,415,6
4317,416,7
4318,417,8
4319,418,9
4320,419,10
4321,420,1
4322,421,2
4323,422,3
4324,423,4
4325,424,5
4326,425,6
4327,426,7
4328,427,8
4329,428,9
4330,429,10
4331,430,1
4332,431,2
4333,432,3
4334,433,4
4335,434,5
4336,435,6
4337,436,7
4338,437,8
4339,438,9
4340,439,10
4341,440,1
4342,441,2
4343,442,3
4344,443,4
4345,444,5
4346,445,6
4347,446,7
4348,447,8
4349,448,9
4350,449,10
4351,450,1
4352,451,2
4353,452,3
4354,453,4
4355,454,5
4356,455,6
4357,456,7
4358,457,8
4359,458,9
4360,459,10
4361,460,1
4362,461,2
4363,462,3
4364,463,4
4365,464,5
4366,465,6
4367,466,7
4368,467,8
4369,468,9
4370,469,10
4371,470,1
4372,471,2
4373,472,3
4374,473,4
4375,474,5
4376,475,6
4377,476,7
4378,477,8
4379,478,9
4380,479,10
4381,480,1
4382,481,2
4383,482,3
4384,483,4
4385,484,5
4386,485,6
4387,486,7
4388,487,8
4389,488,9
4390,489,10
4391,490,1
4392,491,2
4393,492,3
4394,493,4
4395,494,5
4396,495,6
4397,496,7
4398,497,8
4399,498,9
4400,499,10
4401,500,1
4402,501,2
4403,502,3
4404,503,4
4405,504,5
4406,505,6
4407,506,7
4408,507,8
4409,508,9
4410,509,10
4411,510,1
4412,511,2
4413,512,3
4414,513,4
4415,514,5
4416,515,6
4417,516,7
4418,517,8
4419,518,9
4420,519,10
4421,520,1
4422,521,2
4423,522,3
4424,523,4
4425,524,5
4426,525,6
4427,526,7
4428,527,8
4429,528,9
4430,529,10
4431,530,1
4432,531,2
4433,532,3
4434,533,4
4435,534,5
4436,535,6
4437,536,7
4438,537,8
4439,538,9
4440,539,10
4441,540,1
4442,541,2
4443,542,3
4444,543,4
4445,544,5
4446,545,6
4447,546,7
4448,547,8
4449,548,9
4450,549,10
4451,550,1
4452,551,2
4453,552,3
4454,553,4
4455,554,5
4456,555,6
4457,556,7
4458,557,8
4459,558,9
4460,559,10
4461,560,1
4462,561,2
4463,562,3
4464,563,4
4465,564,5
4466,565,6
4467,566,7
4468,567,8
4469,568,9
4470,569,10
4471,570,1
4472,571,2
4473,572,3
4474,573,4
4475,574,5
4476,575,6
4477,576,7
4478,577,8
4479,578,9
4480,579,10
4481,580,1
4482,581,2
4483,582,3
4484,583,4
4485,584,5
4486,585,6
4487,586,7
4488,587,8
4489,588,9
4490,589,10
4491,590,1
4492,591,2
4493,592,3
4494,593,4
4495,594,5
4496,595,6
4497,596,7
4498,597,8
4499,598,9
4500,599,10
4501,600,1
4502,601,2
4503,602,3
4504,603,4
4505,604,5
4506,605,6
4507,606,7
4508,607,8
4509,608,9
4510,609,10
4511,610,1
4512,611,2
4513,612,3
4514,613,4
4515,614,5
4516,615,6
4517,616,7
4518,617,8
4519,618,9
4520,619,10
4521,620,1
4522,621,2
4523,622,3
4524,623,4
4525,624,5
4526,625,6
4527,626,7
4528,627,8
4529,628,9
4530,629,10
4531,630,1
4532,631,2
4533,632,3
4534,633,4
4535,634,5
4536,635,6
4537,636,7
4538,637,8
4539,638,9
4540,639,10
4541,640,1
4542,641,2
4543,642,3
4544,643,4
4545,644,5
4546,645,6
4547,646,7
4548,647,8
4549,648,9
4550,649,10
4551,650,1
4552,651,2
4553,652,3
4554,653,4
4555,654,5
4556,655,6
4557,656,7
4558,657,8
4559,658,9
4560,659,10
4561,660,1
4562,661,2
4563,662,3
4564,663,4
4565,664,5
4566,665,6
4567,666,7
4568,667,8
4569,668,9
4570,669,10
4571,670,1
4572,671,2
4573,672,3
4574,673,4
4575,674,5
4576,675,6
4577,676,7
4578,677,8
4579,678,9
4580,679,10
4581,680,1
4582,681,2
4583,682,3
4584,683,4
4585,684,5
4586,685,6
4587,686,7
4588,687,8
4589,688,9
4590,689,10
4591,690,1
4592,691,2
4593,692,3
4594,693,4
4595,694,5
4596,695,6
4597,696,7
4598,697,8
4599,698,9
4600,699,10
4601,700,1
4602,701,2
4603,702,3
4604,703,4
4605,704,5
4606,705,6
4607,706,7
4608,707,8
4609,708,9
4610,709,10
4611,710,1
4612,711,2
4613,712,3
4614,713,4
4615,714,5
4616,715,6
4617,716,7
4618,717,8
4619,718,9
4620,719,10
4621,720,1
4622,721,2
4623,722,3
4624,723,4
4625,724,5
4626,725,6
4627,726,7
4628,727,8
4629,728,9
4630,729,10
4631,730,1
4632,731,2
4633,732,3
4634,733,4
4635,734,5
4636,735,6
4637,736,7
4638,737,8
4639,738,9
4640,739,10
4641,740,1
4642,741,2
4643,742,3
4644,743,4
4645,744,5
4646,745,6
4647,746,7
4648,747,8
4649,748,9
4650,749,10
4651,750,1
4652,751,2
4653,752,3
4654,753,4
4655,754,5
4656,755,6
4657,756,7
4658,757,8
4659,758,9
4660,759,10
4661,760,1
4662,761,2
4663,762,3
4664,763,4
4665,764,5
4666,765,6
4667,766,7
4668,767,8
4669,768,9
4670,769,10
4671,770,1
4672,771,2
4673,772,3
4674,773,4
4675,774,5
4676,775,6
4677,776,7
4678,777,8
4679,778,9
4680,779,10
4681,780,1
4682,781,2
4683,782,3
4684,783,4
4685,784,5
4686,785,6
4687,786,7
4688,787,8
4689,788,9
4690,789,10
4691,790,1
4692,791,2
4693,792,3
4694,793,4
4695,794,5
4696,795,6
4697,796,7
4698,797,8
4699,798,9
4700,799,10
4701,800,1
4702,801,2
4703,802,3
4704,803,4
4705,804,5
4706,805,6
4707,806,7
4708,807,8
4709,808,9
4710,809,10
4711,810,1
4712,811,2
4713,812,3
4714,813,4
4715,814,5
4716,815,6
4717,816,7
4718,817,8
4719,818,9
4720,819,10
4721,820,1
4722,821,2
4723,822,3
4724,823,4
4725,824,5
4726,825,6
4727,826,7
4728,827,8
4729,828,9
4730,829,10
4731,830,1
4732,831,2
4733,832,3
4734,833,4
4735,834,5
4736,835,6
4737,836,7
4738,837,8
4739,838,9
4740,839,10
4741,840,1
4742,841,2
4743,842,3
4744,843,4
4745,844,5
4746,845,6
4747,846,7
4748,847,8
4749,848,9
4750,849,10
4751,850,1
4752,851,2
4753,852,3
4754,853,4
4755,854,5
4756,855,6
4757,856,7
4758,857,8
4759,858,9
4760,859,10
4761,860,1
4762,861,2
4763,862,3
4764,863,4
4765,864,5
4766,865,6
4767,866,7
4768,867,8
4769,868,9
4770,869,10
4771,870,1
4772,871,2
4773,872,3
4774,873,4
4775,874,5
4776,875,6
4777,876,7
4778,877,8
4779,878,9
4780,879,10
4781,880,1
4782,881,2
4783,882,3
4784,883,4
4785,884,5
4786,885,6
4787,886,7
4788,887,8
4789,888,9
4790,889,10
4791,890,1
4792,891,2
4793,892,3
4794,893,4
4795,894,5
4796,895,6
4797,896,7
4798,897,8
4799,898,9
4800,899,10
4801,900,1
4802,901,2
4803,902,3
4804,903,4
4805,904,5
4806,905,6
4807,906,7
4808,907,8
4809,908,9
4810,909,10
4811,910,1
4812,911,2
4813,912,3
4814,913,4
4815,914,5
4816,915,6
4817,916,7
4818,917,8
4819,918,9
4820,919,10
4821,920,1
4822,921,2
4823,922,3
4824,923,4
4825,924,5
4826,925,6
4827,926,7
4828,927,8
4829,928,9
4830,929,10
4831,930,1
4832,931,2
4833,932,3
4834,933,4
4835,934,5
4836,935,6
4837,936,7
4838,937,8
4839,938,9
4840,939,10
4841,940,1
4842,941,2
4843,942,3
4844,943,4
4845,944,5
4846,945,6
4847,946,7
4848,947,8
4849,948,9
4850,949,10
4851,950,1
4852,951,2
4853,952,3
4854,953,4
4855,954,5
4856,955,6
4857,956,7
4858,957,8
4859,958,9
4860,959,10
4861,960,1
4862,961,2
4863,962,3
4864,963,4
4865,964,5
4866,965,6
4867,966,7
4868,967,8
4869,968,9
4870,969,10
4871,970,1
4872,971,2
4873,972,3
4874,973,4
4875,974,5
4876,975,6
4877,976,7
4878,977,8
4879,978,9
4880,979,10
4881,980,1
4882,981,2
4883,982,3
4884,983,4
4885,984,5
4886,985,6
4887,986,7
4888,987,8
4889,988,9
4890,989,10
4891,990,1
4892,991,2
4893,992,3
4894,993,4
4895,994,5
4896,995,6
4897,996,7
4898,997,8
4899,998,9
4900,999,10
4901,1000,1
4902,1001,2
4903,1002,3
4904,1003,4
4905,1004,5
4906,1005,6
4907,1006,7
4908,1007,8
4909,1008,9
4910,1009,10
4911,1010,1
4912,1011,2
4913,1012,3
4914,1013,4
4915,1014,5
4916,1015,6
4917,1016,7
4918,1017,8
4919,1018,9
4920,1019,10
4921,1020,1
4922,1021,2
4923,1022,3
4924,1023,4
4925,1024,5
4926,1025,6
4927,1026,7
4928,1027,8
4929,1028,9
4930,1029,10
4931,1030,1
4932,1031,2
4933,1032,3
4934,1033,4
4935,1034,5
4936,1035,6
4937,1036,7
4938,1037,8
4939,1038,9
4940,1039,10
4941,1040,1
4942,1041,2
4943,1042,3
4944,1043,4
4945,1044,5
4946,1045,6
4947,1046,7
4948,1047,8
4949,1048,9
4950,1049,10
4951,1050,1
4952,1051,2
4953,1052,3
4954,1053,4
4955,1054,5
4956,1055,6
4957,1056,7
4958,1057,8
4959,1058,9
4960,1059,10
4961,1060,1
4962,1061,2
4963,1062,3
4964,1063,4
4965,1064,5
4966,1065,6
4967,1066,7
4968,1067,8
4969,1068,9
4970,1069,10
4971,1070,1
4972,1071,2
4973,1072,3
4974,1073,4
4975,1074,5
4976,1075,6
4977,1076,7
4978,1077,8
4979,1078,9
4980,1079,10
4981,1080,1
4982,1081,2
4983,1082,3
4984,1083,4
4985,1084,5
4986,1085,6
4987,1086,7
4988,1087,8
4989,1088,9
4990,1089,10
4991,1090,1
4992,1091,2
4993,1092,3
4994,1093,4
4995,1094,5
4996,1095,6
4997,1096,7
4998,1097,8
4999,1098,9
5000,1099,10
5001,100,1
5002,101,2
5003,102,3
5004,103,4
5005,104,5
5006,105,6
5007,106,7
5008,107,8
5009,108,9
5010,109,10
5011,110,1
5012,111,2
5013,112,3
5014,113,4
5015,114,5
5016,115,6
5017,116,7
5018,117,8
5019,118,9
5020,119,10
5021,120,1
5022,121,2
5023,122,3
5024,123,4
5025,124,5
5026,125,6
5027,126,7
5028,127,8
5029,128,9
5030,129,10
5031,130,1
5032,131,2
5033,132,3
5034,133,4
5035,134,5
5036,135,6
5037,136,7
5038,137,8
5039,138,9
5040,139,10
5041,140,1
5042,141,2
5043,142,3
5044,143,4
5045,144,5
5046,145,6
5047,146,7
5048,147,8
5049,148,9
5050,149,10
5051,150,1
5052,151,2
5053,152,3
5054,153,4
5055,154,5
5056,155,6
5057,156,7
5058,157,8
5059,158,9
5060,159,10
5061,160,1
5062,161,2
5063,162,3
5064,163,4
5065,164,5
5066,165,6
5067,166,7
5068,167,8
5069,168,9
5070,169,10
5071,170,1
5072,171,2
5073,172,3
5074,173,4
5075,174,5
5076,175,6
5077,176,7
5078,177,8
5079,178,9
5080,179,10
5081,180,1
5082,181,2
5083,182,3
5084,183,4
5085,184,5
5086,185,6
5087,186,7
5088,187,8
5089,188,9
5090,189,10
5091,190,1
5092,191,2
5093,192,3
5094,193,4
5095,194,5
5096,195,6
5097,196,7
5098,197,8
5099,198,9
5100,199,10
5101,200,1
5102,201,2
5103,202,3
5104,203,4
5105,204,5
5106,205,6
5107,206,7
5108,207,8
5109,208,9
5110,209,10
5111,210,1
5112,211,2
5113,212,3
5114,213,4
5115,214,5
5116,215,6
5117,216,7
5118,217,8
5119,218,9
5120,219,10
5121,220,1
5122,221,2
5123,222,3
5124,223,4
5125,224,5
5126,225,6
5127,226,7
5128,227,8
5129,228,9
5130,229,10
5131,230,1
5132,231,2
5133,232,3
5134,233,4
5135,234,5
5136,235,6
5137,236,7
5138,237,8
5139,238,9
5140,239,10
5141,240,1
5142,241,2
5143,242,3
5144,243,4
5145,244,5
5146,245,6
5147,246,7
5148,247,8
5149,248,9
5150,249,10
5151,250,1
5152,251,2
5153,252,3
5154,253,4
5155,254,5
5156,255,6
5157,256,7
5158,257,8
5159,258,9
5160,259,10
5161,260,1
5162,261,2
5163,262,3
5164,263,4
5165,264,5
5166,265,6
5167,266,7
5168,267,8
5169,268,9
5170,269,10
5171,270,1
5172,271,2
5173,272,3
5174,273,4
5175,274,5
5176,275,6
5177,276,7
5178,277,8
5179,278,9
5180,279,10
5181,280,1
5182,281,2
5183,282,3
5184,283,4
5185,284,5
5186,285,6
5187,286,7
5188,287,8
5189,288,9
5190,289,10
5191,290,1
5192,291,2
5193,292,3
5194,293,4
5195,294,5
5196,295,6
5197,296,7
5198,297,8
5199,298,9
5200,299,10
5201,300,1
5202,301,2
5203,302,3
5204,303,4
5205,304,5
5206,305,6
5207,306,7
5208,307,8
5209,308,9
5210,309,10
5211,310,1
5212,311,2
5213,312,3
5214,313,4
5215,314,5
5216,315,6
5217,316,7
5218,317,8
5219,318,9
5220,319,10
5221,320,1
5222,321,2
5223,322,3
5224,323,4
5225,324,5
5226,325,6
5227,326,7
5228,327,8
5229,328,9
5230,329,10
5231,330,1
5232,331,2
5233,332,3
5234,333,4
5235,334,5
5236,335,6
5237,336,7
5238,337,8
5239,338,9
5240,339,10
5241,340,1
5242,341,2
5243,342,3
5244,343,4
5245,344,5
5246,345,6
5247,346,7
5248,347,8
5249,348,9
5250,349,10
5251,350,1
5252,351,2
5253,352,3
5254,353,4
5255,354,5
5256,355,6
5257,356,7
5258,357,8
5259,358,9
5260,359,10
5261,360,1
5262,361,2
5263,362,3
5264,363,4
5265,364,5
5266,365,6
5267,366,7
5268,367,8
5269,368,9
5270,369,10
5271,370,1
5272,371,2
5273,372,3
5274,373,4
5275,374,5
5276,375,6
5277,376,7
5278,377,8
5279,378,9
5280,379,10
5281,380,1
5282,381,2
5283,382,3
5284,383,4
5285,384,5
5286,385,6
5287,386,7
5288,387,8
5289,388,9
5290,389,10
5291,390,1
5292,391,2
5293,392,3
5294,393,4
5295,394,5
5296,395,6
5297,396,7
5298,397,8
5299,398,9
5300,399,10
5301,400,1
5302,401,2
5303,402,3
5304,403,4
5305,404,5
5306,405,6
5307,406,7
5308,407,8
5309,408,9
5310,409,10
5311,410,1
5312,411,2
5313,412,3
5314,413,4
5315,414,5
5316,415,6
5317,416,7
5318,417,8
5319,418,9
5320,419,10
5321,420,1
5322,421,2
5323,422,3
5324,423,4
5325,424,5
5326,425,6
5327,426,7
5328,427,8
5329,428,9
5330,429,10
5331,430,1
5332,431,2
5333,432,3
5334,433,4
5335,434,5
5336,435,6
5337,436,7
5338,437,8
5339,438,9
5340,439,10
5341,440,1
5342,441,2
5343,442,3
5344,443,4
5345,444,5
5346,445,6
5347,446,7
5348,447,8
5349,448,9
5350,449,10
5351,450,1
5352,451,2
5353,452,3
5354,453,4
5355,454,5
5356,455,6
5357,456,7
5358,457,8
5359,458,9
5360,459,10
5361,460,1
5362,461,2
5363,462,3
5364,463,4
5365,464,5
5366,465,6
5367,466,7
5368,467,8
5369,468,9
5370,469,10
5371,470,1
5372,471,2
5373,472,3
5374,473,4
5375,474,5
5376,475,6
5377,476,7
5378,477,8
5379,478,9
5380,479,10
5381,480,1
5382,481,2
5383,482,3
5384,483,4
5385,484,5
5386,485,6
5387,486,7
5388,487,8
5389,488,9
5390,489,10
5391,490,1
5392,491,2
5393,492,3
5394,493,4
5395,494,5
5396,495,6
5397,496,7
5398,497,8
5399,498,9
5400,499,10
5401,500,1
5402,501,2
5403,502,3
5404,503,4
5405,504,5
5406,505,6
5407,506,7
5408,507,8
5409,508,9
5410,509,10
5411,510,1
5412,511,2
5413,512,3
5414,513,4
5415,514,5
5416,515,6
5417,516,7
5418,517,8
5419,518,9
5420,519,10
5421,520,1
5422,521,2
5423,522,3
5424,523,4
5425,524,5
5426,525,6
5427,526,7
5428,527,8
5429,528,9
5430,529,10
5431,530,1
5432,531,2
5433,532,3
5434,533,4
5435,534,5
5436,535,6
5437,536,7
5438,537,8
5439,538,9
5440,539,10
5441,540,1
5442,541,2
5443,542,3
5444,543,4
5445,544,5
5446,545,6
5447,546,7
5448,547,8
5449,548,9
5450,549,10
5451,550,1
5452,551,2
5453,552,3
5454,553,4
5455,554,5
5456,555,6
5457,556,7
5458,557,8
5459,558,9
5460,559,10
5461,560,1
5462,561,2
5463,562,3
5464,563,4
5465,564,5
5466,565,6
5467,566,7
5468,567,8
5469,568,9
5470,569,10
5471,570,1
5472,571,2
5473,572,3
5474,573,4
5475,574,5
5476,575,6
5477,576,7
5478,577,8
5479,578,9
5480,579,10
5481,580,1
5482,581,2
5483,582,3
5484,583,4
5485,584,5
5486,585,6
5487,586,7
5488,587,8
5489,588,9
5490,589,10
5491,590,1
5492,591,2
5493,592,3
5494,593,4
5495,594,5
5496,595,6
5497,596,7
5498,597,8
5499,598,9
5500,599,10
5501,600,1
5502,601,2
5503,602,3
5504,603,4
5505,604,5
5506,605,6
5507,606,7
5508,607,8
5509,608,9
5510,609,10
5511,610,1
5512,611,2
5513,612,3
5514,613,4
5515,614,5
5516,615,6
5517,616,7
5518,617,8
5519,618,9
5520,619,10
5521,620,1
5522,621,2
5523,622,3
5524,623,4
5525,624,5
5526,625,6
5527,626,7
5528,627,8
5529,628,9
5530,629,10
5531,630,1
5532,631,2
5533,632,3
5534,633,4
5535,634,5
5536,635,6
5537,636,7
5538,637,8
5539,638,9
5540,639,10
5541,640,1
5542,641,2
5543,642,3
5544,643,4
5545,644,5
5546,645,6
5547,646,7
5548,647,8
5549,648,9
5550,649,10
5551,650,1
5552,651,2
5553,652,3
5554,653,4
5555,654,5
5556,655,6
5557,656,7
5558,657,8
5559,658,9
5560,659,10
5561,660,1
5562,661,2
5563,662,3
5564,663,4
5565,664,5
5566,665,6
5567,666,7
5568,667,8
5569,668,9
5570,669,10
5571,670,1
5572,671,2
5573,672,3
5574,673,4
5575,674,5
5576,675,6
5577,676,7
5578,677,8
5579,678,9
5580,679,10
5581,680,1
5582,681,2
5583,682,3
5584,683,4
5585,684,5
5586,685,6
5587,686,7
5588,687,8
5589,688,9
5590,689,10
5591,690,1
5592,691,2
5593,692,3
5594,693,4
5595,694,5
5596,695,6
5597,696,7
5598,697,8
5599,698,9
5600,699,10
5601,700,1
5602,701,2
5603,702,3
5604,703,4
5605,704,5
5606,705,6
5607,706,7
5608,707,8
5609,708,9
5610,709,10
5611,710,1
5612,711,2
5613,712,3
5614,713,4
5615,714,5
5616,715,6
5617,716,7
5618,717,8
5619,718,9
5620,719,10
5621,720,1
5622,721,2
5623,722,3
5624,723,4
5625,724,5
5626,725,6
5627,726,7
5628,727,8
5629,728,9
5630,729,10
5631,730,1
5632,731,2
5633,732,3
5634,733,4
5635,734,5
5636,735,6
5637,736,7
5638,737,8
5639,738,9
5640,739,10
5641,740,1
5642,741,2
5643,742,3
5644,743,4
5645,744,5
5646,745,6
5647,746,7
5648,747,8
5649,748,9
5650,749,10
5651,750,1
5652,751,2
5653,752,3
5654,753,4
5655,754,5
5656,755,6
5657,756,7
5658,757,8
5659,758,9
5660,759,10
5661,760,1
5662,761,2
5663,762,3
5664,763,4
5665,764,5
5666,765,6
5667,766,7
5668,767,8
5669,768,9
5670,769,10
5671,770,1
5672,771,2
5673,772,3
5674,773,4
5675,774,5
5676,775,6
5677,776,7
5678,777,8
5679,778,9
5680,779,10
5681,780,1
5682,781,2
5683,782,3
5684,783,4
5685,784,5
5686,785,6
5687,786,7
5688,787,8
5689,788,9
5690,789,10
5691,790,1
5692,791,2
5693,792,3
5694,793,4
5695,794,5
5696,795,6
5697,796,7
5698,797,8
5699,798,9
5700,799,10
5701,800,1
5702,801,2
5703,802,3
5704,803,4
5705,804,5
5706,805,6
5707,806,7
5708,807,8
5709,808,9
5710,809,10
5711,810,1
5712,811,2
5713,812,3
5714,813,4
5715,814,5
5716,815,6
5717,816,7
5718,817,8
5719,818,9
5720,819,10
5721,820,1
5722,821,2
5723,822,3
5724,823,4
5725,824,5
5726,825,6
5727,826,7
5728,827,8
5729,828,9
5730,829,10
5731,830,1
5732,831,2
5733,832,3
5734,833,4
5735,834,5
5736,835,6
5737,836,7
5738,837,8
5739,838,9
5740,839,10
5741,840,1
5742,841,2
5743,842,3
5744,843,4
5745,844,5
5746,845,6
5747,846,7
5748,847,8
5749,848,9
5750,849,10
5751,850,1
5752,851,2
5753,852,3
5754,853,4
5755,854,5
5756,855,6
5757,856,7
5758,857,8
5759,858,9
5760,859,10
5761,860,1
5762,861,2
5763,862,3
5764,863,4
5765,864,5
5766,865,6
5767,866,7
5768,867,8
5769,868,9
5770,869,10
5771,870,1
5772,871,2
5773,872,3
5774,873,4
5775,874,5
5776,875,6
5777,876,7
5778,877,8
5779,878,9
5780,879,10
5781,880,1
5782,881,2
5783,882,3
5784,883,4
5785,884,5
5786,885,6
5787,886,7
5788,887,8
5789,888,9
5790,889,10
5791,890,1
5792,891,2
5793,892,3
5794,893,4
5795,894,5
5796,895,6
5797,896,7
5798,897,8
5799,898,9
5800,899,10
5801,900,1
5802,901,2
5803,902,3
5804,903,4
5805,904,5
5806,905,6
5807,906,7
5808,907,8
5809,908,9
5810,909,10
5811,910,1
5812,911,2
5813,912,3
5814,913,4
5815,914,5
5816,915,6
5817,916,7
5818,917,8
5819,918,9
5820,919,10
5821,920,1
5822,921,2
5823,922,3
5824,923,4
5825,924,5
5826,925,6
5827,926,7
5828,927,8
5829,928,9
5830,929,10
5831,930,1
5832,931,2
5833,932,3
5834,933,4
5835,934,5
5836,935,6
5837,936,7
5838,937,8
5839,938,9
5840,939,10
5841,940,1
5842,941,2
5843,942,3
5844,943,4
5845,944,5
5846,945,6
5847,946,7
5848,947,8
5849,948,9
5850,949,10
5851,950,1
5852,951,2
5853,952,3
5854,953,4
5855,954,5
5856,955,6
5857,956,7
5858,957,8
5859,958,9
5860,959,10
5861,960,1
5862,961,2
5863,962,3
5864,963,4
5865,964,5
5866,965,6
5867,966,7
5868,967,8
5869,968,9
5870,969,10
5871,970,1
5872,971,2
5873,972,3
5874,973,4
5875,974,5
5876,975,6
5877,976,7
5878,977,8
5879,978,9
5880,979,10
5881,980,1
5882,981,2
5883,982,3
5884,983,4
5885,984,5
5886,985,6
5887,986,7
5888,987,8
5889,988,9
5890,989,10
5891,990,1
5892,991,2
5893,992,3
5894,993,4
5895,994,5
5896,995,6
5897,996,7
5898,997,8
5899,998,9
5900,999,10
5901,1000,1
5902,1001,2
5903,1002,3
5904,1003,4
5905,1004,5
5906,1005,6
5907,1006,7
5908,1007,8
5909,1008,9
5910,1009,10
5911,1010,1
5912,1011,2
5913,1012,3
5914,1013,4
5915,1014,5
5916,1015,6
5917,1016,7
5918,1017,8
5919,1018,9
5920,1019,10
5921,1020,1
5922,1021,2
5923,1022,3
5924,1023,4
5925,1024,5
5926,1025,6
5927,1026,7
5928,1027,8
5929,1028,9
5930,1029,10
5931,1030,1
5932,1031,2
5933,1032,3
5934,1033,4
5935,1034,5
5936,1035,6
5937,1036,7
5938,1037,8
5939,1038,9
5940,1039,10
5941,1040,1
5942,1041,2
5943,1042,3
5944,1043,4
5945,1044,5
5946,1045,6
5947,1046,7
5948,1047,8
5949,1048,9
5950,1049,10
5951,1050,1
5952,1051,2
5953,1052,3
5954,1053,4
5955,1054,5
5956,1055,6
5957,1056,7
5958,1057,8
5959,1058,9
5960,1059,10
5961,1060,1
5962,1061,2
5963,1062,3
5964,1063,4
5965,1064,5
5966,1065,6
5967,1066,7
5968,1067,8
5969,1068,9
5970,1069,10
5971,1070,1
5972,1071,2
5973,1072,3
5974,1073,4
5975,1074,5
5976,1075,6
5977,1076,7
5978,1077,8
5979,1078,9
5980,1079,10
5981,1080,1
5982,1081,2
5983,1082,3
5984,1083,4
5985,1084,5
5986,1085,6
5987,1086,7
5988,1087,8
5989,1088,9
5990,1089,10
5991,1090,1
5992,1091,2
5993,1092,3
5994,1093,4
5995,1094,5
5996,1095,6
5997,1096,7
5998,1097,8
5999,1098,9
6000,1099,10
6001,100,1
6002,101,2
6003,102,3
6004,103,4
6005,104,5
6006,105,6
6007,106,7
6008,107,8
6009,108,9
6010,109,10
6011,110,1
6012,111,2
6013,112,3
6014,113,4
6015,114,5
6016,115,6
6017,116,7
6018,117,8
6019,118,9
6020,119,10
6021,120,1
6022,121,2
6023,122,3
6024,123,4
6025,124,5
6026,125,6
6027,126,7
6028,127,8
6029,128,9
6030,129,10
6031,130,1
6032,131,2
6033,132,3
6034,133,4
6035,134,5
6036,135,6
6037,136,7
6038,137,8
6039,138,9
6040,139,10
6041,140,1
6042,141,2
6043,142,3
6044,143,4
6045,144,5
6046,145,6
6047,146,7
6048,147,8
6049,148,9
6050,149,10
6051,150,1
6052,151,2
6053,152,3
6054,153,4
6055,154,5
6056,155,6
6057,156,7
6058,157,8
6059,158,9
6060,159,10
6061,160,1
6062,161,2
6063,162,3
6064,163,4
6065,164,5
6066,165,6
6067,166,7
6068,167,8
6069,168,9
6070,169,10
6071,170,1
6072,171,2
6073,172,3
6074,173,4
6075,174,5
6076,175,6
6077,176,7
6078,177,8
6079,178,9
6080,179,10
6081,180,1
6082,181,2
6083,182,3
6084,183,4
6085,184,5
6086,185,6
6087,186,7
6088,187,8
6089,188,9
6090,189,10
6091,190,1
6092,191,2
6093,192,3
6094,193,4
6095,194,5
6096,195,6
6097,196,7
6098,197,8
6099,198,9
6100,199,10
6101,200,1
6102,201,2
6103,202,3
6104,203,4
6105,204,5
6106,205,6
6107,206,7
6108,207,8
6109,208,9
6110,209,10
6111,210,1
6112,211,2
6113,212,3
6114,213,4
6115,214,5
6116,215,6
6117,216,7
6118,217,8
6119,218,9
6120,219,10
6121,220,1
6122,221,2
6123,222,3
6124,223,4
6125,224,5
6126,225,6
6127,226,7
6128,227,8
6129,228,9
6130,229,10
6131,230,1
6132,231,2
6133,232,3
6134,233,4
6135,234,5
6136,235,6
6137,236,7
6138,237,8
6139,238,9
6140,239,10
6141,240,1
6142,241,2
6143,242,3
6144,243,4
6145,244,5
6146,245,6
6147,246,7
6148,247,8
6149,248,9
6150,249,10
6151,250,1
6152,251,2
6153,252,3
6154,253,4
6155,254,5
6156,255,6
6157,256,7
6158,257,8
6159,258,9
6160,259,10
6161,260,1
6162,261,2
6163,262,3
6164,263,4
6165,264,5
6166,265,6
6167,266,7
6168,267,8
6169,268,9
6170,269,10
6171,270,1
6172,271,2
6173,272,3
6174,273,4
6175,274,5
6176,275,6
6177,276,7
6178,277,8
6179,278,9
6180,279,10
6181,280,1
6182,281,2
6183,282,3
6184,283,4
6185,284,5
6186,285,6
6187,286,7
6188,287,8
6189,288,9
6190,289,10
6191,290,1
6192,291,2
6193,292,3
6194,293,4
6195,294,5
6196,295,6
6197,296,7
6198,297,8
6199,298,9
6200,299,10
6201,300,1
6202,301,2
6203,302,3
6204,303,4
6205,304,5
6206,305,6
6207,306,7
6208,307,8
6209,308,9
6210,309,10
6211,310,1
6212,311,2
6213,312,3
6214,313,4
6215,314,5
6216,315,6
6217,316,7
6218,317,8
6219,318,9
6220,319,10
6221,320,1
6222,321,2
6223,322,3
6224,323,4
6225,324,5
6226,325,6
6227,326,7
6228,327,8
6229,328,9
6230,329,10
6231,330,1
6232,331,2
6233,332,3
6234,333,4
6235,334,5
6236,335,6
6237,336,7
6238,337,8
6239,338,9
6240,339,10
6241,340,1
6242,341,2
6243,342,3
6244,343,4
6245,344,5
6246,345,6
6247,346,7
6248,347,8
6249,348,9
6250,349,10
6251,350,1
6252,351,2
6253,352,3
6254,353,4
6255,354,5
6256,355,6
6257,356,7
6258,357,8
6259,358,9
6260,359,10
6261,360,1
6262,361,2
6263,362,3
6264,363,4
6265,364,5
6266,365,6
6267,366,7
6268,367,8
6269,368,9
6270,369,10
6271,370,1
6272,371,2
6273,372,3
6274,373,4
6275,374,5
6276,375,6
6277,376,7
6278,377,8
6279,378,9
6280,379,10
6281,380,1
6282,381,2
6283,382,3
6284,383,4
6285,384,5
6286,385,6
6287,386,7
6288,387,8
6289,388,9
6290,389,10
6291,390,1
6292,391,2
6293,392,3
6294,393,4
6295,394,5
6296,395,6
6297,396,7
6298,397,8
6299,398,9
6300,399,10
6301,400,1
6302,401,2
6303,402,3
6304,403,4
6305,404,5
6306,405,6
6307,406,7
6308,407,8
6309,408,9
6310,409,10
6311,410,1
6312,411,2
6313,412,3
6314,413,4
6315,414,5
6316,415,6
6317,416,7
6318,417,8
6319,418,9
6320,419,10
6321,420,1
6322,421,2
6323,422,3
6324,423,4
6325,424,5
6326,425,6
6327,426,7
6328,427,8
6329,428,9
6330,429,10
6331,430,1
6332,431,2
6333,432,3
6334,433,4
6335,434,5
6336,435,6
6337,436,7
6338,437,8
6339,438,9
6340,439,10
6341,440,1
6342,441,2
6343,442,3
6344,443,4
6345,444,5
6346,445,6
6347,446,7
6348,447,8
6349,448,9
6350,449,10
6351,450,1
6352,451,2
6353,452,3
6354,453,4
6355,454,5
6356,455,6
6357,456,7
6358,457,8
6359,458,9
6360,459,10
6361,460,1
6362,461,2
6363,462,3
6364,463,4
6365,464,5
6366,465,6
6367,466,7
6368,467,8
6369,468,9
6370,469,10
6371,470,1
6372,471,2
6373,472,3
6374,473,4
6375,474,5
6376,475,6
6377,476,7
6378,477,8
6379,478,9
6380,479,10
6381,480,1
6382,481,2
6383,482,3
6384,483,4
6385,484,5
6386,485,6
6387,486,7
6388,487,8
6389,488,9
6390,489,10
6391,490,1
6392,491,2
6393,492,3
6394,493,4
6395,494,5
6396,495,6
6397,496,7
6398,497,8
6399,498,9
6400,499,10
6401,500,1
6402,501,2
6403,502,3
6404,503,4
6405,504,5
6406,505,6
6407,506,7
6408,507,8
6409,508,9
6410,509,10
6411,510,1
6412,511,2
6413,512,3
6414,513,4
6415,514,5
6416,515,6
6417,516,7
6418,517,8
6419,518,9
6420,519,10
6421,520,1
6422,521,2
6423,522,3
6424,523,4
6425,524,5
6426,525,6
6427,526,7
6428,527,8
6429,528,9
6430,529,10
6431,530,1
6432,531,2
6433,532,3
6434,533,4
6435,534,5
6436,535,6
6437,536,7
6438,537,8
6439,538,9
6440,539,10
6441,540,1
6442,541,2
6443,542,3
6444,543,4
6445,544,5
6446,545,6
6447,546,7
6448,547,8
6449,548,9
6450,549,10
6451,550,1
6452,551,2
6453,552,3
6454,553,4
6455,554,5
6456,555,6
6457,556,7
6458,557,8
6459,558,9
6460,559,10
6461,560,1
6462,561,2
6463,562,3
6464,563,4
6465,564,5
6466,565,6
6467,566,7
6468,567,8
6469,568,9
6470,569,10
6471,570,1
6472,571,2
6473,572,3
6474,573,4
6475,574,5
6476,575,6
6477,576,7
6478,577,8
6479,578,9
6480,579,10
6481,580,1
6482,581,2
6483,582,3
6484,583,4
6485,584,5
6486,585,6
6487,586,7
6488,587,8
6489,588,9
6490,589,10
6491,590,1
6492,591,2
6493,592,3
6494,593,4
6495,594,5
6496,595,6
6497,596,7
6498,597,8
6499,598,9
6500,599,10
6501,600,1
6502,601,2
6503,602,3
6504,603,4
6505,604,5
6506,605,6
6507,606,7
6508,607,8
6509,608,9
6510,609,10
6511,610,1
6512,611,2
6513,612,3
6514,613,4
6515,614,5
6516,615,6
6517,616,7
6518,617,8
6519,618,9
6520,619,10
6521,620,1
6522,621,2
6523,622,3
6524,623,4
6525,624,5
6526,625,6
6527,626,7
6528,627,8
6529,628,9
6530,629,10
6531,630,1
6532,631,2
6533,632,3
6534,633,4
6535,634,5
6536,635,6
6537,636,7
6538,637,8
6539,638,9
6540,639,10
6541,640,1
6542,641,2
6543,642,3
6544,643,4
6545,644,5
6546,645,6
6547,646,7
6548,647,8
6549,648,9
6550,649,10
6551,650,1
6552,651,2
6553,652,3
6554,653,4
6555,654,5
6556,655,6
6557,656,7
6558,657,8
6559,658,9
6560,659,10
6561,660,1
6562,661,2
6563,662,3
6564,663,4
6565,664,5
6566,665,6
6567,666,7
6568,667,8
6569,668,9
6570,669,10
6571,670,1
6572,671,2
6573,672,3
6574,673,4
6575,674,5
6576,675,6
6577,676,7
6578,677,8
6579,678,9
6580,679,10
6581,680,1
6582,681,2
6583,682,3
6584,683,4
6585,684,5
6586,685,6
6587,686,7
6588,687,8
6589,688,9
6590,689,10
6591,690,1
6592,691,2
6593,692,3
6594,693,4
6595,694,5
6596,695,6
6597,696,7
6598,697,8
6599,698,9
6600,699,10
6601,700,1
6602,701,2
6603,702,3
6604,703,4
6605,704,5
6606,705,6
6607,706,7
6608,707,8
6609,708,9
6610,709,10
6611,710,1
6612,711,2
6613,712,3
6614,713,4
6615,714,5
6616,715,6
6617,716,7
6618,717,8
6619,718,9
6620,719,10
6621,720,1
6622,721,2
6623,722,3
6624,723,4
6625,724,5
6626,725,6
6627,726,7
6628,727,8
6629,728,9
6630,729,10
6631,730,1
6632,731,2
6633,732,3
6634,733,4
6635,734,5
6636,735,6
6637,736,7
6638,737,8
6639,738,9
6640,739,10
6641,740,1
6642,741,2
6643,742,3
6644,743,4
6645,744,5
6646,745,6
6647,746,7
6648,747,8
6649,748,9
6650,749,10
6651,750,1
6652,751,2
6653,752,3
6654,753,4
6655,754,5
6656,755,6
6657,756,7
6658,757,8
6659,758,9
6660,759,10
6661,760,1
6662,761,2
6663,762,3
6664,763,4
6665,764,5
6666,765,6
6667,766,7
6668,767,8
6669,768,9
6670,769,10
6671,770,1
6672,771,2
6673,772,3
6674,773,4
6675,774,5
6676,775,6
6677,776,7
6678,777,8
6679,778,9
6680,779,10
6681,780,1
6682,781,2
6683,782,3
6684,783,4
6685,784,5
6686,785,6
6687,786,7
6688,787,8
6689,788,9
6690,789,10
6691,790,1
6692,791,2
6693,792,3
6694,793,4
6695,794,5
6696,795,6
6697,796,7
6698,797,8
6699,798,9
6700,799,10
6701,800,1
6702,801,2
6703,802,3
6704,803,4
6705,804,5
6706,805,6
6707,806,7
6708,807,8
6709,808,9
6710,809,10
6711,810,1
6712,811,2
6713,812,3
6714,813,4
6715,814,5
6716,815,6
6717,816,7
6718,817,8
6719,818,9
6720,819,10
6721,820,1
6722,821,2
6723,822,3
6724,823,4
6725,824,5
6726,825,6
6727,826,7
6728,827,8
6729,828,9
6730,829,10
6731,830,1
6732,831,2
6733,832,3
6734,833,4
6735,834,5
6736,835,6
6737,836,7
6738,837,8
6739,838,9
6740,839,10
6741,840,1
6742,841,2
6743,842,3
6744,843,4
6745,844,5
6746,845,6
6747,846,7
6748,847,8
6749,848,9
6750,849,10
6751,850,1
6752,851,2
6753,852,3
6754,853,4
6755,854,5
6756,855,6
6757,856,7
6758,857,8
6759,858,9
6760,859,10
6761,860,1
6762,861,2
6763,862,3
6764,863,4
6765,864,5
6766,865,6
6767,866,7
6768,867,8
6769,868,9
6770,869,10
6771,870,1
6772,871,2
6773,872,3
6774,873,4
6775,874,5
6776,875,6
6777,876,7
6778,877,8
6779,878,9
6780,879,10
6781,880,1
6782,881,2
6783,882,3
6784,883,4
6785,884,5
6786,885,6
6787,886,7
6788,887,8
6789,888,9
6790,889,10
6791,890,1
6792,891,2
6793,892,3
6794,893,4
6795,894,5
6796,895,6
6797,896,7
6798,897,8
6799,898,9
6800,899,10
6801,900,1
6802,901,2
6803,902,3
6804,903,4
6805,904,5
6806,905,6
6807,906,7
6808,907,8
6809,908,9
6810,909,10
6811,910,1
6812,911,2
6813,912,3
6814,913,4
6815,914,5
6816,915,6
6817,916,7
6818,917,8
6819,918,9
6820,919,10
6821,920,1
6822,921,2
6823,922,3
6824,923,4
6825,924,5
6826,925,6
6827,926,7
6828,927,8
6829,928,9
6830,929,10
6831,930,1
6832,931,2
6833,932,3
6834,933,4
6835,934,5
6836,935,6
6837,936,7
6838,937,8
6839,938,9
6840,939,10
6841,940,1
6842,941,2
6843,942,3
6844,943,4
6845,944,5
6846,945,6
6847,946,7
6848,947,8
6849,948,9
6850,949,10
6851,950,1
6852,951,2
6853,952,3
6854,953,4
6855,954,5
6856,955,6
6857,956,7
6858,957,8
6859,958,9
6860,959,10
6861,960,1
6862,961,2
6863,962,3
6864,963,4
6865,964,5
6866,965,6
6867,966,7
6868,967,8
6869,968,9
6870,969,10
6871,970,1
6872,971,2
6873,972,3
6874,973,4
6875,974,5
6876,975,6
6877,976,7
6878,977,8
6879,978,9
6880,979,10
6881,980,1
6882,981,2
6883,982,3
6884,983,4
6885,984,5
6886,985,6
6887,986,7
6888,987,8
6889,988,9
6890,989,10
6891,990,1
6892,991,2
6893,992,3
6894,993,4
6895,994,5
6896,995,6
6897,996,7
6898,997,8
6899,998,9
6900,999,10
6901,1000,1
6902,1001,2
6903,1002,3
6904,1003,4
6905,1004,5
6906,1005,6
6907,1006,7
6908,1007,8
6909,1008,9
6910,1009,10
6911,1010,1
6912,1011,2
6913,1012,3
6914,1013,4
6915,1014,5
6916,1015,6
6917,1016,7
6918,1017,8
6919,1018,9
6920,1019,10
6921,1020,1
6922,1021,2
6923,1022,3
6924,1023,4
6925,1024,5
6926,1025,6
6927,1026,7
6928,1027,8
6929,1028,9
6930,1029,10
6931,1030,1
6932,1031,2
6933,1032,3
6934,1033,4
6935,1034,5
6936,1035,6
6937,1036,7
6938,1037,8
6939,1038,9
6940,1039,10
6941,1040,1
6942,1041,2
6943,1042,3
6944,1043,4
6945,1044,5
6946,1045,6
6947,1046,7
6948,1047,8
6949,1048,9
6950,1049,10
6951,1050,1
6952,1051,2
6953,1052,3
6954,1053,4
6955,1054,5
6956,1055,6
6957,1056,7
6958,1057,8
6959,1058,9
6960,1059,10
6961,1060,1
6962,1061,2
6963,1062,3
6964,1063,4
6965,1064,5
6966,1065,6
6967,1066,7
6968,1067,8
6969,1068,9
6970,1069,10
6971,1070,1
6972,1071,2
6973,1072,3
6974,1073,4
6975,1074,5
6976,1075,6
6977,1076,7
6978,1077,8
6979,1078,9
6980,1079,10
6981,1080,1
6982,1081,2
6983,1082,3
6984,1083,4
6985,1084,5
6986,1085,6
6987,1086,7
6988,1087,8
6989,1088,9
6990,1089,10
6991,1090,1
6992,1091,2
6993,1092,3
6994,1093,4
6995,1094,5
6996,1095,6
6997,1096,7
6998,1097,8
6999,1098,9
7000,1099,10
7001,100,1
7002,101,2
7003,102,3
7004,103,4
7005,104,5
7006,105,6
7007,106,7
7008,107,8
7009,108,9
7010,109,10
7011,110,1
7012,111,2
7013,112,3
7014,113,4
7015,114,5
7016,115,6
7017,116,7
7018,117,8
7019,118,9
7020,119,10
7021,120,1
7022,121,2
7023,122,3
7024,123,4
7025,124,5
7026,125,6
7027,126,7
7028,127,8
7029,128,9
7030,129,10
7031,130,1
7032,131,2
7033,132,3
7034,133,4
7035,134,5
7036,135,6
7037,136,7
7038,137,8
7039,138,9
7040,139,10
7041,140,1
7042,141,2
7043,142,3
7044,143,4
7045,144,5
7046,145,6
7047,146,7
7048,147,8
7049,148,9
7050,149,10
7051,150,1
7052,151,2
7053,152,3
7054,153,4
7055,154,5
7056,155,6
7057,156,7
7058,157,8
7059,158,9
7060,159,10
7061,160,1
7062,161,2
7063,162,3
7064,163,4
7065,164,5
7066,165,6
7067,166,7
7068,167,8
7069,168,9
7070,169,10
7071,170,1
7072,171,2
7073,172,3
7074,173,4
7075,174,5
7076,175,6
7077,176,7
7078,177,8
7079,178,9
7080,179,10
7081,180,1
7082,181,2
7083,182,3
7084,183,4
7085,184,5
7086,185,6
7087,186,7
7088,187,8
7089,188,9
7090,189,10
7091,190,1
7092,191,2
7093,192,3
7094,193,4
7095,194,5
7096,195,6
7097,196,7
7098,197,8
7099,198,9
7100,199,10
7101,200,1
7102,201,2
7103,202,3
7104,203,4
7105,204,5
7106,205,6
7107,206,7
7108,207,8
7109,208,9
7110,209,10
7111,210,1
7112,211,2
7113,212,3
7114,213,4
7115,214,5
7116,215,6
7117,216,7
7118,217,8
7119,218,9
7120,219,10
7121,220,1
7122,221,2
7123,222,3
7124,223,4
7125,224,5
7126,225,6
7127,226,7
7128,227,8
7129,228,9
7130,229,10
7131,230,1
7132,231,2
7133,232,3
7134,233,4
7135,234,5
7136,235,6
7137,236,7
7138,237,8
7139,238,9
7140,239,10
7141,240,1
7142,241,2
7143,242,3
7144,243,4
7145,244,5
7146,245,6
7147,246,7
7148,247,8
7149,248,9
7150,249,10
7151,250,1
7152,251,2
7153,252,3
7154,253,4
7155,254,5
7156,255,6
7157,256,7
7158,257,8
7159,258,9
7160,259,10
7161,260,1
7162,261,2
7163,262,3
7164,263,4
7165,264,5
7166,265,6
7167,266,7
7168,267,8
7169,268,9
7170,269,10
7171,270,1
7172,271,2
7173,272,3
7174,273,4
7175,274,5
7176,275,6
7177,276,7
7178,277,8
7179,278,9
7180,279,10
7181,280,1
7182,281,2
7183,282,3
7184,283,4
7185,284,5
7186,285,6
7187,286,7
7188,287,8
7189,288,9
7190,289,10
7191,290,1
7192,291,2
7193,292,3
7194,293,4
7195,294,5
7196,295,6
7197,296,7
7198,297,8
7199,298,9
7200,299,10
7201,300,1
7202,301,2
7203,302,3
7204,303,4
7205,304,5
7206,305,6
7207,306,7
7208,307,8
7209,308,9
7210,309,10
7211,310,1
7212,311,2
7213,312,3
7214,313,4
7215,314,5
7216,315,6
7217,316,7
7218,317,8
7219,318,9
7220,319,10
7221,320,1
7222,321,2
7223,322,3
7224,323,4
7225,324,5
7226,325,6
7227,326,7
7228,327,8
7229,328,9
7230,329,10
7231,330,1
7232,331,2
7233,332,3
7234,333,4
7235,334,5
7236,335,6
7237,336,7
7238,337,8
7239,338,9
7240,339,10
7241,340,1
7242,341,2
7243,342,3
7244,343,4
7245,344,5
7246,345,6
7247,346,7
7248,347,8
7249,348,9
7250,349,10
7251,350,1
7252,351,2
7253,352,3
7254,353,4
7255,354,5
7256,355,6
7257,356,7
7258,357,8
7259,358,9
7260,359,10
7261,360,1
7262,361,2
7263,362,3
7264,363,4
7265,364,5
7266,365,6
7267,366,7
7268,367,8
7269,368,9
7270,369,10
7271,370,1
7272,371,2
7273,372,3
7274,373,4
7275,374,5
7276,375,6
7277,376,7
7278,377,8
7279,378,9
7280,379,10
7281,380,1
7282,381,2
7283,382,3
7284,383,4
7285,384,5
7286,385,6
7287,386,7
7288,387,8
7289,388,9
7290,389,10
7291,390,1
7292,391,2
7293,392,3
7294,393,4
7295,394,5
7296,395,6
7297,396,7
7298,397,8
7299,398,9
7300,399,10
7301,400,1
7302,401,2
7303,402,3
7304,403,4
7305,404,5
7306,405,6
7307,406,7
7308,407,8
7309,408,9
7310,409,10
7311,410,1
7312,411,2
7313,412,3
7314,413,4
7315,414,5
7316,415,6
7317,416,7
7318,417,8
7319,418,9
7320,419,10
7321,420,1
7322,421,2
7323,422,3
7324,423,4
7325,424,5
7326,425,6
7327,426,7
7328,427,8
7329,428,9
7330,429,10
7331,430,1
7332,431,2
7333,432,3
7334,433,4
7335,434,5
7336,435,6
7337,436,7
7338,437,8
7339,438,9
7340,439,10
7341,440,1
7342,441,2
7343,442,3
7344,443,4
7345,444,5
7346,445,6
7347,446,7
7348,447,8
7349,448,9
7350,449,10
7351,450,1
7352,451,2
7353,452,3
7354,453,4
7355,454,5
7356,455,6
7357,456,7
7358,457,8
7359,458,9
7360,459,10
7361,460,1
7362,461,2
7363,462,3
7364,463,4
7365,464,5
7366,465,6
7367,466,7
7368,467,8
7369,468,9
7370,469,10
7371,470,1
7372,471,2
7373,472,3
7374,473,4
7375,474,5
7376,475,6
7377,476,7
7378,477,8
7379,478,9
7380,479,10
7381,480,1
7382,481,2
7383,482,3
7384,483,4
7385,484,5
7386,485,6
7387,486,7
7388,487,8
7389,488,9
7390,489,10
7391,490,1
7392,491,2
7393,492,3
7394,493,4
7395,494,5
7396,495,6
7397,496,7
7398,497,8
7399,498,9
7400,499,10
7401,500,1
7402,501,2
7403,502,3
7404,503,4
7405,504,5
7406,505,6
7407,506,7
7408,507,8
7409,508,9
7410,509,10
7411,510,1
7412,511,2
7413,512,3
7414,513,4
7415,514,5
7416,515,6
7417,516,7
7418,517,8
7419,518,9
7420,519,10
7421,520,1
7422,521,2
7423,522,3
7424,523,4
7425,524,5
7426,525,6
7427,526,7
7428,527,8
7429,528,9
7430,529,10
7431,530,1
7432,531,2
7433,532,3
7434,533,4
7435,534,5
7436,535,6
7437,536,7
7438,537,8
7439,538,9
7440,539,10
7441,540,1
7442,541,2
7443,542,3
7444,543,4
7445,544,5
7446,545,6
7447,546,7
7448,547,8
7449,548,9
7450,549,10
7451,550,1
7452,551,2
7453,552,3
7454,553,4
7455,554,5
7456,555,6
7457,556,7
7458,557,8
7459,558,9
7460,559,10
7461,560,1
7462,561,2
7463,562,3
7464,563,4
7465,564,5
7466,565,6
7467,566,7
7468,567,8
7469,568,9
7470,569,10
7471,570,1
7472,571,2
7473,572,3
7474,573,4
7475,574,5
7476,575,6
7477,576,7
7478,577,8
7479,578,9
7480,579,10
7481,580,1
7482,581,2
7483,582,3
7484,583,4
7485,584,5
7486,585,6
7487,586,7
7488,587,8
7489,588,9
7490,589,10
7491,590,1
7492,591,2
7493,592,3
7494,593,4
7495,594,5
7496,595,6
7497,596,7
7498,597,8
7499,598,9
7500,599,10
7501,600,1
7502,601,2
7503,602,3
7504,603,4
7505,604,5
7506,605,6
7507,606,7
7508,607,8
7509,608,9
7510,609,10
7511,610,1
7512,611,2
7513,612,3
7514,613,4
7515,614,5
7516,615,6
7517,616,7
7518,617,8
7519,618,9
7520,619,10
7521,620,1
7522,621,2
7523,622,3
7524,623,4
7525,624,5
7526,625,6
7527,626,7
7528,627,8
7529,628,9
7530,629,10
7531,630,1
7532,631,2
7533,632,3
7534,633,4
7535,634,5
7536,635,6
7537,636,7
7538,637,8
7539,638,9
7540,639,10
7541,640,1
7542,641,2
7543,642,3
7544,643,4
7545,644,5
7546,645,6
7547,646,7
7548,647,8
7549,648,9
7550,649,10
7551,650,1
7552,651,2
7553,652,3
7554,653,4
7555,654,5
7556,655,6
7557,656,7
7558,657,8
7559,658,9
7560,659,10
7561,660,1
7562,661,2
7563,662,3
7564,663,4
7565,664,5
7566,665,6
7567,666,7
7568,667,8
7569,668,9
7570,669,10
7571,670,1
7572,671,2
7573,672,3
7574,673,4
7575,674,5
7576,675,6
7577,676,7
7578,677,8
7579,678,9
7580,679,10
7581,680,1
7582,681,2
7583,682,3
7584,683,4
7585,684,5
7586,685,6
7587,686,7
7588,687,8
7589,688,9
7590,689,10
7591,690,1
7592,691,2
7593,692,3
7594,693,4
7595,694,5
7596,695,6
7597,696,7
7598,697,8
7599,698,9
7600,699,10
7601,700,1
7602,701,2
7603,702,3
7604,703,4
7605,704,5
7606,705,6
7607,706,7
7608,707,8
7609,708,9
7610,709,10
7611,710,1
7612,711,2
7613,712,3
7614,713,4
7615,714,5
7616,715,6
7617,716,7
7618,717,8
7619,718,9
7620,719,10
7621,720,1
7622,721,2
7623,722,3
7624,723,4
7625,724,5
7626,725,6
7627,726,7
7628,727,8
7629,728,9
7630,729,10
7631,730,1
7632,731,2
7633,732,3
7634,733,4
7635,734,5
7636,735,6
7637,736,7
7638,737,8
7639,738,9
7640,739,10
7641,740,1
7642,741,2
7643,742,3
7644,743,4
7645,744,5
7646,745,6
7647,746,7
7648,747,8
7649,748,9
7650,749,10
7651,750,1
7652,751,2
7653,752,3
7654,753,4
7655,754,5
7656,755,6
7657,756,7
7658,757,8
7659,758,9
7660,759,10
7661,760,1
7662,761,2
7663,762,3
7664,763,4
7665,764,5
7666,765,6
7667,766,7
7668,767,8
7669,768,9
7670,769,10
7671,770,1
7672,771,2
7673,772,3
7674,773,4
7675,774,5
7676,775,6
7677,776,7
7678,777,8
7679,778,9
7680,779,10
7681,780,1
7682,781,2
7683,782,3
7684,783,4
7685,784,5
7686,785,6
7687,786,7
7688,787,8
7689,788,9
7690,789,10
7691,790,1
7692,791,2
7693,792,3
7694,793,4
7695,794,5
7696,795,6
7697,796,7
7698,797,8
7699,798,9
7700,799,10
7701,800,1
7702,801,2
7703,802,3
7704,803,4
7705,804,5
7706,805,6
7707,806,7
7708,807,8
7709,808,9
7710,809,10
7711,810,1
7712,811,2
7713,812,3
7714,813,4
7715,814,5
7716,815,6
7717,816,7
7718,817,8
7719,818,9
7720,819,10
7721,820,1
7722,821,2
7723,822,3
7724,823,4
7725,824,5
7726,825,6
7727,826,7
7728,827,8
7729,828,9
7730,829,10
7731,830,1
7732,831,2
7733,832,3
7734,833,4
7735,834,5
7736,835,6
7737,836,7
7738,837,8
7739,838,9
7740,839,10
7741,840,1
7742,841,2
7743,842,3
7744,843,4
7745,844,5
7746,845,6
7747,846,7
7748,847,8
7749,848,9
7750,849,10
7751,850,1
7752,851,2
7753,852,3
7754,853,4
7755,854,5
7756,855,6
7757,856,7
7758,857,8
7759,858,9
7760,859,10
7761,860,1
7762,861,2
7763,862,3
7764,863,4
7765,864,5
7766,865,6
7767,866,7
7768,867,8
7769,868,9
7770,869,10
7771,870,1
7772,871,2
7773,872,3
7774,873,4
7775,874,5
7776,875,6
7777,876,7
7778,877,8
7779,878,9
7780,879,10
7781,880,1
7782,881,2
7783,882,3
7784,883,4
7785,884,5
7786,885,6
7787,886,7
7788,887,8
7789,888,9
7790,889,10
7791,890,1
7792,891,2
7793,892,3
7794,893,4
7795,894,5
7796,895,6
7797,896,7
7798,897,8
7799,898,9
7800,899,10
7801,900,1
7802,901,2
7803,902,3
7804,903,4
7805,904,5
7806,905,6
7807,906,7
7808,907,8
7809,908,9
7810,909,10
7811,910,1
7812,911,2
7813,912,3
7814,913,4
7815,914,5
7816,915,6
7817,916,7
7818,917,8
7819,918,9
7820,919,10
7821,920,1
7822,921,2
7823,922,3
7824,923,4
7825,924,5
7826,925,6
7827,926,7
7828,927,8
7829,928,9
7830,929,10
7831,930,1
7832,931,2
7833,932,3
7834,933,4
7835,934,5
7836,935,6
7837,936,7
7838,937,8
7839,938,9
7840,939,10
7841,940,1
7842,941,2
7843,942,3
7844,943,4
7845,944,5
7846,945,6
7847,946,7
7848,947,8
7849,948,9
7850,949,10
7851,950,1
7852,951,2
7853,952,3
7854,953,4
7855,954,5
7856,955,6
7857,956,7
7858,957,8
7859,958,9
7860,959,10
7861,960,1
7862,961,2
7863,962,3
7864,963,4
7865,964,5
7866,965,6
7867,966,7
7868,967,8
7869,968,9
7870,969,10
7871,970,1
7872,971,2
7873,972,3
7874,973,4
7875,974,5
7876,975,6
7877,976,7
7878,977,8
7879,978,9
7880,979,10
7881,980,1
7882,981,2
7883,982,3
7884,983,4
7885,984,5
7886,985,6
7887,986,7
7888,987,8
7889,988,9
7890,989,10
7891,990,1
7892,991,2
7893,992,3
7894,993,4
7895,994,5
7896,995,6
7897,996,7
7898,997,8
7899,998,9
7900,999,10
7901,1000,1
7902,1001,2
7903,1002,3
7904,1003,4
7905,1004,5
7906,1005,6
7907,1006,7
7908,1007,8
7909,1008,9
7910,1009,10
7911,1010,1
7912,1011,2
7913,1012,3
7914,1013,4
7915,1014,5
7916,1015,6
7917,1016,7
7918,1017,8
7919,1018,9
7920,1019,10
7921,1020,1
7922,1021,2
7923,1022,3
7924,1023,4
7925,1024,5
7926,1025,6
7927,1026,7
7928,1027,8
7929,1028,9
7930,1029,10
7931,1030,1
7932,1031,2
7933,1032,3
7934,1033,4
7935,1034,5
7936,1035,6
7937,1036,7
7938,1037,8
7939,1038,9
7940,1039,10
7941,1040,1
7942,1041,2
7943,1042,3
7944,1043,4
7945,1044,5
7946,1045,6
7947,1046,7
7948,1047,8
7949,1048,9
7950,1049,10
7951,1050,1
7952,1051,2
7953,1052,3
7954,1053,4
7955,1054,5
7956,1055,6
7957,1056,7
7958,1057,8
7959,1058,9
7960,1059,10
7961,1060,1
7962,1061,2
7963,1062,3
7964,1063,4
7965,1064,5
7966,1065,6
7967,1066,7
7968,1067,8
7969,1068,9
7970,1069,10
7971,1070,1
7972,1071,2
7973,1072,3
7974,1073,4
7975,1074,5
7976,1075,6
7977,1076,7
7978,1077,8
7979,1078,9
7980,1079,10
7981,1080,1
7982,1081,2
7983,1082,3
7984,1083,4
7985,1084,5
7986,1085,6
7987,1086,7
7988,1087,8
7989,1088,9
7990,1089,10
7991,1090,1
7992,1091,2
7993,1092,3
7994,1093,4
7995,1094,5
7996,1095,6
7997,1096,7
7998,1097,8
7999,1098,9
8000,1099,10
8001,100,1
8002,101,2
8003,102,3
8004,103,4
8005,104,5
8006,105,6
8007,106,7
8008,107,8
8009,108,9
8010,109,10
8011,110,1
8012,111,2
8013,112,3
8014,113,4
8015,114,5
8016,115,6
8017,116,7
8018,117,8
8019,118,9
8020,119,10
8021,120,1
8022,121,2
8023,122,3
8024,123,4
8025,124,5
8026,125,6
8027,126,7
8028,127,8
8029,128,9
8030,129,10
8031,130,1
8032,131,2
8033,132,3
8034,133,4
8035,134,5
8036,135,6
8037,136,7
8038,137,8
8039,138,9
8040,139,10
8041,140,1
8042,141,2
8043,142,3
8044,143,4
8045,144,5
8046,145,6
8047,146,7
8048,147,8
8049,148,9
8050,149,10
8051,150,1
8052,151,2
8053,152,3
8054,153,4
8055,154,5
8056,155,6
8057,156,7
8058,157,8
8059,158,9
8060,159,10
8061,160,1
8062,161,2
8063,162,3
8064,163,4
8065,164,5
8066,165,6
8067,166,7
8068,167,8
8069,168,9
8070,169,10
8071,170,1
8072,171,2
8073,172,3
8074,173,4
8075,174,5
8076,175,6
8077,176,7
8078,177,8
8079,178,9
8080,179,10
8081,180,1
8082,181,2
8083,182,3
8084,183,4
8085,184,5
8086,185,6
8087,186,7
8088,187,8
8089,188,9
8090,189,10
8091,190,1
8092,191,2
8093,192,3
8094,193,4
8095,194,5
8096,195,6
8097,196,7
8098,197,8
8099,198,9
8100,199,10
8101,200,1
8102,201,2
8103,202,3
8104,203,4
8105,204,5
8106,205,6
8107,206,7
8108,207,8
8109,208,9
8110,209,10
8111,210,1
8112,211,2
8113,212,3
8114,213,4
8115,214,5
8116,215,6
8117,216,7
8118,217,8
8119,218,9
8120,219,10
8121,220,1
8122,221,2
8123,222,3
8124,223,4
8125,224,5
8126,225,6
8127,226,7
8128,227,8
8129,228,9
8130,229,10
8131,230,1
8132,231,2
8133,232,3
8134,233,4
8135,234,5
8136,235,6
8137,236,7
8138,237,8
8139,238,9
8140,239,10
8141,240,1
8142,241,2
8143,242,3
8144,243,4
8145,244,5
8146,245,6
8147,246,7
8148,247,8
8149,248,9
8150,249,10
8151,250,1
8152,251,2
8153,252,3
8154,253,4
8155,254,5
8156,255,6
8157,256,7
8158,257,8
8159,258,9
8160,259,10
8161,260,1
8162,261,2
8163,262,3
8164,263,4
8165,264,5
8166,265,6
8167,266,7
8168,267,8
8169,268,9
8170,269,10
8171,270,1
8172,271,2
8173,272,3
8174,273,4
8175,274,5
8176,275,6
8177,276,7
8178,277,8
8179,278,9
8180,279,10
8181,280,1
8182,281,2
8183,282,3
8184,283,4
8185,284,5
8186,285,6
8187,286,7
8188,287,8
8189,288,9
8190,289,10
8191,290,1
8192,291,2
8193,292,3
8194,293,4
8195,294,5
8196,295,6
8197,296,7
8198,297,8
8199,298,9
8200,299,10
8201,300,1
8202,301,2
8203,302,3
8204,303,4
8205,304,5
8206,305,6
8207,306,7
8208,307,8
8209,308,9
8210,309,10
8211,310,1
8212,311,2
8213,312,3
8214,313,4
8215,314,5
8216,315,6
8217,316,7
8218,317,8
8219,318,9
8220,319,10
8221,320,1
8222,321,2
8223,322,3
8224,323,4
8225,324,5
8226,325,6
8227,326,7
8228,327,8
8229,328,9
8230,329,10
8231,330,1
8232,331,2
8233,332,3
8234,333,4
8235,334,5
8236,335,6
8237,336,7
8238,337,8
8239,338,9
8240,339,10
8241,340,1
8242,341,2
8243,342,3
8244,343,4
8245,344,5
8246,345,6
8247,346,7
8248,347,8
8249,348,9
8250,349,10
8251,350,1
8252,351,2
8253,352,3
8254,353,4
8255,354,5
8256,355,6
8257,356,7
8258,357,8
8259,358,9
8260,359,10
8261,360,1
8262,361,2
8263,362,3
8264,363,4
8265,364,5
8266,365,6
8267,366,7
8268,367,8
8269,368,9
8270,369,10
8271,370,1
8272,371,2
8273,372,3
8274,373,4
8275,374,5
8276,375,6
8277,376,7
8278,377,8
8279,378,9
8280,379,10
8281,380,1
8282,381,2
8283,382,3
8284,383,4
8285,384,5
8286,385,6
8287,386,7
8288,387,8
8289,388,9
8290,389,10
8291,390,1
8292,391,2
8293,392,3
8294,393,4
8295,394,5
8296,395,6
8297,396,7
8298,397,8
8299,398,9
8300,399,10
8301,400,1
8302,401,2
8303,402,3
8304,403,4
8305,404,5
8306,405,6
8307,406,7
8308,407,8
8309,408,9
8310,409,10
8311,410,1
8312,411,2
8313,412,3
8314,413,4
8315,414,5
8316,415,6
8317,416,7
8318,417,8
8319,418,9
8320,419,10
8321,420,1
8322,421,2
8323,422,3
8324,423,4
8325,424,5
8326,425,6
8327,426,7
8328,427,8
8329,428,9
8330,429,10
8331,430,1
8332,431,2
8333,432,3
8334,433,4
8335,434,5
8336,435,6
8337,436,7
8338,437,8
8339,438,9
8340,439,10
8341,440,1
8342,441,2
8343,442,3
8344,443,4
8345,444,5
8346,445,6
8347,446,7
8348,447,8
8349,448,9
8350,449,10
8351,450,1
8352,451,2
8353,452,3
8354,453,4
8355,454,5
8356,455,6
8357,456,7
8358,457,8
8359,458,9
8360,459,10
8361,460,1
8362,461,2
8363,462,3
8364,463,4
8365,464,5
8366,465,6
8367,466,7
8368,467,8
8369,468,9
8370,469,10
8371,470,1
8372,471,2
8373,472,3
8374,473,4
8375,474,5
8376,475,6
8377,476,7
8378,477,8
8379,478,9
8380,479,10
8381,480,1
8382,481,2
8383,482,3
8384,483,4
8385,484,5
8386,485,6
8387,486,7
8388,487,8
8389,488,9
8390,489,10
8391,490,1
8392,491,2
8393,492,3
8394,493,4
8395,494,5
8396,495,6
8397,496,7
8398,497,8
8399,498,9
8400,499,10
8401,500,1
8402,501,2
8403,502,3
8404,503,4
8405,504,5
8406,505,6
8407,506,7
8408,507,8
8409,508,9
8410,509,10
8411,510,1
8412,511,2
8413,512,3
8414,513,4
8415,514,5
8416,515,6
8417,516,7
8418,517,8
8419,518,9
8420,519,10
8421,520,1
8422,521,2
8423,522,3
8424,523,4
8425,524,5
8426,525,6
8427,526,7
8428,527,8
8429,528,9
8430,529,10
8431,530,1
8432,531,2
8433,532,3
8434,533,4
8435,534,5
8436,535,6
8437,536,7
8438,537,8
8439,538,9
8440,539,10
8441,540,1
8442,541,2
8443,542,3
8444,543,4
8445,544,5
8446,545,6
8447,546,7
8448,547,8
8449,548,9
8450,549,10
8451,550,1
8452,551,2
8453,552,3
8454,553,4
8455,554,5
8456,555,6
8457,556,7
8458,557,8
8459,558,9
8460,559,10
8461,560,1
8462,561,2
8463,562,3
8464,563,4
8465,564,5
8466,565,6
8467,566,7
8468,567,8
8469,568,9
8470,569,10
8471,570,1
8472,571,2
8473,572,3
8474,573,4
8475,574,5
8476,575,6
8477,576,7
8478,577,8
8479,578,9
8480,579,10
8481,580,1
8482,581,2
8483,582,3
8484,583,4
8485,584,5
8486,585,6
8487,586,7
8488,587,8
8489,588,9
8490,589,10
8491,590,1
8492,591,2
8493,592,3
8494,593,4
8495,594,5
8496,595,6
8497,596,7
8498,597,8
8499,598,9
8500,599,10
8501,600,1
8502,601,2
8503,602,3
8504,603,4
8505,604,5
8506,605,6
8507,606,7
8508,607,8
8509,608,9
8510,609,10
8511,610,1
8512,611,2
8513,612,3
8514,613,4
8515,614,5
8516,615,6
8517,616,7
8518,617,8
8519,618,9
8520,619,10
8521,620,1
8522,621,2
8523,622,3
8524,623,4
8525,624,5
8526,625,6
8527,626,7
8528,627,8
8529,628,9
8530,629,10
8531,630,1
8532,631,2
8533,632,3
8534,633,4
8535,634,5
8536,635,6
8537,636,7
8538,637,8
8539,638,9
8540,639,10
8541,640,1
8542,641,2
8543,642,3
8544,643,4
8545,644,5
8546,645,6
8547,646,7
8548,647,8
8549,648,9
8550,649,10
8551,650,1
8552,651,2
8553,652,3
8554,653,4
8555,654,5
8556,655,6
8557,656,7
8558,657,8
8559,658,9
8560,659,10
8561,660,1
8562,661,2
8563,662,3
8564,663,4
8565,664,5
8566,665,6
8567,666,7
8568,667,8
8569,668,9
8570,669,10
8571,670,1
8572,671,2
8573,672,3
8574,673,4
8575,674,5
8576,675,6
8577,676,7
8578,677,8
8579,678,9
8580,679,10
8581,680,1
8582,681,2
8583,682,3
8584,683,4
8585,684,5
8586,685,6
8587,686,7
8588,687,8
8589,688,9
8590,689,10
8591,690,1
8592,691,2
8593,692,3
8594,693,4
8595,694,5
8596,695,6
8597,696,7
8598,697,8
8599,698,9
8600,699,10
8601,700,1
8602,701,2
8603,702,3
8604,703,4
8605,704,5
8606,705,6
8607,706,7
8608,707,8
8609,708,9
8610,709,10
8611,710,1
8612,711,2
8613,712,3
8614,713,4
8615,714,5
8616,715,6
8617,716,7
8618,717,8
8619,718,9
8620,719,10
8621,720,1
8622,721,2
8623,722,3
8624,723,4
8625,724,5
8626,725,6
8627,726,7
8628,727,8
8629,728,9
8630,729,10
8631,730,1
8632,731,2
8633,732,3
8634,733,4
8635,734,5
8636,735,6
8637,736,7
8638,737,8
8639,738,9
8640,739,10
8641,740,1
8642,741,2
8643,742,3
8644,743,4
8645,744,5
8646,745,6
8647,746,7
8648,747,8
8649,748,9
8650,749,10
8651,750,1
8652,751,2
8653,752,3
8654,753,4
8655,754,5
8656,755,6
8657,756,7
8658,757,8
8659,758,9
8660,759,10
8661,760,1
8662,761,2
8663,762,3
8664,763,4
8665,764,5
8666,765,6
8667,766,7
8668,767,8
8669,768,9
8670,769,10
8671,770,1
8672,771,2
8673,772,3
8674,773,4
8675,774,5
8676,775,6
8677,776,7
8678,777,8
8679,778,9
8680,779,10
8681,780,1
8682,781,2
8683,782,3
8684,783,4
8685,784,5
8686,785,6
8687,786,7
8688,787,8
8689,788,9
8690,789,10
8691,790,1
8692,791,2
8693,792,3
8694,793,4
8695,794,5
8696,795,6
8697,796,7
8698,797,8
8699,798,9
8700,799,10
8701,800,1
8702,801,2
8703,802,3
8704,803,4
8705,804,5
8706,805,6
8707,806,7
8708,807,8
8709,808,9
8710,809,10
8711,810,1
8712,811,2
8713,812,3
8714,813,4
8715,814,5
8716,815,6
8717,816,7
8718,817,8
8719,818,9
8720,819,10
8721,820,1
8722,821,2
8723,822,3
8724,823,4
8725,824,5
8726,825,6
8727,826,7
8728,827,8
8729,828,9
8730,829,10
8731,830,1
8732,831,2
8733,832,3
8734,833,4
8735,834,5
8736,835,6
8737,836,7
8738,837,8
8739,838,9
8740,839,10
8741,840,1
8742,841,2
8743,842,3
8744,843,4
8745,844,5
8746,845,6
8747,846,7
8748,847,8
8749,848,9
8750,849,10
8751,850,1
8752,851,2
8753,852,3
8754,853,4
8755,854,5
8756,855,6
8757,856,7
8758,857,8
8759,858,9
8760,859,10
8761,860,1
8762,861,2
8763,862,3
8764,863,4
8765,864,5
8766,865,6
8767,866,7
8768,867,8
8769,868,9
8770,869,10
8771,870,1
8772,871,2
8773,872,3
8774,873,4
8775,874,5
8776,875,6
8777,876,7
8778,877,8
8779,878,9
8780,879,10
8781,880,1
8782,881,2
8783,882,3
8784,883,4
8785,884,5
8786,885,6
8787,886,7
8788,887,8
8789,888,9
8790,889,10
8791,890,1
8792,891,2
8793,892,3
8794,893,4
8795,894,5
8796,895,6
8797,896,7
8798,897,8
8799,898,9
8800,899,10
8801,900,1
8802,901,2
8803,902,3
8804,903,4
8805,904,5
8806,905,6
8807,906,7
8808,907,8
8809,908,9
8810,909,10
8811,910,1
8812,911,2
8813,912,3
8814,913,4
8815,914,5
8816,915,6
8817,916,7
8818,917,8
8819,918,9
8820,919,10
8821,920,1
8822,921,2
8823,922,3
8824,923,4
8825,924,5
8826,925,6
8827,926,7
8828,927,8
8829,928,9
8830,929,10
8831,930,1
8832,931,2
8833,932,3
8834,933,4
8835,934,5
8836,935,6
8837,936,7
8838,937,8
8839,938,9
8840,939,10
8841,940,1
8842,941,2
8843,942,3
8844,943,4
8845,944,5
8846,945,6
8847,946,7
8848,947,8
8849,948,9
8850,949,10
8851,950,1
8852,951,2
8853,952,3
8854,953,4
8855,954,5
8856,955,6
8857,956,7
8858,957,8
8859,958,9
8860,959,10
8861,960,1
8862,961,2
8863,962,3
8864,963,4
8865,964,5
8866,965,6
8867,966,7
8868,967,8
8869,968,9
8870,969,10
8871,970,1
8872,971,2
8873,972,3
8874,973,4
8875,974,5
8876,975,6
8877,976,7
8878,977,8
8879,978,9
8880,979,10
8881,980,1
8882,981,2
8883,982,3
8884,983,4
8885,984,5
8886,985,6
8887,986,7
8888,987,8
8889,988,9
8890,989,10
8891,990,1
8892,991,2
8893,992,3
8894,993,4
8895,994,5
8896,995,6
8897,996,7
8898,997,8
8899,998,9
8900,999,10
8901,1000,1
8902,1001,2
8903,1002,3
8904,1003,4
8905,1004,5
8906,1005,6
8907,1006,7
8908,1007,8
8909,1008,9
8910,1009,10
8911,1010,1
8912,1011,2
8913,1012,3
8914,1013,4
8915,1014,5
8916,1015,6
8917,1016,7
8918,1017,8
8919,1018,9
8920,1019,10
8921,1020,1
8922,1021,2
8923,1022,3
8924,1023,4
8925,1024,5
8926,1025,6
8927,1026,7
8928,1027,8
8929,1028,9
8930,1029,10
8931,1030,1
8932,1031,2
8933,1032,3
8934,1033,4
8935,1034,5
8936,1035,6
8937,1036,7
8938,1037,8
8939,1038,9
8940,1039,10
8941,1040,1
8942,1041,2
8943,1042,3
8944,1043,4
8945,1044,5
8946,1045,6
8947,1046,7
8948,1047,8
8949,1048,9
8950,1049,10
8951,1050,1
8952,1051,2
8953,1052,3
8954,1053,4
8955,1054,5
8956,1055,6
8957,1056,7
8958,1057,8
8959,1058,9
8960,1059,10
8961,1060,1
8962,1061,2
8963,1062,3
8964,1063,4
8965,1064,5
8966,1065,6
8967,1066,7
8968,1067,8
8969,1068,9
8970,1069,10
8971,1070,1
8972,1071,2
8973,1072,3
8974,1073,4
8975,1074,5
8976,1075,6
8977,1076,7
8978,1077,8
8979,1078,9
8980,1079,10
8981,1080,1
8982,1081,2
8983,1082,3
8984,1083,4
8985,1084,5
8986,1085,6
8987,1086,7
8988,1087,8
8989,1088,9
8990,1089,10
8991,1090,1
8992,1091,2
8993,1092,3
8994,1093,4
8995,1094,5
8996,1095,6
8997,1096,7
8998,1097,8
8999,1098,9
9000,1099,10
9001,100,1
9002,101,2
9003,102,3
9004,103,4
9005,104,5
9006,105,6
9007,106,7
9008,107,8
9009,108,9
9010,109,10
9011,110,1
9012,111,2
9013,112,3
9014,113,4
9015,114,5
9016,115,6
9017,116,7
9018,117,8
9019,118,9
9020,119,10
9021,120,1
9022,121,2
9023,122,3
9024,123,4
9025,124,5
9026,125,6
9027,126,7
9028,127,8
9029,128,9
9030,129,10
9031,130,1
9032,131,2
9033,132,3
9034,133,4
9035,134,5
9036,135,6
9037,136,7
9038,137,8
9039,138,9
9040,139,10
9041,140,1
9042,141,2
9043,142,3
9044,143,4
9045,144,5
9046,145,6
9047,146,7
9048,147,8
9049,148,9
9050,149,10
9051,150,1
9052,151,2
9053,152,3
9054,153,4
9055,154,5
9056,155,6
9057,156,7
9058,157,8
9059,158,9
9060,159,10
9061,160,1
9062,161,2
9063,162,3
9064,163,4
9065,164,5
9066,165,6
9067,166,7
9068,167,8
9069,168,9
9070,169,10
9071,170,1
9072,171,2
9073,172,3
9074,173,4
9075,174,5
9076,175,6
9077,176,7
9078,177,8
9079,178,9
9080,179,10
9081,180,1
9082,181,2
9083,182,3
9084,183,4
9085,184,5
9086,185,6
9087,186,7
9088,187,8
9089,188,9
9090,189,10
9091,190,1
9092,191,2
9093,192,3
9094,193,4
9095,194,5
9096,195,6
9097,196,7
9098,197,8
9099,198,9
9100,199,10
9101,200,1
9102,201,2
9103,202,3
9104,203,4
9105,204,5
9106,205,6
9107,206,7
9108,207,8
9109,208,9
9110,209,10
9111,210,1
9112,211,2
9113,212,3
9114,213,4
9115,214,5
9116,215,6
9117,216,7
9118,217,8
9119,218,9
9120,219,10
9121,220,1
9122,221,2
9123,222,3
9124,223,4
9125,224,5
9126,225,6
9127,226,7
9128,227,8
9129,228,9
9130,229,10
9131,230,1
9132,231,2
9133,232,3
9134,233,4
9135,234,5
9136,235,6
9137,236,7
9138,237,8
9139,238,9
9140,239,10
9141,240,1
9142,241,2
9143,242,3
9144,243,4
9145,244,5
9146,245,6
9147,246,7
9148,247,8
9149,248,9
9150,249,10
9151,250,1
9152,251,2
9153,252,3
9154,253,4
9155,254,5
9156,255,6
9157,256,7
9158,257,8
9159,258,9
9160,259,10
9161,260,1
9162,261,2
9163,262,3
9164,263,4
9165,264,5
9166,265,6
9167,266,7
9168,267,8
9169,268,9
9170,269,10
9171,270,1
9172,271,2
9173,272,3
9174,273,4
9175,274,5
9176,275,6
9177,276,7
9178,277,8
9179,278,9
9180,279,10
9181,280,1
9182,281,2
9183,282,3
9184,283,4
9185,284,5
9186,285,6
9187,286,7
9188,287,8
9189,288,9
9190,289,10
9191,290,1
9192,291,2
9193,292,3
9194,293,4
9195,294,5
9196,295,6
9197,296,7
9198,297,8
9199,298,9
9200,299,10
9201,300,1
9202,301,2
9203,302,3
9204,303,4
9205,304,5
9206,305,6
9207,306,7
9208,307,8
9209,308,9
9210,309,10
9211,310,1
9212,311,2
9213,312,3
9214,313,4
9215,314,5
9216,315,6
9217,316,7
9218,317,8
9219,318,9
9220,319,10
9221,320,1
9222,321,2
9223,322,3
9224,323,4
9225,324,5
9226,325,6
9227,326,7
9228,327,8
9229,328,9
9230,329,10
9231,330,1
9232,331,2
9233,332,3
9234,333,4
9235,334,5
9236,335,6
9237,336,7
9238,337,8
9239,338,9
9240,339,10
9241,340,1
9242,341,2
9243,342,3
9244,343,4
9245,344,5
9246,345,6
9247,346,7
9248,347,8
9249,348,9
9250,349,10
9251,350,1
9252,351,2
9253,352,3
9254,353,4
9255,354,5
9256,355,6
9257,356,7
9258,357,8
9259,358,9
9260,359,10
9261,360,1
9262,361,2
9263,362,3
9264,363,4
9265,364,5
9266,365,6
9267,366,7
9268,367,8
9269,368,9
9270,369,10
9271,370,1
9272,371,2
9273,372,3
9274,373,4
9275,374,5
9276,375,6
9277,376,7
9278,377,8
9279,378,9
9280,379,10
9281,380,1
9282,381,2
9283,382,3
9284,383,4
9285,384,5
9286,385,6
9287,386,7
9288,387,8
9289,388,9
9290,389,10
9291,390,1
9292,391,2
9293,392,3
9294,393,4
9295,394,5
9296,395,6
9297,396,7
9298,397,8
9299,398,9
9300,399,10
9301,400,1
9302,401,2
9303,402,3
9304,403,4
9305,404,5
9306,405,6
9307,406,7
9308,407,8
9309,408,9
9310,409,10
9311,410,1
9312,411,2
9313,412,3
9314,413,4
9315,414,5
9316,415,6
9317,416,7
9318,417,8
9319,418,9
9320,419,10
9321,420,1
9322,421,2
9323,422,3
9324,423,4
9325,424,5
9326,425,6
9327,426,7
9328,427,8
9329,428,9
9330,429,10
9331,430,1
9332,431,2
9333,432,3
9334,433,4
9335,434,5
9336,435,6
9337,436,7
9338,437,8
9339,438,9
9340,439,10
9341,440,1
9342,441,2
9343,442,3
9344,443,4
9345,444,5
9346,445,6
9347,446,7
9348,447,8
9349,448,9
9350,449,10
9351,450,1
9352,451,2
9353,452,3
9354,453,4
9355,454,5
9356,455,6
9357,456,7
9358,457,8
9359,458,9
9360,459,10
9361,460,1
9362,461,2
9363,462,3
9364,463,4
9365,464,5
9366,465,6
9367,466,7
9368,467,8
9369,468,9
9370,469,10
9371,470,1
9372,471,2
9373,472,3
9374,473,4
9375,474,5
9376,475,6
9377,476,7
9378,477,8
9379,478,9
9380,479,10
9381,480,1
9382,481,2
9383,482,3
9384,483,4
9385,484,5
9386,485,6
9387,486,7
9388,487,8
9389,488,9
9390,489,10
9391,490,1
9392,491,2
9393,492,3
9394,493,4
9395,494,5
9396,495,6
9397,496,7
9398,497,8
9399,498,9
9400,499,10
9401,500,1
9402,501,2
9403,502,3
9404,503,4
9405,504,5
9406,505,6
9407,506,7
9408,507,8
9409,508,9
9410,509,10
9411,510,1
9412,511,2
9413,512,3
9414,513,4
9415,514,5
9416,515,6
9417,516,7
9418,517,8
9419,518,9
9420,519,10
9421,520,1
9422,521,2
9423,522,3
9424,523,4
9425,524,5
9426,525,6
9427,526,7
9428,527,8
9429,528,9
9430,529,10
9431,530,1
9432,531,2
9433,532,3
9434,533,4
9435,534,5
9436,535,6
9437,536,7
9438,537,8
9439,538,9
9440,539,10
9441,540,1
9442,541,2
9443,542,3
9444,543,4
9445,544,5
9446,545,6
9447,546,7
9448,547,8
9449,548,9
9450,549,10
9451,550,1
9452,551,2
9453,552,3
9454,553,4
9455,554,5
9456,555,6
9457,556,7
9458,557,8
9459,558,9
9460,559,10
9461,560,1
9462,561,2
9463,562,3
9464,563,4
9465,564,5
9466,565,6
9467,566,7
9468,567,8
9469,568,9
9470,569,10
9471,570,1
9472,571,2
9473,572,3
9474,573,4
9475,574,5
9476,575,6
9477,576,7
9478,577,8
9479,578,9
9480,579,10
9481,580,1
9482,581,2
9483,582,3
9484,583,4
9485,584,5
9486,585,6
9487,586,7
9488,587,8
9489,588,9
9490,589,10
9491,590,1
9492,591,2
9493,592,3
9494,593,4
9495,594,5
9496,595,6
9497,596,7
9498,597,8
9499,598,9
9500,599,10
9501,600,1
9502,601,2
9503,602,3
9504,603,4
9505,604,5
9506,605,6
9507,606,7
9508,607,8
9509,608,9
9510,609,10
9511,610,1
9512,611,2
9513,612,3
9514,613,4
9515,614,5
9516,615,6
9517,616,7
9518,617,8
9519,618,9
9520,619,10
9521,620,1
9522,621,2
9523,622,3
9524,623,4
9525,624,5
9526,625,6
9527,626,7
9528,627,8
9529,628,9
9530,629,10
9531,630,1
9532,631,2
9533,632,3
9534,633,4
9535,634,5
9536,635,6
9537,636,7
9538,637,8
9539,638,9
9540,639,10
9541,640,1
9542,641,2
9543,642,3
9544,643,4
9545,644,5
9546,645,6
9547,646,7
9548,647,8
9549,648,9
9550,649,10
9551,650,1
9552,651,2
9553,652,3
9554,653,4
9555,654,5
9556,655,6
9557,656,7
9558,657,8
9559,658,9
9560,659,10
9561,660,1
9562,661,2
9563,662,3
9564,663,4
9565,664,5
9566,665,6
9567,666,7
9568,667,8
9569,668,9
9570,669,10
9571,670,1
9572,671,2
9573,672,3
9574,673,4
9575,674,5
9576,675,6
9577,676,7
9578,677,8
9579,678,9
9580,679,10
9581,680,1
9582,681,2
9583,682,3
9584,683,4
9585,684,5
9586,685,6
9587,686,7
9588,687,8
9589,688,9
9590,689,10
9591,690,1
9592,691,2
9593,692,3
9594,693,4
9595,694,5
9596,695,6
9597,696,7
9598,697,8
9599,698,9
9600,699,10
9601,700,1
9602,701,2
9603,702,3
9604,703,4
9605,704,5
9606,705,6
9607,706,7
9608,707,8
9609,708,9
9610,709,10
9611,710,1
9612,711,2
9613,712,3
9614,713,4
9615,714,5
9616,715,6
9617,716,7
9618,717,8
9619,718,9
9620,719,10
9621,720,1
9622,721,2
9623,722,3
9624,723,4
9625,724,5
9626,725,6
9627,726,7
9628,727,8
9629,728,9
9630,729,10
9631,730,1
9632,731,2
9633,732,3
9634,733,4
9635,734,5
9636,735,6
9637,736,7
9638,737,8
9639,738,9
9640,739,10
9641,740,1
9642,741,2
9643,742,3
9644,743,4
9645,744,5
9646,745,6
9647,746,7
9648,747,8
9649,748,9
9650,749,10
9651,750,1
9652,751,2
9653,752,3
9654,753,4
9655,754,5
9656,755,6
9657,756,7
9658,757,8
9659,758,9
9660,759,10
9661,760,1
9662,761,2
9663,762,3
9664,763,4
9665,764,5
9666,765,6
9667,766,7
9668,767,8
9669,768,9
9670,769,10
9671,770,1
9672,771,2
9673,772,3
9674,773,4
9675,774,5
9676,775,6
9677,776,7
9678,777,8
9679,778,9
9680,779,10
9681,780,1
9682,781,2
9683,782,3
9684,783,4
9685,784,5
9686,785,6
9687,786,7
9688,787,8
9689,788,9
9690,789,10
9691,790,1
9692,791,2
9693,792,3
9694,793,4
9695,794,5
9696,795,6
9697,796,7
9698,797,8
9699,798,9
9700,799,10
9701,800,1
9702,801,2
9703,802,3
9704,803,4
9705,804,5
9706,805,6
9707,806,7
9708,807,8
9709,808,9
9710,809,10
9711,810,1
9712,811,2
9713,812,3
9714,813,4
9715,814,5
9716,815,6
9717,816,7
9718,817,8
9719,818,9
9720,819,10
9721,820,1
9722,821,2
9723,822,3
9724,823,4
9725,824,5
9726,825,6
9727,826,7
9728,827,8
9729,828,9
9730,829,10
9731,830,1
9732,831,2
9733,832,3
9734,833,4
9735,834,5
9736,835,6
9737,836,7
9738,837,8
9739,838,9
9740,839,10
9741,840,1
9742,841,2
9743,842,3
9744,843,4
9745,844,5
9746,845,6
9747,846,7
9748,847,8
9749,848,9
9750,849,10
9751,850,1
9752,851,2
9753,852,3
9754,853,4
9755,854,5
9756,855,6
9757,856,7
9758,857,8
9759,858,9
9760,859,10
9761,860,1
9762,861,2
9763,862,3
9764,863,4
9765,864,5
9766,865,6
9767,866,7
9768,867,8
9769,868,9
9770,869,10
9771,870,1
9772,871,2
9773,872,3
9774,873,4
9775,874,5
9776,875,6
9777,876,7
9778,877,8
9779,878,9
9780,879,10
9781,880,1
9782,881,2
9783,882,3
9784,883,4
9785,884,5
9786,885,6
9787,886,7
9788,887,8
9789,888,9
9790,889,10
9791,890,1
9792,891,2
9793,892,3
9794,893,4
9795,894,5
9796,895,6
9797,896,7
9798,897,8
9799,898,9
9800,899,10
9801,900,1
9802,901,2
9803,902,3
9804,903,4
9805,904,5
9806,905,6
9807,906,7
9808,907,8
9809,908,9
9810,909,10
9811,910,1
9812,911,2
9813,912,3
9814,913,4
9815,914,5
9816,915,6
9817,916,7
9818,917,8
9819,918,9
9820,919,10
9821,920,1
9822,921,2
9823,922,3
9824,923,4
9825,924,5
9826,925,6
9827,926,7
9828,927,8
9829,928,9
9830,929,10
9831,930,1
9832,931,2
9833,932,3
9834,933,4
9835,934,5
9836,935,6
9837,936,7
9838,937,8
9839,938,9
9840,939,10
9841,940,1
9842,941,2
9843,942,3
9844,943,4
9845,944,5
9846,945,6
9847,946,7
9848,947,8
9849,948,9
9850,949,10
9851,950,1
9852,951,2
9853,952,3
9854,953,4
9855,954,5
9856,955,6
9857,956,7
9858,957,8
9859,958,9
9860,959,10
9861,960,1
9862,961,2
9863,962,3
9864,963,4
9865,964,5
9866,965,6
9867,966,7
9868,967,8
9869,968,9
9870,969,10
9871,970,1
9872,971,2
9873,972,3
9874,973,4
9875,974,5
9876,975,6
9877,976,7
9878,977,8
9879,978,9
9880,979,10
9881,980,1
9882,981,2
9883,982,3
9884,983,4
9885,984,5
9886,985,6
9887,986,7
9888,987,8
9889,988,9
9890,989,10
9891,990,1
9892,991,2
9893,992,3
9894,993,4
9895,994,5
9896,995,6
9897,996,7
9898,997,8
9899,998,9
9900,999,10
9901,1000,1
9902,1001,2
9903,1002,3
9904,1003,4
9905,1004,5
9906,1005,6
9907,1006,7
9908,1007,8
9909,1008,9
9910,1009,10
9911,1010,1
9912,1011,2
9913,1012,3
9914,1013,4
9915,1014,5
9916,1015,6
9917,1016,7
9918,1017,8
9919,1018,9
9920,1019,10
9921,1020,1
9922,1021,2
9923,1022,3
9924,1023,4
9925,1024,5
9926,1025,6
9927,1026,7
9928,1027,8
9929,1028,9
9930,1029,10
9931,1030,1
9932,1031,2
9933,1032,3
9934,1033,4
9935,1034,5
9936,1035,6
9937,1036,7
9938,1037,8
9939,1038,9
9940,1039,10
9941,1040,1
9942,1041,2
9943,1042,3
9944,1043,4
9945,1044,5
9946,1045,6
9947,1046,7
9948,1047,8
9949,1048,9
9950,1049,10
9951,1050,1
9952,1051,2
9953,1052,3
9954,1053,4
9955,1054,5
9956,1055,6
9957,1056,7
9958,1057,8
9959,1058,9
9960,1059,10
9961,1060,1
9962,1061,2
9963,1062,3
9964,1063,4
9965,1064,5
9966,1065,6
9967,1066,7
9968,1067,8
9969,1068,9
9970,1069,10
9971,1070,1
9972,1071,2
9973,1072,3
9974,1073,4
9975,1074,5
9976,1075,6
9977,1076,7
9978,1077,8
9979,1078,9
9980,1079,10
9981,1080,1
9982,1081,2
9983,1082,3
9984,1083,4
9985,1084,5
9986,1085,6
9987,1086,7
9988,1087,8
9989,1088,9
9990,1089,10
9991,1090,1
9992,1091,2
9993,1092,3
9994,1093,4
9995,1094,5
9996,1095,6
9997,1096,7
9998,1097,8
9999,1098,9
10000,1099,10
10001,100,1
10002,101,2
10003,102,3
10004,103,4
10005,104,5
10006,105,6
10007,106,7
10008,107,8
10009,108,9
10010,109,10
10011,110,1
10012,111,2
10013,112,3
10014,113,4
10015,114,5
10016,115,6
10017,116,7
10018,117,8
10019,118,9
10020,119,10
10021,120,1
10022,121,2
10023,122,3
10024,123,4
10025,124,5
10026,125,6
10027,126,7
10028,127,8
10029,128,9
10030,129,10
10031,130,1
10032,131,2
10033,132,3
10034,133,4
10035,134,5
10036,135,6
10037,136,7
10038,137,8
10039,138,9
10040,139,10
10041,140,1
10042,141,2
10043,142,3
10044,143,4
10045,144,5
10046,145,6
10047,146,7
10048,147,8
10049,148,9
10050,149,10
10051,150,1
10052,151,2
10053,152,3
10054,153,4
10055,154,5
10056,155,6
10057,156,7
10058,157,8
10059,158,9
10060,159,10
10061,160,1
10062,161,2
10063,162,3
10064,163,4
10065,164,5
10066,165,6
10067,166,7
10068,167,8
10069,168,9
10070,169,10
10071,170,1
10072,171,2
10073,172,3
10074,173,4
10075,174,5
10076,175,6
10077,176,7
10078,177,8
10079,178,9
10080,179,10
10081,180,1
10082,181,2
10083,182,3
10084,183,4
10085,184,5
10086,185,6
10087,186,7
10088,187,8
10089,188,9
10090,189,10
10091,190,1
10092,191,2
10093,192,3
10094,193,4
10095,194,5
10096,195,6
10097,196,7
10098,197,8
10099,198,9
10100,199,10
10101,200,1
10102,201,2
10103,202,3
10104,203,4
10105,204,5
10106,205,6
10107,206,7
10108,207,8
10109,208,9
10110,209,10
10111,210,1
10112,211,2
10113,212,3
10114,213,4
10115,214,5
10116,215,6
10117,216,7
10118,217,8
10119,218,9
10120,219,10
10121,220,1
10122,221,2
10123,222,3
10124,223,4
10125,224,5
10126,225,6
10127,226,7
10128,227,8
10129,228,9
10130,229,10
10131,230,1
10132,231,2
10133,232,3
10134,233,4
10135,234,5
10136,235,6
10137,236,7
10138,237,8
10139,238,9
10140,239,10
10141,240,1
10142,241,2
10143,242,3
10144,243,4
10145,244,5
10146,245,6
10147,246,7
10148,247,8
10149,248,9
10150,249,10
10151,250,1
10152,251,2
10153,252,3
10154,253,4
10155,254,5
10156,255,6
10157,256,7
10158,257,8
10159,258,9
10160,259,10
10161,260,1
10162,261,2
10163,262,3
10164,263,4
10165,264,5
10166,265,6
10167,266,7
10168,267,8
10169,268,9
10170,269,10
10171,270,1
10172,271,2
10173,272,3
10174,273,4
10175,274,5
10176,275,6
10177,276,7
10178,277,8
10179,278,9
10180,279,10
10181,280,1
10182,281,2
10183,282,3
10184,283,4
10185,284,5
10186,285,6
10187,286,7
10188,287,8
10189,288,9
10190,289,10
10191,290,1
10192,291,2
10193,292,3
10194,293,4
10195,294,5
10196,295,6
10197,296,7
10198,297,8
10199,298,9
10200,299,10
10201,300,1
10202,301,2
10203,302,3
10204,303,4
10205,304,5
10206,305,6
10207,306,7
10208,307,8
10209,308,9
10210,309,10
10211,310,1
10212,311,2
10213,312,3
10214,313,4
10215,314,5
10216,315,6
10217,316,7
10218,317,8
10219,318,9
10220,319,10
10221,320,1
10222,321,2
10223,322,3
10224,323,4
10225,324,5
10226,325,6
10227,326,7
10228,327,8
10229,328,9
10230,329,10
10231,330,1
10232,331,2
10233,332,3
10234,333,4
10235,334,5
10236,335,6
10237,336,7
10238,337,8
10239,338,9
10240,339,10
10241,340,1
10242,341,2
10243,342,3
10244,343,4
10245,344,5
10246,345,6
10247,346,7
10248,347,8
10249,348,9
10250,349,10
10251,350,1
10252,351,2
10253,352,3
10254,353,4
10255,354,5
10256,355,6
10257,356,7
10258,357,8
10259,358,9
10260,359,10
10261,360,1
10262,361,2
10263,362,3
10264,363,4
10265,364,5
10266,365,6
10267,366,7
10268,367,8
10269,368,9
10270,369,10
10271,370,1
10272,371,2
10273,372,3
10274,373,4
10275,374,5
10276,375,6
10277,376,7
10278,377,8
10279,378,9
10280,379,10
10281,380,1
10282,381,2
10283,382,3
10284,383,4
10285,384,5
10286,385,6
10287,386,7
10288,387,8
10289,388,9
10290,389,10
10291,390,1
10292,391,2
10293,392,3
10294,393,4
10295,394,5
10296,395,6
10297,396,7
10298,397,8
10299,398,9
10300,399,10
10301,400,1
10302,401,2
10303,402,3
10304,403,4
10305,404,5
10306,405,6
10307,406,7
10308,407,8
10309,408,9
10310,409,10
10311,410,1
10312,411,2
10313,412,3
10314,413,4
10315,414,5
10316,415,6
10317,416,7
10318,417,8
10319,418,9
10320,419,10
10321,420,1
10322,421,2
10323,422,3
10324,423,4
10325,424,5
10326,425,6
10327,426,7
10328,427,8
10329,428,9
10330,429,10
10331,430,1
10332,431,2
10333,432,3
10334,433,4
10335,434,5
10336,435,6
10337,436,7
10338,437,8
10339,438,9
10340,439,10
10341,440,1
10342,441,2
10343,442,3
10344,443,4
10345,444,5
10346,445,6
10347,446,7
10348,447,8
10349,448,9
10350,449,10
10351,450,1
10352,451,2
10353,452,3
10354,453,4
10355,454,5
10356,455,6
10357,456,7
10358,457,8
10359,458,9
10360,459,10
10361,460,1
10362,461,2
10363,462,3
10364,463,4
10365,464,5
10366,465,6
10367,466,7
10368,467,8
10369,468,9
10370,469,10
10371,470,1
10372,471,2
10373,472,3
10374,473,4
10375,474,5
10376,475,6
10377,476,7
10378,477,8
10379,478,9
10380,479,10
10381,480,1
10382,481,2
10383,482,3
10384,483,4
10385,484,5
10386,485,6
10387,486,7
10388,487,8
10389,488,9
10390,489,10
10391,490,1
10392,491,2
10393,492,3
10394,493,4
10395,494,5
10396,495,6
10397,496,7
10398,497,8
10399,498,9
10400,499,10
10401,500,1
10402,501,2
10403,502,3
10404,503,4
10405,504,5
10406,505,6
10407,506,7
10408,507,8
10409,508,9
10410,509,10
10411,510,1
10412,511,2
10413,512,3
10414,513,4
10415,514,5
10416,515,6
10417,516,7
10418,517,8
10419,518,9
10420,519,10
10421,520,1
10422,521,2
10423,522,3
10424,523,4
10425,524,5
10426,525,6
10427,526,7
10428,527,8
10429,528,9
10430,529,10
10431,530,1
10432,531,2
10433,532,3
10434,533,4
10435,534,5
10436,535,6
10437,536,7
10438,537,8
10439,538,9
10440,539,10
10441,540,1
10442,541,2
10443,542,3
10444,543,4
10445,544,5
10446,545,6
10447,546,7
10448,547,8
10449,548,9
10450,549,10
10451,550,1
10452,551,2
10453,552,3
10454,553,4
10455,554,5
10456,555,6
10457,556,7
10458,557,8
10459,558,9
10460,559,10
10461,560,1
10462,561,2
10463,562,3
10464,563,4
10465,564,5
10466,565,6
10467,566,7
10468,567,8
10469,568,9
10470,569,10
10471,570,1
10472,571,2
10473,572,3
10474,573,4
10475,574,5
10476,575,6
10477,576,7
10478,577,8
10479,578,9
10480,579,10
10481,580,1
10482,581,2
10483,582,3
10484,583,4
10485,584,5
10486,585,6
10487,586,7
10488,587,8
10489,588,9
10490,589,10
10491,590,1
10492,591,2
10493,592,3
10494,593,4
10495,594,5
10496,595,6
10497,596,7
10498,597,8
10499,598,9
10500,599,10
10501,600,1
10502,601,2
10503,602,3
10504,603,4
10505,604,5
10506,605,6
10507,606,7
10508,607,8
10509,608,9
10510,609,10
10511,610,1
10512,611,2
10513,612,3
10514,613,4
10515,614,5
10516,615,6
10517,616,7
10518,617,8
10519,618,9
10520,619,10
10521,620,1
10522,621,2
10523,622,3
10524,623,4
10525,624,5
10526,625,6
10527,626,7
10528,627,8
10529,628,9
10530,629,10
10531,630,1
10532,631,2
10533,632,3
10534,633,4
10535,634,5
10536,635,6
10537,636,7
10538,637,8
10539,638,9
10540,639,10
10541,640,1
10542,641,2
10543,642,3
10544,643,4
10545,644,5
10546,645,6
10547,646,7
10548,647,8
10549,648,9
10550,649,10
10551,650,1
10552,651,2
10553,652,3
10554,653,4
10555,654,5
10556,655,6
10557,656,7
10558,657,8
10559,658,9
10560,659,10
10561,660,1
10562,661,2
10563,662,3
10564,663,4
10565,664,5
10566,665,6
10567,666,7
10568,667,8
10569,668,9
10570,669,10
10571,670,1
10572,671,2
10573,672,3
10574,673,4
10575,674,5
10576,675,6
10577,676,7
10578,677,8
10579,678,9
10580,679,10
10581,680,1
10582,681,2
10583,682,3
10584,683,4
10585,684,5
10586,685,6
10587,686,7
10588,687,8
10589,688,9
10590,689,10
10591,690,1
10592,691,2
10593,692,3
10594,693,4
10595,694,5
10596,695,6
10597,696,7
10598,697,8
10599,698,9
10600,699,10
10601,700,1
10602,701,2
10603,702,3
10604,703,4
10605,704,5
10606,705,6
10607,706,7
10608,707,8
10609,708,9
10610,709,10
10611,710,1
10612,711,2
10613,712,3
10614,713,4
10615,714,5
10616,715,6
10617,716,7
10618,717,8
10619,718,9
10620,719,10
10621,720,1
10622,721,2
10623,722,3
10624,723,4
10625,724,5
10626,725,6
10627,726,7
10628,727,8
10629,728,9
10630,729,10
10631,730,1
10632,731,2
10633,732,3
10634,733,4
10635,734,5
10636,735,6
10637,736,7
10638,737,8
10639,738,9
10640,739,10
10641,740,1
10642,741,2
10643,742,3
10644,743,4
10645,744,5
10646,745,6
10647,746,7
10648,747,8
10649,748,9
10650,749,10
10651,750,1
10652,751,2
10653,752,3
10654,753,4
10655,754,5
10656,755,6
10657,756,7
10658,757,8
10659,758,9
10660,759,10
10661,760,1
10662,761,2
10663,762,3
10664,763,4
10665,764,5
10666,765,6
10667,766,7
10668,767,8
10669,768,9
10670,769,10
10671,770,1
10672,771,2
10673,772,3
10674,773,4
10675,774,5
10676,775,6
10677,776,7
10678,777,8
10679,778,9
10680,779,10
10681,780,1
10682,781,2
10683,782,3
10684,783,4
10685,784,5
10686,785,6
10687,786,7
10688,787,8
10689,788,9
10690,789,10
10691,790,1
10692,791,2
10693,792,3
10694,793,4
10695,794,5
10696,795,6
10697,796,7
10698,797,8
10699,798,9
10700,799,10
10701,800,1
10702,801,2
10703,802,3
10704,803,4
10705,804,5
10706,805,6
10707,806,7
10708,807,8
10709,808,9
10710,809,10
10711,810,1
10712,811,2
10713,812,3
10714,813,4
10715,814,5
10716,815,6
10717,816,7
10718,817,8
10719,818,9
10720,819,10
10721,820,1
10722,821,2
10723,822,3
10724,823,4
10725,824,5
10726,825,6
10727,826,7
10728,827,8
10729,828,9
10730,829,10
10731,830,1
10732,831,2
10733,832,3
10734,833,4
10735,834,5
10736,835,6
10737,836,7
10738,837,8
10739,838,9
10740,839,10
10741,840,1
10742,841,2
10743,842,3
10744,843,4
10745,844,5
10746,845,6
10747,846,7
10748,847,8
10749,848,9
10750,849,10
10751,850,1
10752,851,2
10753,852,3
10754,853,4
10755,854,5
10756,855,6
10757,856,7
10758,857,8
10759,858,9
10760,859,10
10761,860,1
10762,861,2
10763,862,3
10764,863,4
10765,864,5
10766,865,6
10767,866,7
10768,867,8
10769,868,9
10770,869,10
10771,870,1
10772,871,2
10773,872,3
10774,873,4
10775,874,5
10776,875,6
10777,876,7
10778,877,8
10779,878,9
10780,879,10
10781,880,1
10782,881,2
10783,882,3
10784,883,4
10785,884,5
10786,885,6
10787,886,7
10788,887,8
10789,888,9
10790,889,10
10791,890,1
10792,891,2
10793,892,3
10794,893,4
10795,894,5
10796,895,6
10797,896,7
10798,897,8
10799,898,9
10800,899,10
10801,900,1
10802,901,2
10803,902,3
10804,903,4
10805,904,5
10806,905,6
10807,906,7
10808,907,8
10809,908,9
10810,909,10
10811,910,1
10812,911,2
10813,912,3
10814,913,4
10815,914,5
10816,915,6
10817,916,7
10818,917,8
10819,918,9
10820,919,10
10821,920,1
10822,921,2
10823,922,3
10824,923,4
10825,924,5
10826,925,6
10827,926,7
10828,927,8
10829,928,9
10830,929,10
10831,930,1
10832,931,2
10833,932,3
10834,933,4
10835,934,5
10836,935,6
10837,936,7
10838,937,8
10839,938,9
10840,939,10
10841,940,1
10842,941,2
10843,942,3
10844,943,4
10845,944,5
10846,945,6
10847,946,7
10848,947,8
10849,948,9
10850,949,10
10851,950,1
10852,951,2
10853,952,3
10854,953,4
10855,954,5
10856,955,6
10857,956,7
10858,957,8
10859,958,9
10860,959,10
10861,960,1
10862,961,2
10863,962,3
10864,963,4
10865,964,5
10866,965,6
10867,966,7
10868,967,8
10869,968,9
10870,969,10
10871,970,1
10872,971,2
10873,972,3
10874,973,4
10875,974,5
10876,975,6
10877,976,7
10878,977,8
10879,978,9
10880,979,10
10881,980,1
10882,981,2
10883,982,3
10884,983,4
10885,984,5
10886,985,6
10887,986,7
10888,987,8
10889,988,9
10890,989,10
10891,990,1
10892,991,2
10893,992,3
10894,993,4
10895,994,5
10896,995,6
10897,996,7
10898,997,8
10899,998,9
10900,999,10
10901,1000,1
10902,1001,2
10903,1002,3
10904,1003,4
10905,1004,5
10906,1005,6
10907,1006,7
10908,1007,8
10909,1008,9
10910,1009,10
10911,1010,1
10912,1011,2
10913,1012,3
10914,1013,4
10915,1014,5
10916,1015,6
10917,1016,7
10918,1017,8
10919,1018,9
10920,1019,10
10921,1020,1
10922,1021,2
10923,1022,3
10924,1023,4
10925,1024,5
10926,1025,6
10927,1026,7
10928,1027,8
10929,1028,9
10930,1029,10
10931,1030,1
10932,1031,2
10933,1032,3
10934,1033,4
10935,1034,5
10936,1035,6
10937,1036,7
10938,1037,8
10939,1038,9
10940,1039,10
10941,1040,1
10942,1041,2
10943,1042,3
10944,1043,4
10945,1044,5
10946,1045,6
10947,1046,7
10948,1047,8
10949,1048,9
10950,1049,10
10951,1050,1
10952,1051,2
10953,1052,3
10954,1053,4
10955,1054,5
10956,1055,6
10957,1056,7
10958,1057,8
10959,1058,9
10960,1059,10
10961,1060,1
10962,1061,2
10963,1062,3
10964,1063,4
10965,1064,5
10966,1065,6
10967,1066,7
10968,1067,8
10969,1068,9
10970,1069,10
10971,1070,1
10972,1071,2
10973,1072,3
10974,1073,4
10975,1074,5
10976,1075,6
10977,1076,7
10978,1077,8
10979,1078,9
10980,1079,10
10981,1080,1
10982,1081,2
10983,1082,3
10984,1083,4
10985,1084,5
10986,1085,6
10987,1086,7
10988,1087,8
10989,1088,9
10990,1089,10
10991,1090,1
10992,1091,2
10993,1092,3
10994,1093,4
10995,1094,5
10996,1095,6
10997,1096,7
10998,1097,8
10999,1098,9
11000,1099,10
11001,100,1
11002,101,2
11003,102,3
11004,103,4
11005,104,5
11006,105,6
11007,106,7
11008,107,8
11009,108,9
11010,109,10
11011,110,1
11012,111,2
11013,112,3
11014,113,4
11015,114,5
11016,115,6
11017,116,7
11018,117,8
11019,118,9
11020,119,10
11021,120,1
11022,121,2
11023,122,3
11024,123,4
11025,124,5
11026,125,6
11027,126,7
11028,127,8
11029,128,9
11030,129,10
11031,130,1
11032,131,2
11033,132,3
11034,133,4
11035,134,5
11036,135,6
11037,136,7
11038,137,8
11039,138,9
11040,139,10
11041,140,1
11042,141,2
11043,142,3
11044,143,4
11045,144,5
11046,145,6
11047,146,7
11048,147,8
11049,148,9
11050,149,10
11051,150,1
11052,151,2
11053,152,3
11054,153,4
11055,154,5
11056,155,6
11057,156,7
11058,157,8
11059,158,9
11060,159,10
11061,160,1
11062,161,2
11063,162,3
11064,163,4
11065,164,5
11066,165,6
11067,166,7
11068,167,8
11069,168,9
11070,169,10
11071,170,1
11072,171,2
11073,172,3
11074,173,4
11075,174,5
11076,175,6
11077,176,7
11078,177,8
11079,178,9
11080,179,10
11081,180,1
11082,181,2
11083,182,3
11084,183,4
11085,184,5
11086,185,6
11087,186,7
11088,187,8
11089,188,9
11090,189,10
11091,190,1
11092,191,2
11093,192,3
11094,193,4
11095,194,5
11096,195,6
11097,196,7
11098,197,8
11099,198,9
11100,199,10
11101,200,1
11102,201,2
11103,202,3
11104,203,4
11105,204,5
11106,205,6
11107,206,7
11108,207,8
11109,208,9
11110,209,10
11111,210,1
11112,211,2
11113,212,3
11114,213,4
11115,214,5
11116,215,6
11117,216,7
11118,217,8
11119,218,9
11120,219,10
11121,220,1
11122,221,2
11123,222,3
11124,223,4
11125,224,5
11126,225,6
11127,226,7
11128,227,8
11129,228,9
11130,229,10
11131,230,1
11132,231,2
11133,232,3
11134,233,4
11135,234,5
11136,235,6
11137,236,7
11138,237,8
11139,238,9
11140,239,10
11141,240,1
11142,241,2
11143,242,3
11144,243,4
11145,244,5
11146,245,6
11147,246,7
11148,247,8
11149,248,9
11150,249,10
11151,250,1
11152,251,2
11153,252,3
11154,253,4
11155,254,5
11156,255,6
11157,256,7
11158,257,8
11159,258,9
11160,259,10
11161,260,1
11162,261,2
11163,262,3
11164,263,4
11165,264,5
11166,265,6
11167,266,7
11168,267,8
11169,268,9
11170,269,10
11171,270,1
11172,271,2
11173,272,3
11174,273,4
11175,274,5
11176,275,6
11177,276,7
11178,277,8
11179,278,9
11180,279,10
11181,280,1
11182,281,2
11183,282,3
11184,283,4
11185,284,5
11186,285,6
11187,286,7
11188,287,8
11189,288,9
11190,289,10
11191,290,1
11192,291,2
11193,292,3
11194,293,4
11195,294,5
11196,295,6
11197,296,7
11198,297,8
11199,298,9
11200,299,10
11201,300,1
11202,301,2
11203,302,3
11204,303,4
11205,304,5
11206,305,6
11207,306,7
11208,307,8
11209,308,9
11210,309,10
11211,310,1
11212,311,2
11213,312,3
11214,313,4
11215,314,5
11216,315,6
11217,316,7
11218,317,8
11219,318,9
11220,319,10
11221,320,1
11222,321,2
11223,322,3
11224,323,4
11225,324,5
11226,325,6
11227,326,7
11228,327,8
11229,328,9
11230,329,10
11231,330,1
11232,331,2
11233,332,3
11234,333,4
11235,334,5
11236,335,6
11237,336,7
11238,337,8
11239,338,9
11240,339,10
11241,340,1
11242,341,2
11243,342,3
11244,343,4
11245,344,5
11246,345,6
11247,346,7
11248,347,8
11249,348,9
11250,349,10
11251,350,1
11252,351,2
11253,352,3
11254,353,4
11255,354,5
11256,355,6
11257,356,7
11258,357,8
11259,358,9
11260,359,10
11261,360,1
11262,361,2
11263,362,3
11264,363,4
11265,364,5
11266,365,6
11267,366,7
11268,367,8
11269,368,9
11270,369,10
11271,370,1
11272,371,2
11273,372,3
11274,373,4
11275,374,5
11276,375,6
11277,376,7
11278,377,8
11279,378,9
11280,379,10
11281,380,1
11282,381,2
11283,382,3
11284,383,4
11285,384,5
11286,385,6
11287,386,7
11288,387,8
11289,388,9
11290,389,10
11291,390,1
11292,391,2
11293,392,3
11294,393,4
11295,394,5
11296,395,6
11297,396,7
11298,397,8
11299,398,9
11300,399,10
11301,400,1
11302,401,2
11303,402,3
11304,403,4
11305,404,5
11306,405,6
11307,406,7
11308,407,8
11309,408,9
11310,409,10
11311,410,1
11312,411,2
11313,412,3
11314,413,4
11315,414,5
11316,415,6
11317,416,7
11318,417,8
11319,418,9
11320,419,10
11321,420,1
11322,421,2
11323,422,3
11324,423,4
11325,424,5
11326,425,6
11327,426,7
11328,427,8
11329,428,9
11330,429,10
11331,430,1
11332,431,2
11333,432,3
11334,433,4
11335,434,5
11336,435,6
11337,436,7
11338,437,8
11339,438,9
11340,439,10
11341,440,1
11342,441,2
11343,442,3
11344,443,4
11345,444,5
11346,445,6
11347,446,7
11348,447,8
11349,448,9
11350,449,10
11351,450,1
11352,451,2
11353,452,3
11354,453,4
11355,454,5
11356,455,6
11357,456,7
11358,457,8
11359,458,9
11360,459,10
11361,460,1
11362,461,2
11363,462,3
11364,463,4
11365,464,5
11366,465,6
11367,466,7
11368,467,8
11369,468,9
11370,469,10
11371,470,1
11372,471,2
11373,472,3
11374,473,4
11375,474,5
11376,475,6
11377,476,7
11378,477,8
11379,478,9
11380,479,10
11381,480,1
11382,481,2
11383,482,3
11384,483,4
11385,484,5
11386,485,6
11387,486,7
11388,487,8
11389,488,9
11390,489,10
11391,490,1
11392,491,2
11393,492,3
11394,493,4
11395,494,5
11396,495,6
11397,496,7
11398,497,8
11399,498,9
11400,499,10
11401,500,1
11402,501,2
11403,502,3
11404,503,4
11405,504,5
11406,505,6
11407,506,7
11408,507,8
11409,508,9
11410,509,10
11411,510,1
11412,511,2
11413,512,3
11414,513,4
11415,514,5
11416,515,6
11417,516,7
11418,517,8
11419,518,9
11420,519,10
11421,520,1
11422,521,2
11423,522,3
11424,523,4
11425,524,5
11426,525,6
11427,526,7
11428,527,8
11429,528,9
11430,529,10
11431,530,1
11432,531,2
11433,532,3
11434,533,4
11435,534,5
11436,535,6
11437,536,7
11438,537,8
11439,538,9
11440,539,10
11441,540,1
11442,541,2
11443,542,3
11444,543,4
11445,544,5
11446,545,6
11447,546,7
11448,547,8
11449,548,9
11450,549,10
11451,550,1
11452,551,2
11453,552,3
11454,553,4
11455,554,5
11456,555,6
11457,556,7
11458,557,8
11459,558,9
11460,559,10
11461,560,1
11462,561,2
11463,562,3
11464,563,4
11465,564,5
11466,565,6
11467,566,7
11468,567,8
11469,568,9
11470,569,10
11471,570,1
11472,571,2
11473,572,3
11474,573,4
11475,574,5
11476,575,6
11477,576,7
11478,577,8
11479,578,9
11480,579,10
11481,580,1
11482,581,2
11483,582,3
11484,583,4
11485,584,5
11486,585,6
11487,586,7
11488,587,8
11489,588,9
11490,589,10
11491,590,1
11492,591,2
11493,592,3
11494,593,4
11495,594,5
11496,595,6
11497,596,7
11498,597,8
11499,598,9
11500,599,10
11501,600,1
11502,601,2
11503,602,3
11504,603,4
11505,604,5
11506,605,6
11507,606,7
11508,607,8
11509,608,9
11510,609,10
11511,610,1
11512,611,2
11513,612,3
11514,613,4
11515,614,5
11516,615,6
11517,616,7
11518,617,8
11519,618,9
11520,619,10
11521,620,1
11522,621,2
11523,622,3
11524,623,4
11525,624,5
11526,625,6
11527,626,7
11528,627,8
11529,628,9
11530,629,10
11531,630,1
11532,631,2
11533,632,3
11534,633,4
11535,634,5
11536,635,6
11537,636,7
11538,637,8
11539,638,9
11540,639,10
11541,640,1
11542,641,2
11543,642,3
11544,643,4
11545,644,5
11546,645,6
11547,646,7
11548,647,8
11549,648,9
11550,649,10
11551,650,1
11552,651,2
11553,652,3
11554,653,4
11555,654,5
11556,655,6
11557,656,7
11558,657,8
11559,658,9
11560,659,10
11561,660,1
11562,661,2
11563,662,3
11564,663,4
11565,664,5
11566,665,6
11567,666,7
11568,667,8
11569,668,9
11570,669,10
11571,670,1
11572,671,2
11573,672,3
11574,673,4
11575,674,5
11576,675,6
11577,676,7
11578,677,8
11579,678,9
11580,679,10
11581,680,1
11582,681,2
11583,682,3
11584,683,4
11585,684,5
11586,685,6
11587,686,7
11588,687,8
11589,688,9
11590,689,10
11591,690,1
11592,691,2
11593,692,3
11594,693,4
11595,694,5
11596,695,6
11597,696,7
11598,697,8
11599,698,9
11600,699,10
11601,700,1
11602,701,2
11603,702,3
11604,703,4
11605,704,5
11606,705,6
11607,706,7
11608,707,8
11609,708,9
11610,709,10
11611,710,1
11612,711,2
11613,712,3
11614,713,4
11615,714,5
11616,715,6
11617,716,7
11618,717,8
11619,718,9
11620,719,10
11621,720,1
11622,721,2
11623,722,3
11624,723,4
11625,724,5
11626,725,6
11627,726,7
11628,727,8
11629,728,9
11630,729,10
11631,730,1
11632,731,2
11633,732,3
11634,733,4
11635,734,5
11636,735,6
11637,736,7
11638,737,8
11639,738,9
11640,739,10
11641,740,1
11642,741,2
11643,742,3
11644,743,4
11645,744,5
11646,745,6
11647,746,7
11648,747,8
11649,748,9
11650,749,10
11651,750,1
11652,751,2
11653,752,3
11654,753,4
11655,754,5
11656,755,6
11657,756,7
11658,757,8
11659,758,9
11660,759,10
11661,760,1
11662,761,2
11663,762,3
11664,763,4
11665,764,5
11666,765,6
11667,766,7
11668,767,8
11669,768,9
11670,769,10
11671,770,1
11672,771,2
11673,772,3
11674,773,4
11675,774,5
11676,775,6
11677,776,7
11678,777,8
11679,778,9
11680,779,10
11681,780,1
11682,781,2
11683,782,3
11684,783,4
11685,784,5
11686,785,6
11687,786,7
11688,787,8
11689,788,9
11690,789,10
11691,790,1
11692,791,2
11693,792,3
11694,793,4
11695,794,5
11696,795,6
11697,796,7
11698,797,8
11699,798,9
11700,799,10
11701,800,1
11702,801,2
11703,802,3
11704,803,4
11705,804,5
11706,805,6
11707,806,7
11708,807,8
11709,808,9
11710,809,10
11711,810,1
11712,811,2
11713,812,3
11714,813,4
11715,814,5
11716,815,6
11717,816,7
11718,817,8
11719,818,9
11720,819,10
11721,820,1
11722,821,2
11723,822,3
11724,823,4
11725,824,5
11726,825,6
11727,826,7
11728,827,8
11729,828,9
11730,829,10
11731,830,1
11732,831,2
11733,832,3
11734,833,4
11735,834,5
11736,835,6
11737,836,7
11738,837,8
11739,838,9
11740,839,10
11741,840,1
11742,841,2
11743,842,3
11744,843,4
11745,844,5
11746,845,6
11747,846,7
11748,847,8
11749,848,9
11750,849,10
11751,850,1
11752,851,2
11753,852,3
11754,853,4
11755,854,5
11756,855,6
11757,856,7
11758,857,8
11759,858,9
11760,859,10
11761,860,1
11762,861,2
11763,862,3
11764,863,4
11765,864,5
11766,865,6
11767,866,7
11768,867,8
11769,868,9
11770,869,10
11771,870,1
11772,871,2
11773,872,3
11774,873,4
11775,874,5
11776,875,6
11777,876,7
11778,877,8
11779,878,9
11780,879,10
11781,880,1
11782,881,2
11783,882,3
11784,883,4
11785,884,5
11786,885,6
11787,886,7
11788,887,8
11789,888,9
11790,889,10
11791,890,1
11792,891,2
11793,892,3
11794,893,4
11795,894,5
11796,895,6
11797,896,7
11798,897,8
11799,898,9
11800,899,10
11801,900,1
11802,901,2
11803,902,3
11804,903,4
11805,904,5
11806,905,6
11807,906,7
11808,907,8
11809,908,9
11810,909,10
11811,910,1
11812,911,2
11813,912,3
11814,913,4
11815,914,5
11816,915,6
11817,916,7
11818,917,8
11819,918,9
11820,919,10
11821,920,1
11822,921,2
11823,922,3
11824,923,4
11825,924,5
11826,925,6
11827,926,7
11828,927,8
11829,928,9
11830,929,10
11831,930,1
11832,931,2
11833,932,3
11834,933,4
11835,934,5
11836,935,6
11837,936,7
11838,937,8
11839,938,9
11840,939,10
11841,940,1
11842,941,2
11843,942,3
11844,943,4
11845,944,5
11846,945,6
11847,946,7
11848,947,8
11849,948,9
11850,949,10
11851,950,1
11852,951,2
11853,952,3
11854,953,4
11855,954,5
11856,955,6
11857,956,7
11858,957,8
11859,958,9
11860,959,10
11861,960,1
11862,961,2
11863,962,3
11864,963,4
11865,964,5
11866,965,6
11867,966,7
11868,967,8
11869,968,9
11870,969,10
11871,970,1
11872,971,2
11873,972,3
11874,973,4
11875,974,5
11876,975,6
11877,976,7
11878,977,8
11879,978,9
11880,979,10
11881,980,1
11882,981,2
11883,982,3
11884,983,4
11885,984,5
11886,985,6
11887,986,7
11888,987,8
11889,988,9
11890,989,10
11891,990,1
11892,991,2
11893,992,3
11894,993,4
11895,994,5
11896,995,6
11897,996,7
11898,997,8
11899,998,9
11900,999,10
11901,1000,1
11902,1001,2
11903,1002,3
11904,1003,4
11905,1004,5
11906,1005,6
11907,1006,7
11908,1007,8
11909,1008,9
11910,1009,10
11911,1010,1
11912,1011,2
11913,1012,3
11914,1013,4
11915,1014,5
11916,1015,6
11917,1016,7
11918,1017,8
11919,1018,9
11920,1019,10
11921,1020,1
11922,1021,2
11923,1022,3
11924,1023,4
11925,1024,5
11926,1025,6
11927,1026,7
11928,1027,8
11929,1028,9
11930,1029,10
11931,1030,1
11932,1031,2
11933,1032,3
11934,1033,4
11935,1034,5
11936,1035,6
11937,1036,7
11938,1037,8
11939,1038,9
11940,1039,10
11941,1040,1
11942,1041,2
11943,1042,3
11944,1043,4
11945,1044,5
11946,1045,6
11947,1046,7
11948,1047,8
11949,1048,9
11950,1049,10
11951,1050,1
11952,1051,2
11953,1052,3
11954,1053,4
11955,1054,5
11956,1055,6
11957,1056,7
11958,1057,8
11959,1058,9
11960,1059,10
11961,1060,1
11962,1061,2
11963,1062,3
11964,1063,4
11965,1064,5
11966,1065,6
11967,1066,7
11968,1067,8
11969,1068,9
11970,1069,10
11971,1070,1
11972,1071,2
11973,1072,3
11974,1073,4
11975,1074,5
11976,1075,6
11977,1076,7
11978,1077,8
11979,1078,9
11980,1079,10
11981,1080,1
11982,1081,2
11983,1082,3
11984,1083,4
11985,1084,5
11986,1085,6
11987,1086,7
11988,1087,8
11989,1088,9
11990,1089,10
11991,1090,1
11992,1091,2
11993,1092,3
11994,1093,4
11995,1094,5
11996,1095,6
11997,1096,7
11998,1097,8
11999,1098,9
12000,1099,10
12001,100,1
12002,101,2
12003,102,3
12004,103,4
12005,104,5
12006,105,6
12007,106,7
12008,107,8
12009,108,9
12010,109,10
12011,110,1
12012,111,2
12013,112,3
12014,113,4
12015,114,5
12016,115,6
12017,116,7
12018,117,8
12019,118,9
12020,119,10
12021,120,1
12022,121,2
12023,122,3
12024,123,4
12025,124,5
12026,125,6
12027,126,7
12028,127,8
12029,128,9
12030,129,10
12031,130,1
12032,131,2
12033,132,3
12034,133,4
12035,134,5
12036,135,6
12037,136,7
12038,137,8
12039,138,9
12040,139,10
12041,140,1
12042,141,2
12043,142,3
12044,143,4
12045,144,5
12046,145,6
12047,146,7
12048,147,8
12049,148,9
12050,149,10
12051,150,1
12052,151,2
12053,152,3
12054,153,4
12055,154,5
12056,155,6
12057,156,7
12058,157,8
12059,158,9
12060,159,10
12061,160,1
12062,161,2
12063,162,3
12064,163,4
12065,164,5
12066,165,6
12067,166,7
12068,167,8
12069,168,9
12070,169,10
12071,170,1
12072,171,2
12073,172,3
12074,173,4
12075,174,5
12076,175,6
12077,176,7
12078,177,8
12079,178,9
12080,179,10
12081,180,1
12082,181,2
12083,182,3
12084,183,4
12085,184,5
12086,185,6
12087,186,7
12088,187,8
12089,188,9
12090,189,10
12091,190,1
12092,191,2
12093,192,3
12094,193,4
12095,194,5
12096,195,6
12097,196,7
12098,197,8
12099,198,9
12100,199,10
12101,200,1
12102,201,2
12103,202,3
12104,203,4
12105,204,5
12106,205,6
12107,206,7
12108,207,8
12109,208,9
12110,209,10
12111,210,1
12112,211,2
12113,212,3
12114,213,4
12115,214,5
12116,215,6
12117,216,7
12118,217,8
12119,218,9
12120,219,10
12121,220,1
12122,221,2
12123,222,3
12124,223,4
12125,224,5
12126,225,6
12127,226,7
12128,227,8
12129,228,9
12130,229,10
12131,230,1
12132,231,2
12133,232,3
12134,233,4
12135,234,5
12136,235,6
12137,236,7
12138,237,8
12139,238,9
12140,239,10
12141,240,1
12142,241,2
12143,242,3
12144,243,4
12145,244,5
12146,245,6
12147,246,7
12148,247,8
12149,248,9
12150,249,10
12151,250,1
12152,251,2
12153,252,3
12154,253,4
12155,254,5
12156,255,6
12157,256,7
12158,257,8
12159,258,9
12160,259,10
12161,260,1
12162,261,2
12163,262,3
12164,263,4
12165,264,5
12166,265,6
12167,266,7
12168,267,8
12169,268,9
12170,269,10
12171,270,1
12172,271,2
12173,272,3
12174,273,4
12175,274,5
12176,275,6
12177,276,7
12178,277,8
12179,278,9
12180,279,10
12181,280,1
12182,281,2
12183,282,3
12184,283,4
12185,284,5
12186,285,6
12187,286,7
12188,287,8
12189,288,9
12190,289,10
12191,290,1
12192,291,2
12193,292,3
12194,293,4
12195,294,5
12196,295,6
12197,296,7
12198,297,8
12199,298,9
12200,299,10
12201,300,1
12202,301,2
12203,302,3
12204,303,4
12205,304,5
12206,305,6
12207,306,7
12208,307,8
12209,308,9
12210,309,10
12211,310,1
12212,311,2
12213,312,3
12214,313,4
12215,314,5
12216,315,6
12217,316,7
12218,317,8
12219,318,9
12220,319,10
12221,320,1
12222,321,2
12223,322,3
12224,323,4
12225,324,5
12226,325,6
12227,326,7
12228,327,8
12229,328,9
12230,329,10
12231,330,1
12232,331,2
12233,332,3
12234,333,4
12235,334,5
12236,335,6
12237,336,7
12238,337,8
12239,338,9
12240,339,10
12241,340,1
12242,341,2
12243,342,3
12244,343,4
12245,344,5
12246,345,6
12247,346,7
12248,347,8
12249,348,9
12250,349,10
12251,350,1
12252,351,2
12253,352,3
12254,353,4
12255,354,5
12256,355,6
12257,356,7
12258,357,8
12259,358,9
12260,359,10
12261,360,1
12262,361,2
12263,362,3
12264,363,4
12265,364,5
12266,365,6
12267,366,7
12268,367,8
12269,368,9
12270,369,10
12271,370,1
12272,371,2
12273,372,3
12274,373,4
12275,374,5
12276,375,6
12277,376,7
12278,377,8
12279,378,9
12280,379,10
12281,380,1
12282,381,2
12283,382,3
12284,383,4
12285,384,5
12286,385,6
12287,386,7
12288,387,8
12289,388,9
12290,389,10
12291,390,1
12292,391,2
12293,392,3
12294,393,4
12295,394,5
12296,395,6
12297,396,7
12298,397,8
12299,398,9
12300,399,10
12301,400,1
12302,401,2
12303,402,3
12304,403,4
12305,404,5
12306,405,6
12307,406,7
12308,407,8
12309,408,9
12310,409,10
12311,410,1
12312,411,2
12313,412,3
12314,413,4
12315,414,5
12316,415,6
12317,416,7
12318,417,8
12319,418,9
12320,419,10
12321,420,1
12322,421,2
12323,422,3
12324,423,4
12325,424,5
12326,425,6
12327,426,7
12328,427,8
12329,428,9
12330,429,10
12331,430,1
12332,431,2
12333,432,3
12334,433,4
12335,434,5
12336,435,6
12337,436,7
12338,437,8
12339,438,9
12340,439,10
12341,440,1
12342,441,2
12343,442,3
12344,443,4
12345,444,5
12346,445,6
12347,446,7
12348,447,8
12349,448,9
12350,449,10
12351,450,1
12352,451,2
12353,452,3
12354,453,4
12355,454,5
12356,455,6
12357,456,7
12358,457,8
12359,458,9
12360,459,10
12361,460,1
12362,461,2
12363,462,3
12364,463,4
12365,464,5
12366,465,6
12367,466,7
12368,467,8
12369,468,9
12370,469,10
12371,470,1
12372,471,2
12373,472,3
12374,473,4
12375,474,5
12376,475,6
12377,476,7
12378,477,8
12379,478,9
12380,479,10
12381,480,1
12382,481,2
12383,482,3
12384,483,4
12385,484,5
12386,485,6
12387,486,7
12388,487,8
12389,488,9
12390,489,10
12391,490,1
12392,491,2
12393,492,3
12394,493,4
12395,494,5
12396,495,6
12397,496,7
12398,497,8
12399,498,9
12400,499,10
12401,500,1
12402,501,2
12403,502,3
12404,503,4
12405,504,5
12406,505,6
12407,506,7
12408,507,8
12409,508,9
12410,509,10
12411,510,1
12412,511,2
12413,512,3
12414,513,4
12415,514,5
12416,515,6
12417,516,7
12418,517,8
12419,518,9
12420,519,10
12421,520,1
12422,521,2
12423,522,3
12424,523,4
12425,524,5
12426,525,6
12427,526,7
12428,527,8
12429,528,9
12430,529,10
12431,530,1
12432,531,2
12433,532,3
12434,533,4
12435,534,5
12436,535,6
12437,536,7
12438,537,8
12439,538,9
12440,539,10
12441,540,1
12442,541,2
12443,542,3
12444,543,4
12445,544,5
12446,545,6
12447,546,7
12448,547,8
12449,548,9
12450,549,10
12451,550,1
12452,551,2
12453,552,3
12454,553,4
12455,554,5
12456,555,6
12457,556,7
12458,557,8
12459,558,9
12460,559,10
12461,560,1
12462,561,2
12463,562,3
12464,563,4
12465,564,5
12466,565,6
12467,566,7
12468,567,8
12469,568,9
12470,569,10
12471,570,1
12472,571,2
12473,572,3
12474,573,4
12475,574,5
12476,575,6
12477,576,7
12478,577,8
12479,578,9
12480,579,10
12481,580,1
12482,581,2
12483,582,3
12484,583,4
12485,584,5
12486,585,6
12487,586,7
12488,587,8
12489,588,9
12490,589,10
12491,590,1
12492,591,2
12493,592,3
12494,593,4
12495,594,5
12496,595,6
12497,596,7
12498,597,8
12499,598,9
12500,599,10
12501,600,1
12502,601,2
12503,602,3
12504,603,4
12505,604,5
12506,605,6
12507,606,7
12508,607,8
12509,608,9
12510,609,10
12511,610,1
12512,611,2
12513,612,3
12514,613,4
12515,614,5
12516,615,6
12517,616,7
12518,617,8
12519,618,9
12520,619,10
12521,620,1
12522,621,2
12523,622,3
12524,623,4
12525,624,5
12526,625,6
12527,626,7
12528,627,8
12529,628,9
12530,629,10
12531,630,1
12532,631,2
12533,632,3
12534,633,4
12535,634,5
12536,635,6
12537,636,7
12538,637,8
12539,638,9
12540,639,10
12541,640,1
12542,641,2
12543,642,3
12544,643,4
12545,644,5
12546,645,6
12547,646,7
12548,647,8
12549,648,9
12550,649,10
12551,650,1
12552,651,2
12553,652,3
12554,653,4
12555,654,5
12556,655,6
12557,656,7
12558,657,8
12559,658,9
12560,659,10
12561,660,1
12562,661,2
12563,662,3
12564,663,4
12565,664,5
12566,665,6
12567,666,7
12568,667,8
12569,668,9
12570,669,10
12571,670,1
12572,671,2
12573,672,3
12574,673,4
12575,674,5
12576,675,6
12577,676,7
12578,677,8
12579,678,9
12580,679,10
12581,680,1
12582,681,2
12583,682,3
12584,683,4
12585,684,5
12586,685,6
12587,686,7
12588,687,8
12589,688,9
12590,689,10
12591,690,1
12592,691,2
12593,692,3
12594,693,4
12595,694,5
12596,695,6
12597,696,7
12598,697,8
12599,698,9
12600,699,10
12601,700,1
12602,701,2
12603,702,3
12604,703,4
12605,704,5
12606,705,6
12607,706,7
12608,707,8
12609,708,9
12610,709,10
12611,710,1
12612,711,2
12613,712,3
12614,713,4
12615,714,5
12616,715,6
12617,716,7
12618,717,8
12619,718,9
12620,719,10
12621,720,1
12622,721,2
12623,722,3
12624,723,4
12625,724,5
12626,725,6
12627,726,7
12628,727,8
12629,728,9
12630,729,10
12631,730,1
12632,731,2
12633,732,3
12634,733,4
12635,734,5
12636,735,6
12637,736,7
12638,737,8
12639,738,9
12640,739,10
12641,740,1
12642,741,2
12643,742,3
12644,743,4
12645,744,5
12646,745,6
12647,746,7
12648,747,8
12649,748,9
12650,749,10
12651,750,1
12652,751,2
12653,752,3
12654,753,4
12655,754,5
12656,755,6
12657,756,7
12658,757,8
12659,758,9
12660,759,10
12661,760,1
12662,761,2
12663,762,3
12664,763,4
12665,764,5
12666,765,6
12667,766,7
12668,767,8
12669,768,9
12670,769,10
12671,770,1
12672,771,2
12673,772,3
12674,773,4
12675,774,5
12676,775,6
12677,776,7
12678,777,8
12679,778,9
12680,779,10
12681,780,1
12682,781,2
12683,782,3
12684,783,4
12685,784,5
12686,785,6
12687,786,7
12688,787,8
12689,788,9
12690,789,10
12691,790,1
12692,791,2
12693,792,3
12694,793,4
12695,794,5
12696,795,6
12697,796,7
12698,797,8
12699,798,9
12700,799,10
12701,800,1
12702,801,2
12703,802,3
12704,803,4
12705,804,5
12706,805,6
12707,806,7
12708,807,8
12709,808,9
12710,809,10
12711,810,1
12712,811,2
12713,812,3
12714,813,4
12715,814,5
12716,815,6
12717,816,7
12718,817,8
12719,818,9
12720,819,10
12721,820,1
12722,821,2
12723,822,3
12724,823,4
12725,824,5
12726,825,6
12727,826,7
12728,827,8
12729,828,9
12730,829,10
12731,830,1
12732,831,2
12733,832,3
12734,833,4
12735,834,5
12736,835,6
12737,836,7
12738,837,8
12739,838,9
12740,839,10
12741,840,1
12742,841,2
12743,842,3
12744,843,4
12745,844,5
12746,845,6
12747,846,7
12748,847,8
12749,848,9
12750,849,10
12751,850,1
12752,851,2
12753,852,3
12754,853,4
12755,854,5
12756,855,6
12757,856,7
12758,857,8
12759,858,9
12760,859,10
12761,860,1
12762,861,2
12763,862,3
12764,863,4
12765,864,5
12766,865,6
12767,866,7
12768,867,8
12769,868,9
12770,869,10
12771,870,1
12772,871,2
12773,872,3
12774,873,4
12775,874,5
12776,875,6
12777,876,7
12778,877,8
12779,878,9
12780,879,10
12781,880,1
12782,881,2
12783,882,3
12784,883,4
12785,884,5
12786,885,6
12787,886,7
12788,887,8
12789,888,9
12790,889,10
12791,890,1
12792,891,2
12793,892,3
12794,893,4
12795,894,5
12796,895,6
12797,896,7
12798,897,8
12799,898,9
12800,899,10
12801,900,1
12802,901,2
12803,902,3
12804,903,4
12805,904,5
12806,905,6
12807,906,7
12808,907,8
12809,908,9
12810,909,10
12811,910,1
12812,911,2
12813,912,3
12814,913,4
12815,914,5
12816,915,6
12817,916,7
12818,917,8
12819,918,9
12820,919,10
12821,920,1
12822,921,2
12823,922,3
12824,923,4
12825,924,5
12826,925,6
12827,926,7
12828,927,8
12829,928,9
12830,929,10
12831,930,1
12832,931,2
12833,932,3
12834,933,4
12835,934,5
12836,935,6
12837,936,7
12838,937,8
12839,938,9
12840,939,10
12841,940,1
12842,941,2
12843,942,3
12844,943,4
12845,944,5
12846,945,6
12847,946,7
12848,947,8
12849,948,9
12850,949,10
12851,950,1
12852,951,2
12853,952,3
12854,953,4
12855,954,5
12856,955,6
12857,956,7
12858,957,8
12859,958,9
12860,959,10
12861,960,1
12862,961,2
12863,962,3
12864,963,4
12865,964,5
12866,965,6
12867,966,7
12868,967,8
12869,968,9
12870,969,10
12871,970,1
12872,971,2
12873,972,3
12874,973,4
12875,974,5
12876,975,6
12877,976,7
12878,977,8
12879,978,9
12880,979,10
12881,980,1
12882,981,2
12883,982,3
12884,983,4
12885,984,5
12886,985,6
12887,986,7
12888,987,8
12889,988,9
12890,989,10
12891,990,1
12892,991,2
12893,992,3
12894,993,4
12895,994,5
12896,995,6
12897,996,7
12898,997,8
12899,998,9
12900,999,10
12901,1000,1
12902,1001,2
12903,1002,3
12904,1003,4
12905,1004,5
12906,1005,6
12907,1006,7
12908,1007,8
12909,1008,9
12910,1009,10
12911,1010,1
12912,1011,2
12913,1012,3
12914,1013,4
12915,1014,5
12916,1015,6
12917,1016,7
12918,1017,8
12919,1018,9
12920,1019,10
12921,1020,1
12922,1021,2
12923,1022,3
12924,1023,4
12925,1024,5
12926,1025,6
12927,1026,7
12928,1027,8
12929,1028,9
12930,1029,10
12931,1030,1
12932,1031,2
12933,1032,3
12934,1033,4
12935,1034,5
12936,1035,6
12937,1036,7
12938,1037,8
12939,1038,9
12940,1039,10
12941,1040,1
12942,1041,2
12943,1042,3
12944,1043,4
12945,1044,5
12946,1045,6
12947,1046,7
12948,1047,8
12949,1048,9
12950,1049,10
12951,1050,1
12952,1051,2
12953,1052,3
12954,1053,4
12955,1054,5
12956,1055,6
12957,1056,7
12958,1057,8
12959,1058,9
12960,1059,10
12961,1060,1
12962,1061,2
12963,1062,3
12964,1063,4
12965,1064,5
12966,1065,6
12967,1066,7
12968,1067,8
12969,1068,9
12970,1069,10
12971,1070,1
12972,1071,2
12973,1072,3
12974,1073,4
12975,1074,5
12976,1075,6
12977,1076,7
12978,1077,8
12979,1078,9
12980,1079,10
12981,1080,1
12982,1081,2
12983,1082,3
12984,1083,4
12985,1084,5
12986,1085,6
12987,1086,7
12988,1087,8
12989,1088,9
12990,1089,10
12991,1090,1
12992,1091,2
12993,1092,3
12994,1093,4
12995,1094,5
12996,1095,6
12997,1096,7
12998,1097,8
12999,1098,9
13000,1099,10
13001,100,1
13002,101,2
13003,102,3
13004,103,4
13005,104,5
13006,105,6
13007,106,7
13008,107,8
13009,108,9
13010,109,10
13011,110,1
13012,111,2
13013,112,3
13014,113,4
13015,114,5
13016,115,6
13017,116,7
13018,117,8
13019,118,9
13020,119,10
13021,120,1
13022,121,2
13023,122,3
13024,123,4
13025,124,5
13026,125,6
13027,126,7
13028,127,8
13029,128,9
13030,129,10
13031,130,1
13032,131,2
13033,132,3
13034,133,4
13035,134,5
13036,135,6
13037,136,7
13038,137,8
13039,138,9
13040,139,10
13041,140,1
13042,141,2
13043,142,3
13044,143,4
13045,144,5
13046,145,6
13047,146,7
13048,147,8
13049,148,9
13050,149,10
13051,150,1
13052,151,2
13053,152,3
13054,153,4
13055,154,5
13056,155,6
13057,156,7
13058,157,8
13059,158,9
13060,159,10
13061,160,1
13062,161,2
13063,162,3
13064,163,4
13065,164,5
13066,165,6
13067,166,7
13068,167,8
13069,168,9
13070,169,10
13071,170,1
13072,171,2
13073,172,3
13074,173,4
13075,174,5
13076,175,6
13077,176,7
13078,177,8
13079,178,9
13080,179,10
13081,180,1
13082,181,2
13083,182,3
13084,183,4
13085,184,5
13086,185,6
13087,186,7
13088,187,8
13089,188,9
13090,189,10
13091,190,1
13092,191,2
13093,192,3
13094,193,4
13095,194,5
13096,195,6
13097,196,7
13098,197,8
13099,198,9
13100,199,10
13101,200,1
13102,201,2
13103,202,3
13104,203,4
13105,204,5
13106,205,6
13107,206,7
13108,207,8
13109,208,9
13110,209,10
13111,210,1
13112,211,2
13113,212,3
13114,213,4
13115,214,5
13116,215,6
13117,216,7
13118,217,8
13119,218,9
13120,219,10
13121,220,1
13122,221,2
13123,222,3
13124,223,4
13125,224,5
13126,225,6
13127,226,7
13128,227,8
13129,228,9
13130,229,10
13131,230,1
13132,231,2
13133,232,3
13134,233,4
13135,234,5
13136,235,6
13137,236,7
13138,237,8
13139,238,9
13140,239,10
13141,240,1
13142,241,2
13143,242,3
13144,243,4
13145,244,5
13146,245,6
13147,246,7
13148,247,8
13149,248,9
13150,249,10
13151,250,1
13152,251,2
13153,252,3
13154,253,4
13155,254,5
13156,255,6
13157,256,7
13158,257,8
13159,258,9
13160,259,10
13161,260,1
13162,261,2
13163,262,3
13164,263,4
13165,264,5
13166,265,6
13167,266,7
13168,267,8
13169,268,9
13170,269,10
13171,270,1
13172,271,2
13173,272,3
13174,273,4
13175,274,5
13176,275,6
13177,276,7
13178,277,8
13179,278,9
13180,279,10
13181,280,1
13182,281,2
13183,282,3
13184,283,4
13185,284,5
13186,285,6
13187,286,7
13188,287,8
13189,288,9
13190,289,10
13191,290,1
13192,291,2
13193,292,3
13194,293,4
13195,294,5
13196,295,6
13197,296,7
13198,297,8
13199,298,9
13200,299,10
13201,300,1
13202,301,2
13203,302,3
13204,303,4
13205,304,5
13206,305,6
13207,306,7
13208,307,8
13209,308,9
13210,309,10
13211,310,1
13212,311,2
13213,312,3
13214,313,4
13215,314,5
13216,315,6
13217,316,7
13218,317,8
13219,318,9
13220,319,10
13221,320,1
13222,321,2
13223,322,3
13224,323,4
13225,324,5
13226,325,6
13227,326,7
13228,327,8
13229,328,9
13230,329,10
13231,330,1
13232,331,2
13233,332,3
13234,333,4
13235,334,5
13236,335,6
13237,336,7
13238,337,8
13239,338,9
13240,339,10
13241,340,1
13242,341,2
13243,342,3
13244,343,4
13245,344,5
13246,345,6
13247,346,7
13248,347,8
13249,348,9
13250,349,10
13251,350,1
13252,351,2
13253,352,3
13254,353,4
13255,354,5
13256,355,6
13257,356,7
13258,357,8
13259,358,9
13260,359,10
13261,360,1
13262,361,2
13263,362,3
13264,363,4
13265,364,5
13266,365,6
13267,366,7
13268,367,8
13269,368,9
13270,369,10
13271,370,1
13272,371,2
13273,372,3
13274,373,4
13275,374,5
13276,375,6
13277,376,7
13278,377,8
13279,378,9
13280,379,10
13281,380,1
13282,381,2
13283,382,3
13284,383,4
13285,384,5
13286,385,6
13287,386,7
13288,387,8
13289,388,9
13290,389,10
13291,390,1
13292,391,2
13293,392,3
13294,393,4
13295,394,5
13296,395,6
13297,396,7
13298,397,8
13299,398,9
13300,399,10
13301,400,1
13302,401,2
13303,402,3
13304,403,4
13305,404,5
13306,405,6
13307,406,7
13308,407,8
13309,408,9
13310,409,10
13311,410,1
13312,411,2
13313,412,3
13314,413,4
13315,414,5
13316,415,6
13317,416,7
13318,417,8
13319,418,9
13320,419,10
13321,420,1
13322,421,2
13323,422,3
13324,423,4
13325,424,5
13326,425,6
13327,426,7
13328,427,8
13329,428,9
13330,429,10
13331,430,1
13332,431,2
13333,432,3
13334,433,4
13335,434,5
13336,435,6
13337,436,7
13338,437,8
13339,438,9
13340,439,10
13341,440,1
13342,441,2
13343,442,3
13344,443,4
13345,444,5
13346,445,6
13347,446,7
13348,447,8
13349,448,9
13350,449,10
13351,450,1
13352,451,2
13353,452,3
13354,453,4
13355,454,5
13356,455,6
13357,456,7
13358,457,8
13359,458,9
13360,459,10
13361,460,1
13362,461,2
13363,462,3
13364,463,4
13365,464,5
13366,465,6
13367,466,7
13368,467,8
13369,468,9
13370,469,10
13371,470,1
13372,471,2
13373,472,3
13374,473,4
13375,474,5
13376,475,6
13377,476,7
13378,477,8
13379,478,9
13380,479,10
13381,480,1
13382,481,2
13383,482,3
13384,483,4
13385,484,5
13386,485,6
13387,486,7
13388,487,8
13389,488,9
13390,489,10
13391,490,1
13392,491,2
13393,492,3
13394,493,4
13395,494,5
13396,495,6
13397,496,7
13398,497,8
13399,498,9
13400,499,10
13401,500,1
13402,501,2
13403,502,3
13404,503,4
13405,504,5
13406,505,6
13407,506,7
13408,507,8
13409,508,9
13410,509,10
13411,510,1
13412,511,2
13413,512,3
13414,513,4
13415,514,5
13416,515,6
13417,516,7
13418,517,8
13419,518,9
13420,519,10
13421,520,1
13422,521,2
13423,522,3
13424,523,4
13425,524,5
13426,525,6
13427,526,7
13428,527,8
13429,528,9
13430,529,10
13431,530,1
13432,531,2
13433,532,3
13434,533,4
13435,534,5
13436,535,6
13437,536,7
13438,537,8
13439,538,9
13440,539,10
13441,540,1
13442,541,2
13443,542,3
13444,543,4
13445,544,5
13446,545,6
13447,546,7
13448,547,8
13449,548,9
13450,549,10
13451,550,1
13452,551,2
13453,552,3
13454,553,4
13455,554,5
13456,555,6
13457,556,7
13458,557,8
13459,558,9
13460,559,10
13461,560,1
13462,561,2
13463,562,3
13464,563,4
13465,564,5
13466,565,6
13467,566,7
13468,567,8
13469,568,9
13470,569,10
13471,570,1
13472,571,2
13473,572,3
13474,573,4
13475,574,5
13476,575,6
13477,576,7
13478,577,8
13479,578,9
13480,579,10
13481,580,1
13482,581,2
13483,582,3
13484,583,4
13485,584,5
13486,585,6
13487,586,7
13488,587,8
13489,588,9
13490,589,10
13491,590,1
13492,591,2
13493,592,3
13494,593,4
13495,594,5
13496,595,6
13497,596,7
13498,597,8
13499,598,9
13500,599,10
13501,600,1
13502,601,2
13503,602,3
13504,603,4
13505,604,5
13506,605,6
13507,606,7
13508,607,8
13509,608,9
13510,609,10
13511,610,1
13512,611,2
13513,612,3
13514,613,4
13515,614,5
13516,615,6
13517,616,7
13518,617,8
13519,618,9
13520,619,10
13521,620,1
13522,621,2
13523,622,3
13524,623,4
13525,624,5
13526,625,6
13527,626,7
13528,627,8
13529,628,9
13530,629,10
13531,630,1
13532,631,2
13533,632,3
13534,633,4
13535,634,5
13536,635,6
13537,636,7
13538,637,8
13539,638,9
13540,639,10
13541,640,1
13542,641,2
13543,642,3
13544,643,4
13545,644,5
13546,645,6
13547,646,7
13548,647,8
13549,648,9
13550,649,10
13551,650,1
13552,651,2
13553,652,3
13554,653,4
13555,654,5
13556,655,6
13557,656,7
13558,657,8
13559,658,9
13560,659,10
13561,660,1
13562,661,2
13563,662,3
13564,663,4
13565,664,5
13566,665,6
13567,666,7
13568,667,8
13569,668,9
13570,669,10
13571,670,1
13572,671,2
13573,672,3
13574,673,4
13575,674,5
13576,675,6
13577,676,7
13578,677,8
13579,678,9
13580,679,10
13581,680,1
13582,681,2
13583,682,3
13584,683,4
13585,684,5
13586,685,6
13587,686,7
13588,687,8
13589,688,9
13590,689,10
13591,690,1
13592,691,2
13593,692,3
13594,693,4
13595,694,5
13596,695,6
13597,696,7
13598,697,8
13599,698,9
13600,699,10
13601,700,1
13602,701,2
13603,702,3
13604,703,4
13605,704,5
13606,705,6
13607,706,7
13608,707,8
13609,708,9
13610,709,10
13611,710,1
13612,711,2
13613,712,3
13614,713,4
13615,714,5
13616,715,6
13617,716,7
13618,717,8
13619,718,9
13620,719,10
13621,720,1
13622,721,2
13623,722,3
13624,723,4
13625,724,5
13626,725,6
13627,726,7
13628,727,8
13629,728,9
13630,729,10
13631,730,1
13632,731,2
13633,732,3
13634,733,4
13635,734,5
13636,735,6
13637,736,7
13638,737,8
13639,738,9
13640,739,10
13641,740,1
13642,741,2
13643,742,3
13644,743,4
13645,744,5
13646,745,6
13647,746,7
13648,747,8
13649,748,9
13650,749,10
13651,750,1
13652,751,2
13653,752,3
13654,753,4
13655,754,5
13656,755,6
13657,756,7
13658,757,8
13659,758,9
13660,759,10
13661,760,1
13662,761,2
13663,762,3
13664,763,4
13665,764,5
13666,765,6
13667,766,7
13668,767,8
13669,768,9
13670,769,10
13671,770,1
13672,771,2
13673,772,3
13674,773,4
13675,774,5
13676,775,6
13677,776,7
13678,777,8
13679,778,9
13680,779,10
13681,780,1
13682,781,2
13683,782,3
13684,783,4
13685,784,5
13686,785,6
13687,786,7
13688,787,8
13689,788,9
13690,789,10
13691,790,1
13692,791,2
13693,792,3
13694,793,4
13695,794,5
13696,795,6
13697,796,7
13698,797,8
13699,798,9
13700,799,10
13701,800,1
13702,801,2
13703,802,3
13704,803,4
13705,804,5
13706,805,6
13707,806,7
13708,807,8
13709,808,9
13710,809,10
13711,810,1
13712,811,2
13713,812,3
13714,813,4
13715,814,5
13716,815,6
13717,816,7
13718,817,8
13719,818,9
13720,819,10
13721,820,1
13722,821,2
13723,822,3
13724,823,4
13725,824,5
13726,825,6
13727,826,7
13728,827,8
13729,828,9
13730,829,10
13731,830,1
13732,831,2
13733,832,3
13734,833,4
13735,834,5
13736,835,6
13737,836,7
13738,837,8
13739,838,9
13740,839,10
13741,840,1
13742,841,2
13743,842,3
13744,843,4
13745,844,5
13746,845,6
13747,846,7
13748,847,8
13749,848,9
13750,849,10
13751,850,1
13752,851,2
13753,852,3
13754,853,4
13755,854,5
13756,855,6
13757,856,7
13758,857,8
13759,858,9
13760,859,10
13761,860,1
13762,861,2
13763,862,3
13764,863,4
13765,864,5
13766,865,6
13767,866,7
13768,867,8
13769,868,9
13770,869,10
13771,870,1
13772,871,2
13773,872,3
13774,873,4
13775,874,5
13776,875,6
13777,876,7
13778,877,8
13779,878,9
13780,879,10
13781,880,1
13782,881,2
13783,882,3
13784,883,4
13785,884,5
13786,885,6
13787,886,7
13788,887,8
13789,888,9
13790,889,10
13791,890,1
13792,891,2
13793,892,3
13794,893,4
13795,894,5
13796,895,6
13797,896,7
13798,897,8
13799,898,9
13800,899,10
13801,900,1
13802,901,2
13803,902,3
13804,903,4
13805,904,5
13806,905,6
13807,906,7
13808,907,8
13809,908,9
13810,909,10
13811,910,1
13812,911,2
13813,912,3
13814,913,4
13815,914,5
13816,915,6
13817,916,7
13818,917,8
13819,918,9
13820,919,10
13821,920,1
13822,921,2
13823,922,3
13824,923,4
13825,924,5
13826,925,6
13827,926,7
13828,927,8
13829,928,9
13830,929,10
13831,930,1
13832,931,2
13833,932,3
13834,933,4
13835,934,5
13836,935,6
13837,936,7
13838,937,8
13839,938,9
13840,939,10
13841,940,1
13842,941,2
13843,942,3
13844,943,4
13845,944,5
13846,945,6
13847,946,7
13848,947,8
13849,948,9
13850,949,10
13851,950,1
13852,951,2
13853,952,3
13854,953,4
13855,954,5
13856,955,6
13857,956,7
13858,957,8
13859,958,9
13860,959,10
13861,960,1
13862,961,2
13863,962,3
13864,963,4
13865,964,5
13866,965,6
13867,966,7
13868,967,8
13869,968,9
13870,969,10
13871,970,1
13872,971,2
13873,972,3
13874,973,4
13875,974,5
13876,975,6
13877,976,7
13878,977,8
13879,978,9
13880,979,10
13881,980,1
13882,981,2
13883,982,3
13884,983,4
13885,984,5
13886,985,6
13887,986,7
13888,987,8
13889,988,9
13890,989,10
13891,990,1
13892,991,2
13893,992,3
13894,993,4
13895,994,5
13896,995,6
13897,996,7
13898,997,8
13899,998,9
13900,999,10
13901,1000,1
13902,1001,2
13903,1002,3
13904,1003,4
13905,1004,5
13906,1005,6
13907,1006,7
13908,1007,8
13909,1008,9
13910,1009,10
13911,1010,1
13912,1011,2
13913,1012,3
13914,1013,4
13915,1014,5
13916,1015,6
13917,1016,7
13918,1017,8
13919,1018,9
13920,1019,10
13921,1020,1
13922,1021,2
13923,1022,3
13924,1023,4
13925,1024,5
13926,1025,6
13927,1026,7
13928,1027,8
13929,1028,9
13930,1029,10
13931,1030,1
13932,1031,2
13933,1032,3
13934,1033,4
13935,1034,5
13936,1035,6
13937,1036,7
13938,1037,8
13939,1038,9
13940,1039,10
13941,1040,1
13942,1041,2
13943,1042,3
13944,1043,4
13945,1044,5
13946,1045,6
13947,1046,7
13948,1047,8
13949,1048,9
13950,1049,10
13951,1050,1
13952,1051,2
13953,1052,3
13954,1053,4
13955,1054,5
13956,1055,6
13957,1056,7
13958,1057,8
13959,1058,9
13960,1059,10
13961,1060,1
13962,1061,2
13963,1062,3
13964,1063,4
13965,1064,5
13966,1065,6
13967,1066,7
13968,1067,8
13969,1068,9
13970,1069,10
13971,1070,1
13972,1071,2
13973,1072,3
13974,1073,4
13975,1074,5
13976,1075,6
13977,1076,7
13978,1077,8
13979,1078,9
13980,1079,10
13981,1080,1
13982,1081,2
13983,1082,3
13984,1083,4
13985,1084,5
13986,1085,6
13987,1086,7
13988,1087,8
13989,1088,9
13990,1089,10
13991,1090,1
13992,1091,2
13993,1092,3
13994,1093,4
13995,1094,5
13996,1095,6
13997,1096,7
13998,1097,8
13999,1098,9
14000,1099,10
14001,100,1
14002,101,2
14003,102,3
14004,103,4
14005,104,5
14006,105,6
14007,106,7
14008,107,8
14009,108,9
14010,109,10
14011,110,1
14012,111,2
14013,112,3
14014,113,4
14015,114,5
14016,115,6
14017,116,7
14018,117,8
14019,118,9
14020,119,10
14021,120,1
14022,121,2
14023,122,3
14024,123,4
14025,124,5
14026,125,6
14027,126,7
14028,127,8
14029,128,9
14030,129,10
14031,130,1
14032,131,2
14033,132,3
14034,133,4
14035,134,5
14036,135,6
14037,136,7
14038,137,8
14039,138,9
14040,139,10
14041,140,1
14042,141,2
14043,142,3
14044,143,4
14045,144,5
14046,145,6
14047,146,7
14048,147,8
14049,148,9
14050,149,10
14051,150,1
14052,151,2
14053,152,3
14054,153,4
14055,154,5
14056,155,6
14057,156,7
14058,157,8
14059,158,9
14060,159,10
14061,160,1
14062,161,2
14063,162,3
14064,163,4
14065,164,5
14066,165,6
14067,166,7
14068,167,8
14069,168,9
14070,169,10
14071,170,1
14072,171,2
14073,172,3
14074,173,4
14075,174,5
14076,175,6
14077,176,7
14078,177,8
14079,178,9
14080,179,10
14081,180,1
14082,181,2
14083,182,3
14084,183,4
14085,184,5
14086,185,6
14087,186,7
14088,187,8
14089,188,9
14090,189,10
14091,190,1
14092,191,2
14093,192,3
14094,193,4
14095,194,5
14096,195,6
14097,196,7
14098,197,8
14099,198,9
14100,199,10
14101,200,1
14102,201,2
14103,202,3
14104,203,4
14105,204,5
14106,205,6
14107,206,7
14108,207,8
14109,208,9
14110,209,10
14111,210,1
14112,211,2
14113,212,3
14114,213,4
14115,214,5
14116,215,6
14117,216,7
14118,217,8
14119,218,9
14120,219,10
14121,220,1
14122,221,2
14123,222,3
14124,223,4
14125,224,5
14126,225,6
14127,226,7
14128,227,8
14129,228,9
14130,229,10
14131,230,1
14132,231,2
14133,232,3
14134,233,4
14135,234,5
14136,235,6
14137,236,7
14138,237,8
14139,238,9
14140,239,10
14141,240,1
14142,241,2
14143,242,3
14144,243,4
14145,244,5
14146,245,6
14147,246,7
14148,247,8
14149,248,9
14150,249,10
14151,250,1
14152,251,2
14153,252,3
14154,253,4
14155,254,5
14156,255,6
14157,256,7
14158,257,8
14159,258,9
14160,259,10
14161,260,1
14162,261,2
14163,262,3
14164,263,4
14165,264,5
14166,265,6
14167,266,7
14168,267,8
14169,268,9
14170,269,10
14171,270,1
14172,271,2
14173,272,3
14174,273,4
14175,274,5
14176,275,6
14177,276,7
14178,277,8
14179,278,9
14180,279,10
14181,280,1
14182,281,2
14183,282,3
14184,283,4
14185,284,5
14186,285,6
14187,286,7
14188,287,8
14189,288,9
14190,289,10
14191,290,1
14192,291,2
14193,292,3
14194,293,4
14195,294,5
14196,295,6
14197,296,7
14198,297,8
14199,298,9
14200,299,10
14201,300,1
14202,301,2
14203,302,3
14204,303,4
14205,304,5
14206,305,6
14207,306,7
14208,307,8
14209,308,9
14210,309,10
14211,310,1
14212,311,2
14213,312,3
14214,313,4
14215,314,5
14216,315,6
14217,316,7
14218,317,8
14219,318,9
14220,319,10
14221,320,1
14222,321,2
14223,322,3
14224,323,4
14225,324,5
14226,325,6
14227,326,7
14228,327,8
14229,328,9
14230,329,10
14231,330,1
14232,331,2
14233,332,3
14234,333,4
14235,334,5
14236,335,6
14237,336,7
14238,337,8
14239,338,9
14240,339,10
14241,340,1
14242,341,2
14243,342,3
14244,343,4
14245,344,5
14246,345,6
14247,346,7
14248,347,8
14249,348,9
14250,349,10
14251,350,1
14252,351,2
14253,352,3
14254,353,4
14255,354,5
14256,355,6
14257,356,7
14258,357,8
14259,358,9
14260,359,10
14261,360,1
14262,361,2
14263,362,3
14264,363,4
14265,364,5
14266,365,6
14267,366,7
14268,367,8
14269,368,9
14270,369,10
14271,370,1
14272,371,2
14273,372,3
14274,373,4
14275,374,5
14276,375,6
14277,376,7
14278,377,8
14279,378,9
14280,379,10
14281,380,1
14282,381,2
14283,382,3
14284,383,4
14285,384,5
14286,385,6
14287,386,7
14288,387,8
14289,388,9
14290,389,10
14291,390,1
14292,391,2
14293,392,3
14294,393,4
14295,394,5
14296,395,6
14297,396,7
14298,397,8
14299,398,9
14300,399,10
14301,400,1
14302,401,2
14303,402,3
14304,403,4
14305,404,5
14306,405,6
14307,406,7
14308,407,8
14309,408,9
14310,409,10
14311,410,1
14312,411,2
14313,412,3
14314,413,4
14315,414,5
14316,415,6
14317,416,7
14318,417,8
14319,418,9
14320,419,10
14321,420,1
14322,421,2
14323,422,3
14324,423,4
14325,424,5
14326,425,6
14327,426,7
14328,427,8
14329,428,9
14330,429,10
14331,430,1
14332,431,2
14333,432,3
14334,433,4
14335,434,5
14336,435,6
14337,436,7
14338,437,8
14339,438,9
14340,439,10
14341,440,1
14342,441,2
14343,442,3
14344,443,4
14345,444,5
14346,445,6
14347,446,7
14348,447,8
14349,448,9
14350,449,10
14351,450,1
14352,451,2
14353,452,3
14354,453,4
14355,454,5
14356,455,6
14357,456,7
14358,457,8
14359,458,9
14360,459,10
14361,460,1
14362,461,2
14363,462,3
14364,463,4
14365,464,5
14366,465,6
14367,466,7
14368,467,8
14369,468,9
14370,469,10
14371,470,1
14372,471,2
14373,472,3
14374,473,4
14375,474,5
14376,475,6
14377,476,7
14378,477,8
14379,478,9
14380,479,10
14381,480,1
14382,481,2
14383,482,3
14384,483,4
14385,484,5
14386,485,6
14387,486,7
14388,487,8
14389,488,9
14390,489,10
14391,490,1
14392,491,2
14393,492,3
14394,493,4
14395,494,5
14396,495,6
14397,496,7
14398,497,8
14399,498,9
14400,499,10
14401,500,1
14402,501,2
14403,502,3
14404,503,4
14405,504,5
14406,505,6
14407,506,7
14408,507,8
14409,508,9
14410,509,10
14411,510,1
14412,511,2
14413,512,3
14414,513,4
14415,514,5
14416,515,6
14417,516,7
14418,517,8
14419,518,9
14420,519,10
14421,520,1
14422,521,2
14423,522,3
14424,523,4
14425,524,5
14426,525,6
14427,526,7
14428,527,8
14429,528,9
14430,529,10
14431,530,1
14432,531,2
14433,532,3
14434,533,4
14435,534,5
14436,535,6
14437,536,7
14438,537,8
14439,538,9
14440,539,10
14441,540,1
14442,541,2
14443,542,3
14444,543,4
14445,544,5
14446,545,6
14447,546,7
14448,547,8
14449,548,9
14450,549,10
14451,550,1
14452,551,2
14453,552,3
14454,553,4
14455,554,5
14456,555,6
14457,556,7
14458,557,8
14459,558,9
14460,559,10
14461,560,1
14462,561,2
14463,562,3
14464,563,4
14465,564,5
14466,565,6
14467,566,7
14468,567,8
14469,568,9
14470,569,10
14471,570,1
14472,571,2
14473,572,3
14474,573,4
14475,574,5
14476,575,6
14477,576,7
14478,577,8
14479,578,9
14480,579,10
14481,580,1
14482,581,2
14483,582,3
14484,583,4
14485,584,5
14486,585,6
14487,586,7
14488,587,8
14489,588,9
14490,589,10
14491,590,1
14492,591,2
14493,592,3
14494,593,4
14495,594,5
14496,595,6
14497,596,7
14498,597,8
14499,598,9
14500,599,10
14501,600,1
14502,601,2
14503,602,3
14504,603,4
14505,604,5
14506,605,6
14507,606,7
14508,607,8
14509,608,9
14510,609,10
14511,610,1
14512,611,2
14513,612,3
14514,613,4
14515,614,5
14516,615,6
14517,616,7
14518,617,8
14519,618,9
14520,619,10
14521,620,1
14522,621,2
14523,622,3
14524,623,4
14525,624,5
14526,625,6
14527,626,7
14528,627,8
14529,628,9
14530,629,10
14531,630,1
14532,631,2
14533,632,3
14534,633,4
14535,634,5
14536,635,6
14537,636,7
14538,637,8
14539,638,9
14540,639,10
14541,640,1
14542,641,2
14543,642,3
14544,643,4
14545,644,5
14546,645,6
14547,646,7
14548,647,8
14549,648,9
14550,649,10
14551,650,1
14552,651,2
14553,652,3
14554,653,4
14555,654,5
14556,655,6
14557,656,7
14558,657,8
14559,658,9
14560,659,10
14561,660,1
14562,661,2
14563,662,3
14564,663,4
14565,664,5
14566,665,6
14567,666,7
14568,667,8
14569,668,9
14570,669,10
14571,670,1
14572,671,2
14573,672,3
14574,673,4
14575,674,5
14576,675,6
14577,676,7
14578,677,8
14579,678,9
14580,679,10
14581,680,1
14582,681,2
14583,682,3
14584,683,4
14585,684,5
14586,685,6
14587,686,7
14588,687,8
14589,688,9
14590,689,10
14591,690,1
14592,691,2
14593,692,3
14594,693,4
14595,694,5
14596,695,6
14597,696,7
14598,697,8
14599,698,9
14600,699,10
14601,700,1
14602,701,2
14603,702,3
14604,703,4
14605,704,5
14606,705,6
14607,706,7
14608,707,8
14609,708,9
14610,709,10
14611,710,1
14612,711,2
14613,712,3
14614,713,4
14615,714,5
14616,715,6
14617,716,7
14618,717,8
14619,718,9
14620,719,10
14621,720,1
14622,721,2
14623,722,3
14624,723,4
14625,724,5
14626,725,6
14627,726,7
14628,727,8
14629,728,9
14630,729,10
14631,730,1
14632,731,2
14633,732,3
14634,733,4
14635,734,5
14636,735,6
14637,736,7
14638,737,8
14639,738,9
14640,739,10
14641,740,1
14642,741,2
14643,742,3
14644,743,4
14645,744,5
14646,745,6
14647,746,7
14648,747,8
14649,748,9
14650,749,10
14651,750,1
14652,751,2
14653,752,3
14654,753,4
14655,754,5
14656,755,6
14657,756,7
14658,757,8
14659,758,9
14660,759,10
14661,760,1
14662,761,2
14663,762,3
14664,763,4
14665,764,5
14666,765,6
14667,766,7
14668,767,8
14669,768,9
14670,769,10
14671,770,1
14672,771,2
14673,772,3
14674,773,4
14675,774,5
14676,775,6
14677,776,7
14678,777,8
14679,778,9
14680,779,10
14681,780,1
14682,781,2
14683,782,3
14684,783,4
14685,784,5
14686,785,6
14687,786,7
14688,787,8
14689,788,9
14690,789,10
14691,790,1
14692,791,2
14693,792,3
14694,793,4
14695,794,5
14696,795,6
14697,796,7
14698,797,8
14699,798,9
14700,799,10
14701,800,1
14702,801,2
14703,802,3
14704,803,4
14705,804,5
14706,805,6
14707,806,7
14708,807,8
14709,808,9
14710,809,10
14711,810,1
14712,811,2
14713,812,3
14714,813,4
14715,814,5
14716,815,6
14717,816,7
14718,817,8
14719,818,9
14720,819,10
14721,820,1
14722,821,2
14723,822,3
14724,823,4
14725,824,5
14726,825,6
14727,826,7
14728,827,8
14729,828,9
14730,829,10
14731,830,1
14732,831,2
14733,832,3
14734,833,4
14735,834,5
14736,835,6
14737,836,7
14738,837,8
14739,838,9
14740,839,10
14741,840,1
14742,841,2
14743,842,3
14744,843,4
14745,844,5
14746,845,6
14747,846,7
14748,847,8
14749,848,9
14750,849,10
14751,850,1
14752,851,2
14753,852,3
14754,853,4
14755,854,5
14756,855,6
14757,856,7
14758,857,8
14759,858,9
14760,859,10
14761,860,1
14762,861,2
14763,862,3
14764,863,4
14765,864,5
14766,865,6
14767,866,7
14768,867,8
14769,868,9
14770,869,10
14771,870,1
14772,871,2
14773,872,3
14774,873,4
14775,874,5
14776,875,6
14777,876,7
14778,877,8
14779,878,9
14780,879,10
14781,880,1
14782,881,2
14783,882,3
14784,883,4
14785,884,5
14786,885,6
14787,886,7
14788,887,8
14789,888,9
14790,889,10
14791,890,1
14792,891,2
14793,892,3
14794,893,4
14795,894,5
14796,895,6
14797,896,7
14798,897,8
14799,898,9
14800,899,10
14801,900,1
14802,901,2
14803,902,3
14804,903,4
14805,904,5
14806,905,6
14807,906,7
14808,907,8
14809,908,9
14810,909,10
14811,910,1
14812,911,2
14813,912,3
14814,913,4
14815,914,5
14816,915,6
14817,916,7
14818,917,8
14819,918,9
14820,919,10
14821,920,1
14822,921,2
14823,922,3
14824,923,4
14825,924,5
14826,925,6
14827,926,7
14828,927,8
14829,928,9
14830,929,10
14831,930,1
14832,931,2
14833,932,3
14834,933,4
14835,934,5
14836,935,6
14837,936,7
14838,937,8
14839,938,9
14840,939,10
14841,940,1
14842,941,2
14843,942,3
14844,943,4
14845,944,5
14846,945,6
14847,946,7
14848,947,8
14849,948,9
14850,949,10
14851,950,1
14852,951,2
14853,952,3
14854,953,4
14855,954,5
14856,955,6
14857,956,7
14858,957,8
14859,958,9
14860,959,10
14861,960,1
14862,961,2
14863,962,3
14864,963,4
14865,964,5
14866,965,6
14867,966,7
14868,967,8
14869,968,9
14870,969,10
14871,970,1
14872,971,2
14873,972,3
14874,973,4
14875,974,5
14876,975,6
14877,976,7
14878,977,8
14879,978,9
14880,979,10
14881,980,1
14882,981,2
14883,982,3
14884,983,4
14885,984,5
14886,985,6
14887,986,7
14888,987,8
14889,988,9
14890,989,10
14891,990,1
14892,991,2
14893,992,3
14894,993,4
14895,994,5
14896,995,6
14897,996,7
14898,997,8
14899,998,9
14900,999,10
14901,1000,1
14902,1001,2
14903,1002,3
14904,1003,4
14905,1004,5
14906,1005,6
14907,1006,7
14908,1007,8
14909,1008,9
14910,1009,10
14911,1010,1
14912,1011,2
14913,1012,3
14914,1013,4
14915,1014,5
14916,1015,6
14917,1016,7
14918,1017,8
14919,1018,9
14920,1019,10
14921,1020,1
14922,1021,2
14923,1022,3
14924,1023,4
14925,1024,5
14926,1025,6
14927,1026,7
14928,1027,8
14929,1028,9
14930,1029,10
14931,1030,1
14932,1031,2
14933,1032,3
14934,1033,4
14935,1034,5
14936,1035,6
14937,1036,7
14938,1037,8
14939,1038,9
14940,1039,10
14941,1040,1
14942,1041,2
14943,1042,3
14944,1043,4
14945,1044,5
14946,1045,6
14947,1046,7
14948,1047,8
14949,1048,9
14950,1049,10
14951,1050,1
14952,1051,2
14953,1052,3
14954,1053,4
14955,1054,5
14956,1055,6
14957,1056,7
14958,1057,8
14959,1058,9
14960,1059,10
14961,1060,1
14962,1061,2
14963,1062,3
14964,1063,4
14965,1064,5
14966,1065,6
14967,1066,7
14968,1067,8
14969,1068,9
14970,1069,10
14971,1070,1
14972,1071,2
14973,1072,3
14974,1073,4
14975,1074,5
14976,1075,6
14977,1076,7
14978,1077,8
14979,1078,9
14980,1079,10
14981,1080,1
14982,1081,2
14983,1082,3
14984,1083,4
14985,1084,5
14986,1085,6
14987,1086,7
14988,1087,8
14989,1088,9
14990,1089,10
14991,1090,1
14992,1091,2
14993,1092,3
14994,1093,4
14995,1094,5
14996,1095,6
14997,1096,7
14998,1097,8
14999,1098,9
15000,1099,10
15001,100,1
15002,101,2
15003,102,3
15004,103,4
15005,104,5
15006,105,6
15007,106,7
15008,107,8
15009,108,9
15010,109,10
15011,110,1
15012,111,2
15013,112,3
15014,113,4
15015,114,5
15016,115,6
15017,116,7
15018,117,8
15019,118,9
15020,119,10
15021,120,1
15022,121,2
15023,122,3
15024,123,4
15025,124,5
15026,125,6
15027,126,7
15028,127,8
15029,128,9
15030,129,10
15031,130,1
15032,131,2
15033,132,3
15034,133,4
15035,134,5
15036,135,6
15037,136,7
15038,137,8
15039,138,9
15040,139,10
15041,140,1
15042,141,2
15043,142,3
15044,143,4
15045,144,5
15046,145,6
15047,146,7
15048,147,8
15049,148,9
15050,149,10
15051,150,1
15052,151,2
15053,152,3
15054,153,4
15055,154,5
15056,155,6
15057,156,7
15058,157,8
15059,158,9
15060,159,10
15061,160,1
15062,161,2
15063,162,3
15064,163,4
15065,164,5
15066,165,6
15067,166,7
15068,167,8
15069,168,9
15070,169,10
15071,170,1
15072,171,2
15073,172,3
15074,173,4
15075,174,5
15076,175,6
15077,176,7
15078,177,8
15079,178,9
15080,179,10
15081,180,1
15082,181,2
15083,182,3
15084,183,4
15085,184,5
15086,185,6
15087,186,7
15088,187,8
15089,188,9
15090,189,10
15091,190,1
15092,191,2
15093,192,3
15094,193,4
15095,194,5
15096,195,6
15097,196,7
15098,197,8
15099,198,9
15100,199,10
15101,200,1
15102,201,2
15103,202,3
15104,203,4
15105,204,5
15106,205,6
15107,206,7
15108,207,8
15109,208,9
15110,209,10
15111,210,1
15112,211,2
15113,212,3
15114,213,4
15115,214,5
15116,215,6
15117,216,7
15118,217,8
15119,218,9
15120,219,10
15121,220,1
15122,221,2
15123,222,3
15124,223,4
15125,224,5
15126,225,6
15127,226,7
15128,227,8
15129,228,9
15130,229,10
15131,230,1
15132,231,2
15133,232,3
15134,233,4
15135,234,5
15136,235,6
15137,236,7
15138,237,8
15139,238,9
15140,239,10
15141,240,1
15142,241,2
15143,242,3
15144,243,4
15145,244,5
15146,245,6
15147,246,7
15148,247,8
15149,248,9
15150,249,10
15151,250,1
15152,251,2
15153,252,3
15154,253,4
15155,254,5
15156,255,6
15157,256,7
15158,257,8
15159,258,9
15160,259,10
15161,260,1
15162,261,2
15163,262,3
15164,263,4
15165,264,5
15166,265,6
15167,266,7
15168,267,8
15169,268,9
15170,269,10
15171,270,1
15172,271,2
15173,272,3
15174,273,4
15175,274,5
15176,275,6
15177,276,7
15178,277,8
15179,278,9
15180,279,10
15181,280,1
15182,281,2
15183,282,3
15184,283,4
15185,284,5
15186,285,6
15187,286,7
15188,287,8
15189,288,9
15190,289,10
15191,290,1
15192,291,2
15193,292,3
15194,293,4
15195,294,5
15196,295,6
15197,296,7
15198,297,8
15199,298,9
15200,299,10
15201,300,1
15202,301,2
15203,302,3
15204,303,4
15205,304,5
15206,305,6
15207,306,7
15208,307,8
15209,308,9
15210,309,10
15211,310,1
15212,311,2
15213,312,3
15214,313,4
15215,314,5
15216,315,6
15217,316,7
15218,317,8
15219,318,9
15220,319,10
15221,320,1
15222,321,2
15223,322,3
15224,323,4
15225,324,5
15226,325,6
15227,326,7
15228,327,8
15229,328,9
15230,329,10
15231,330,1
15232,331,2
15233,332,3
15234,333,4
15235,334,5
15236,335,6
15237,336,7
15238,337,8
15239,338,9
15240,339,10
15241,340,1
15242,341,2
15243,342,3
15244,343,4
15245,344,5
15246,345,6
15247,346,7
15248,347,8
15249,348,9
15250,349,10
15251,350,1
15252,351,2
15253,352,3
15254,353,4
15255,354,5
15256,355,6
15257,356,7
15258,357,8
15259,358,9
15260,359,10
15261,360,1
15262,361,2
15263,362,3
15264,363,4
15265,364,5
15266,365,6
15267,366,7
15268,367,8
15269,368,9
15270,369,10
15271,370,1
15272,371,2
15273,372,3
15274,373,4
15275,374,5
15276,375,6
15277,376,7
15278,377,8
15279,378,9
15280,379,10
15281,380,1
15282,381,2
15283,382,3
15284,383,4
15285,384,5
15286,385,6
15287,386,7
15288,387,8
15289,388,9
15290,389,10
15291,390,1
15292,391,2
15293,392,3
15294,393,4
15295,394,5
15296,395,6
15297,396,7
15298,397,8
15299,398,9
15300,399,10
15301,400,1
15302,401,2
15303,402,3
15304,403,4
15305,404,5
15306,405,6
15307,406,7
15308,407,8
15309,408,9
15310,409,10
15311,410,1
15312,411,2
15313,412,3
15314,413,4
15315,414,5
15316,415,6
15317,416,7
15318,417,8
15319,418,9
15320,419,10
15321,420,1
15322,421,2
15323,422,3
15324,423,4
15325,424,5
15326,425,6
15327,426,7
15328,427,8
15329,428,9
15330,429,10
15331,430,1
15332,431,2
15333,432,3
15334,433,4
15335,434,5
15336,435,6
15337,436,7
15338,437,8
15339,438,9
15340,439,10
15341,440,1
15342,441,2
15343,442,3
15344,443,4
15345,444,5
15346,445,6
15347,446,7
15348,447,8
15349,448,9
15350,449,10
15351,450,1
15352,451,2
15353,452,3
15354,453,4
15355,454,5
15356,455,6
15357,456,7
15358,457,8
15359,458,9
15360,459,10
15361,460,1
15362,461,2
15363,462,3
15364,463,4
15365,464,5
15366,465,6
15367,466,7
15368,467,8
15369,468,9
15370,469,10
15371,470,1
15372,471,2
15373,472,3
15374,473,4
15375,474,5
15376,475,6
15377,476,7
15378,477,8
15379,478,9
15380,479,10
15381,480,1
15382,481,2
15383,482,3
15384,483,4
15385,484,5
15386,485,6
15387,486,7
15388,487,8
15389,488,9
15390,489,10
15391,490,1
15392,491,2
15393,492,3
15394,493,4
15395,494,5
15396,495,6
15397,496,7
15398,497,8
15399,498,9
15400,499,10
15401,500,1
15402,501,2
15403,502,3
15404,503,4
15405,504,5
15406,505,6
15407,506,7
15408,507,8
15409,508,9
15410,509,10
15411,510,1
15412,511,2
15413,512,3
15414,513,4
15415,514,5
15416,515,6
15417,516,7
15418,517,8
15419,518,9
15420,519,10
15421,520,1
15422,521,2
15423,522,3
15424,523,4
15425,524,5
15426,525,6
15427,526,7
15428,527,8
15429,528,9
15430,529,10
15431,530,1
15432,531,2
15433,532,3
15434,533,4
15435,534,5
15436,535,6
15437,536,7
15438,537,8
15439,538,9
15440,539,10
15441,540,1
15442,541,2
15443,542,3
15444,543,4
15445,544,5
15446,545,6
15447,546,7
15448,547,8
15449,548,9
15450,549,10
15451,550,1
15452,551,2
15453,552,3
15454,553,4
15455,554,5
15456,555,6
15457,556,7
15458,557,8
15459,558,9
15460,559,10
15461,560,1
15462,561,2
15463,562,3
15464,563,4
15465,564,5
15466,565,6
15467,566,7
15468,567,8
15469,568,9
15470,569,10
15471,570,1
15472,571,2
15473,572,3
15474,573,4
15475,574,5
15476,575,6
15477,576,7
15478,577,8
15479,578,9
15480,579,10
15481,580,1
15482,581,2
15483,582,3
15484,583,4
15485,584,5
15486,585,6
15487,586,7
15488,587,8
15489,588,9
15490,589,10
15491,590,1
15492,591,2
15493,592,3
15494,593,4
15495,594,5
15496,595,6
15497,596,7
15498,597,8
15499,598,9
15500,599,10
15501,600,1
15502,601,2
15503,602,3
15504,603,4
15505,604,5
15506,605,6
15507,606,7
15508,607,8
15509,608,9
15510,609,10
15511,610,1
15512,611,2
15513,612,3
15514,613,4
15515,614,5
15516,615,6
15517,616,7
15518,617,8
15519,618,9
15520,619,10
15521,620,1
15522,621,2
15523,622,3
15524,623,4
15525,624,5
15526,625,6
15527,626,7
15528,627,8
15529,628,9
15530,629,10
15531,630,1
15532,631,2
15533,632,3
15534,633,4
15535,634,5
15536,635,6
15537,636,7
15538,637,8
15539,638,9
15540,639,10
15541,640,1
15542,641,2
15543,642,3
15544,643,4
15545,644,5
15546,645,6
15547,646,7
15548,647,8
15549,648,9
15550,649,10
15551,650,1
15552,651,2
15553,652,3
15554,653,4
15555,654,5
15556,655,6
15557,656,7
15558,657,8
15559,658,9
15560,659,10
15561,660,1
15562,661,2
15563,662,3
15564,663,4
15565,664,5
15566,665,6
15567,666,7
15568,667,8
15569,668,9
15570,669,10
15571,670,1
15572,671,2
15573,672,3
15574,673,4
15575,674,5
15576,675,6
15577,676,7
15578,677,8
15579,678,9
15580,679,10
15581,680,1
15582,681,2
15583,682,3
15584,683,4
15585,684,5
15586,685,6
15587,686,7
15588,687,8
15589,688,9
15590,689,10
15591,690,1
15592,691,2
15593,692,3
15594,693,4
15595,694,5
15596,695,6
15597,696,7
15598,697,8
15599,698,9
15600,699,10
15601,700,1
15602,701,2
15603,702,3
15604,703,4
15605,704,5
15606,705,6
15607,706,7
15608,707,8
15609,708,9
15610,709,10
15611,710,1
15612,711,2
15613,712,3
15614,713,4
15615,714,5
15616,715,6
15617,716,7
15618,717,8
15619,718,9
15620,719,10
15621,720,1
15622,721,2
15623,722,3
15624,723,4
15625,724,5
15626,725,6
15627,726,7
15628,727,8
15629,728,9
15630,729,10
15631,730,1
15632,731,2
15633,732,3
15634,733,4
15635,734,5
15636,735,6
15637,736,7
15638,737,8
15639,738,9
15640,739,10
15641,740,1
15642,741,2
15643,742,3
15644,743,4
15645,744,5
15646,745,6
15647,746,7
15648,747,8
15649,748,9
15650,749,10
15651,750,1
15652,751,2
15653,752,3
15654,753,4
15655,754,5
15656,755,6
15657,756,7
15658,757,8
15659,758,9
15660,759,10
15661,760,1
15662,761,2
15663,762,3
15664,763,4
15665,764,5
15666,765,6
15667,766,7
15668,767,8
15669,768,9
15670,769,10
15671,770,1
15672,771,2
15673,772,3
15674,773,4
15675,774,5
15676,775,6
15677,776,7
15678,777,8
15679,778,9
15680,779,10
15681,780,1
15682,781,2
15683,782,3
15684,783,4
15685,784,5
15686,785,6
15687,786,7
15688,787,8
15689,788,9
15690,789,10
15691,790,1
15692,791,2
15693,792,3
15694,793,4
15695,794,5
15696,795,6
15697,796,7
15698,797,8
15699,798,9
15700,799,10
15701,800,1
15702,801,2
15703,802,3
15704,803,4
15705,804,5
15706,805,6
15707,806,7
15708,807,8
15709,808,9
15710,809,10
15711,810,1
15712,811,2
15713,812,3
15714,813,4
15715,814,5
15716,815,6
15717,816,7
15718,817,8
15719,818,9
15720,819,10
15721,820,1
15722,821,2
15723,822,3
15724,823,4
15725,824,5
15726,825,6
15727,826,7
15728,827,8
15729,828,9
15730,829,10
15731,830,1
15732,831,2
15733,832,3
15734,833,4
15735,834,5
15736,835,6
15737,836,7
15738,837,8
15739,838,9
15740,839,10
15741,840,1
15742,841,2
15743,842,3
15744,843,4
15745,844,5
15746,845,6
15747,846,7
15748,847,8
15749,848,9
15750,849,10
15751,850,1
15752,851,2
15753,852,3
15754,853,4
15755,854,5
15756,855,6
15757,856,7
15758,857,8
15759,858,9
15760,859,10
15761,860,1
15762,861,2
15763,862,3
15764,863,4
15765,864,5
15766,865,6
15767,866,7
15768,867,8
15769,868,9
15770,869,10
15771,870,1
15772,871,2
15773,872,3
15774,873,4
15775,874,5
15776,875,6
15777,876,7
15778,877,8
15779,878,9
15780,879,10
15781,880,1
15782,881,2
15783,882,3
15784,883,4
15785,884,5
15786,885,6
15787,886,7
15788,887,8
15789,888,9
15790,889,10
15791,890,1
15792,891,2
15793,892,3
15794,893,4
15795,894,5
15796,895,6
15797,896,7
15798,897,8
15799,898,9
15800,899,10
15801,900,1
15802,901,2
15803,902,3
15804,903,4
15805,904,5
15806,905,6
15807,906,7
15808,907,8
15809,908,9
15810,909,10
15811,910,1
15812,911,2
15813,912,3
15814,913,4
15815,914,5
15816,915,6
15817,916,7
15818,917,8
15819,918,9
15820,919,10
15821,920,1
15822,921,2
15823,922,3
15824,923,4
15825,924,5
15826,925,6
15827,926,7
15828,927,8
15829,928,9
15830,929,10
15831,930,1
15832,931,2
15833,932,3
15834,933,4
15835,934,5
15836,935,6
15837,936,7
15838,937,8
15839,938,9
15840,939,10
15841,940,1
15842,941,2
15843,942,3
15844,943,4
15845,944,5
15846,945,6
15847,946,7
15848,947,8
15849,948,9
15850,949,10
15851,950,1
15852,951,2
15853,952,3
15854,953,4
15855,954,5
15856,955,6
15857,956,7
15858,957,8
15859,958,9
15860,959,10
15861,960,1
15862,961,2
15863,962,3
15864,963,4
15865,964,5
15866,965,6
15867,966,7
15868,967,8
15869,968,9
15870,969,10
15871,970,1
15872,971,2
15873,972,3
15874,973,4
15875,974,5
15876,975,6
15877,976,7
15878,977,8
15879,978,9
15880,979,10
15881,980,1
15882,981,2
15883,982,3
15884,983,4
15885,984,5
15886,985,6
15887,986,7
15888,987,8
15889,988,9
15890,989,10
15891,990,1
15892,991,2
15893,992,3
15894,993,4
15895,994,5
15896,995,6
15897,996,7
15898,997,8
15899,998,9
15900,999,10
15901,1000,1
15902,1001,2
15903,1002,3
15904,1003,4
15905,1004,5
15906,1005,6
15907,1006,7
15908,1007,8
15909,1008,9
15910,1009,10
15911,1010,1
15912,1011,2
15913,1012,3
15914,1013,4
15915,1014,5
15916,1015,6
15917,1016,7
15918,1017,8
15919,1018,9
15920,1019,10
15921,1020,1
15922,1021,2
15923,1022,3
15924,1023,4
15925,1024,5
15926,1025,6
15927,1026,7
15928,1027,8
15929,1028,9
15930,1029,10
15931,1030,1
15932,1031,2
15933,1032,3
15934,1033,4
15935,1034,5
15936,1035,6
15937,1036,7
15938,1037,8
15939,1038,9
15940,1039,10
15941,1040,1
15942,1041,2
15943,1042,3
15944,1043,4
15945,1044,5
15946,1045,6
15947,1046,7
15948,1047,8
15949,1048,9
15950,1049,10
15951,1050,1
15952,1051,2
15953,1052,3
15954,1053,4
15955,1054,5
15956,1055,6
15957,1056,7
15958,1057,8
15959,1058,9
15960,1059,10
15961,1060,1
15962,1061,2
15963,1062,3
15964,1063,4
15965,1064,5
15966,1065,6
15967,1066,7
15968,1067,8
15969,1068,9
15970,1069,10
15971,1070,1
15972,1071,2
15973,1072,3
15974,1073,4
15975,1074,5
15976,1075,6
15977,1076,7
15978,1077,8
15979,1078,9
15980,1079,10
15981,1080,1
15982,1081,2
15983,1082,3
15984,1083,4
15985,1084,5
15986,1085,6
15987,1086,7
15988,1087,8
15989,1088,9
15990,1089,10
15991,1090,1
15992,1091,2
15993,1092,3
15994,1093,4
15995,1094,5
15996,1095,6
15997,1096,7
15998,1097,8
15999,1098,9
16000,1099,10
16001,100,1
16002,101,2
16003,102,3
16004,103,4
16005,104,5
16006,105,6
16007,106,7
16008,107,8
16009,108,9
16010,109,10
16011,110,1
16012,111,2
16013,112,3
16014,113,4
16015,114,5
16016,115,6
16017,116,7
16018,117,8
16019,118,9
16020,119,10
16021,120,1
16022,121,2
16023,122,3
16024,123,4
16025,124,5
16026,125,6
16027,126,7
16028,127,8
16029,128,9
16030,129,10
16031,130,1
16032,131,2
16033,132,3
16034,133,4
16035,134,5
16036,135,6
16037,136,7
16038,137,8
16039,138,9
16040,139,10
16041,140,1
16042,141,2
16043,142,3
16044,143,4
16045,144,5
16046,145,6
16047,146,7
16048,147,8
16049,148,9
16050,149,10
16051,150,1
16052,151,2
16053,152,3
16054,153,4
16055,154,5
16056,155,6
16057,156,7
16058,157,8
16059,158,9
16060,159,10
16061,160,1
16062,161,2
16063,162,3
16064,163,4
16065,164,5
16066,165,6
16067,166,7
16068,167,8
16069,168,9
16070,169,10
16071,170,1
16072,171,2
16073,172,3
16074,173,4
16075,174,5
16076,175,6
16077,176,7
16078,177,8
16079,178,9
16080,179,10
16081,180,1
16082,181,2
16083,182,3
16084,183,4
16085,184,5
16086,185,6
16087,186,7
16088,187,8
16089,188,9
16090,189,10
16091,190,1
16092,191,2
16093,192,3
16094,193,4
16095,194,5
16096,195,6
16097,196,7
16098,197,8
16099,198,9
16100,199,10
16101,200,1
16102,201,2
16103,202,3
16104,203,4
16105,204,5
16106,205,6
16107,206,7
16108,207,8
16109,208,9
16110,209,10
16111,210,1
16112,211,2
16113,212,3
16114,213,4
16115,214,5
16116,215,6
16117,216,7
16118,217,8
16119,218,9
16120,219,10
16121,220,1
16122,221,2
16123,222,3
16124,223,4
16125,224,5
16126,225,6
16127,226,7
16128,227,8
16129,228,9
16130,229,10
16131,230,1
16132,231,2
16133,232,3
16134,233,4
16135,234,5
16136,235,6
16137,236,7
16138,237,8
16139,238,9
16140,239,10
16141,240,1
16142,241,2
16143,242,3
16144,243,4
16145,244,5
16146,245,6
16147,246,7
16148,247,8
16149,248,9
16150,249,10
16151,250,1
16152,251,2
16153,252,3
16154,253,4
16155,254,5
16156,255,6
16157,256,7
16158,257,8
16159,258,9
16160,259,10
16161,260,1
16162,261,2
16163,262,3
16164,263,4
16165,264,5
16166,265,6
16167,266,7
16168,267,8
16169,268,9
16170,269,10
16171,270,1
16172,271,2
16173,272,3
16174,273,4
16175,274,5
16176,275,6
16177,276,7
16178,277,8
16179,278,9
16180,279,10
16181,280,1
16182,281,2
16183,282,3
16184,283,4
16185,284,5
16186,285,6
16187,286,7
16188,287,8
16189,288,9
16190,289,10
16191,290,1
16192,291,2
16193,292,3
16194,293,4
16195,294,5
16196,295,6
16197,296,7
16198,297,8
16199,298,9
16200,299,10
16201,300,1
16202,301,2
16203,302,3
16204,303,4
16205,304,5
16206,305,6
16207,306,7
16208,307,8
16209,308,9
16210,309,10
16211,310,1
16212,311,2
16213,312,3
16214,313,4
16215,314,5
16216,315,6
16217,316,7
16218,317,8
16219,318,9
16220,319,10
16221,320,1
16222,321,2
16223,322,3
16224,323,4
16225,324,5
16226,325,6
16227,326,7
16228,327,8
16229,328,9
16230,329,10
16231,330,1
16232,331,2
16233,332,3
16234,333,4
16235,334,5
16236,335,6
16237,336,7
16238,337,8
16239,338,9
16240,339,10
16241,340,1
16242,341,2
16243,342,3
16244,343,4
16245,344,5
16246,345,6
16247,346,7
16248,347,8
16249,348,9
16250,349,10
16251,350,1
16252,351,2
16253,352,3
16254,353,4
16255,354,5
16256,355,6
16257,356,7
16258,357,8
16259,358,9
16260,359,10
16261,360,1
16262,361,2
16263,362,3
16264,363,4
16265,364,5
16266,365,6
16267,366,7
16268,367,8
16269,368,9
16270,369,10
16271,370,1
16272,371,2
16273,372,3
16274,373,4
16275,374,5
16276,375,6
16277,376,7
16278,377,8
16279,378,9
16280,379,10
16281,380,1
16282,381,2
16283,382,3
16284,383,4
16285,384,5
16286,385,6
16287,386,7
16288,387,8
16289,388,9
16290,389,10
16291,390,1
16292,391,2
16293,392,3
16294,393,4
16295,394,5
16296,395,6
16297,396,7
16298,397,8
16299,398,9
16300,399,10
16301,400,1
16302,401,2
16303,402,3
16304,403,4
16305,404,5
16306,405,6
16307,406,7
16308,407,8
16309,408,9
16310,409,10
16311,410,1
16312,411,2
16313,412,3
16314,413,4
16315,414,5
16316,415,6
16317,416,7
16318,417,8
16319,418,9
16320,419,10
16321,420,1
16322,421,2
16323,422,3
16324,423,4
16325,424,5
16326,425,6
16327,426,7
16328,427,8
16329,428,9
16330,429,10
16331,430,1
16332,431,2
16333,432,3
16334,433,4
16335,434,5
16336,435,6
16337,436,7
16338,437,8
16339,438,9
16340,439,10
16341,440,1
16342,441,2
16343,442,3
16344,443,4
16345,444,5
16346,445,6
16347,446,7
16348,447,8
16349,448,9
16350,449,10
16351,450,1
16352,451,2
16353,452,3
16354,453,4
16355,454,5
16356,455,6
16357,456,7
16358,457,8
16359,458,9
16360,459,10
16361,460,1
16362,461,2
16363,462,3
16364,463,4
16365,464,5
16366,465,6
16367,466,7
16368,467,8
16369,468,9
16370,469,10
16371,470,1
16372,471,2
16373,472,3
16374,473,4
16375,474,5
16376,475,6
16377,476,7
16378,477,8
16379,478,9
16380,479,10
16381,480,1
16382,481,2
16383,482,3
16384,483,4
16385,484,5
16386,485,6
16387,486,7
16388,487,8
16389,488,9
16390,489,10
16391,490,1
16392,491,2
16393,492,3
16394,493,4
16395,494,5
16396,495,6
16397,496,7
16398,497,8
16399,498,9
16400,499,10
16401,500,1
16402,501,2
16403,502,3
16404,503,4
16405,504,5
16406,505,6
16407,506,7
16408,507,8
16409,508,9
16410,509,10
16411,510,1
16412,511,2
16413,512,3
16414,513,4
16415,514,5
16416,515,6
16417,516,7
16418,517,8
16419,518,9
16420,519,10
16421,520,1
16422,521,2
16423,522,3
16424,523,4
16425,524,5
16426,525,6
16427,526,7
16428,527,8
16429,528,9
16430,529,10
16431,530,1
16432,531,2
16433,532,3
16434,533,4
16435,534,5
16436,535,6
16437,536,7
16438,537,8
16439,538,9
16440,539,10
16441,540,1
16442,541,2
16443,542,3
16444,543,4
16445,544,5
16446,545,6
16447,546,7
16448,547,8
16449,548,9
16450,549,10
16451,550,1
16452,551,2
16453,552,3
16454,553,4
16455,554,5
16456,555,6
16457,556,7
16458,557,8
16459,558,9
16460,559,10
16461,560,1
16462,561,2
16463,562,3
16464,563,4
16465,564,5
16466,565,6
16467,566,7
16468,567,8
16469,568,9
16470,569,10
16471,570,1
16472,571,2
16473,572,3
16474,573,4
16475,574,5
16476,575,6
16477,576,7
16478,577,8
16479,578,9
16480,579,10
16481,580,1
16482,581,2
16483,582,3
16484,583,4
16485,584,5
16486,585,6
16487,586,7
16488,587,8
16489,588,9
16490,589,10
16491,590,1
16492,591,2
16493,592,3
16494,593,4
16495,594,5
16496,595,6
16497,596,7
16498,597,8
16499,598,9
16500,599,10
16501,600,1
16502,601,2
16503,602,3
16504,603,4
16505,604,5
16506,605,6
16507,606,7
16508,607,8
16509,608,9
16510,609,10
16511,610,1
16512,611,2
16513,612,3
16514,613,4
16515,614,5
16516,615,6
16517,616,7
16518,617,8
16519,618,9
16520,619,10
16521,620,1
16522,621,2
16523,622,3
16524,623,4
16525,624,5
16526,625,6
16527,626,7
16528,627,8
16529,628,9
16530,629,10
16531,630,1
16532,631,2
16533,632,3
16534,633,4
16535,634,5
16536,635,6
16537,636,7
16538,637,8
16539,638,9
16540,639,10
16541,640,1
16542,641,2
16543,642,3
16544,643,4
16545,644,5
16546,645,6
16547,646,7
16548,647,8
16549,648,9
16550,649,10
16551,650,1
16552,651,2
16553,652,3
16554,653,4
16555,654,5
16556,655,6
16557,656,7
16558,657,8
16559,658,9
16560,659,10
16561,660,1
16562,661,2
16563,662,3
16564,663,4
16565,664,5
16566,665,6
16567,666,7
16568,667,8
16569,668,9
16570,669,10
16571,670,1
16572,671,2
16573,672,3
16574,673,4
16575,674,5
16576,675,6
16577,676,7
16578,677,8
16579,678,9
16580,679,10
16581,680,1
16582,681,2
16583,682,3
16584,683,4
16585,684,5
16586,685,6
16587,686,7
16588,687,8
16589,688,9
16590,689,10
16591,690,1
16592,691,2
16593,692,3
16594,693,4
16595,694,5
16596,695,6
16597,696,7
16598,697,8
16599,698,9
16600,699,10
16601,700,1
16602,701,2
16603,702,3
16604,703,4
16605,704,5
16606,705,6
16607,706,7
16608,707,8
16609,708,9
16610,709,10
16611,710,1
16612,711,2
16613,712,3
16614,713,4
16615,714,5
16616,715,6
16617,716,7
16618,717,8
16619,718,9
16620,719,10
16621,720,1
16622,721,2
16623,722,3
16624,723,4
16625,724,5
16626,725,6
16627,726,7
16628,727,8
16629,728,9
16630,729,10
16631,730,1
16632,731,2
16633,732,3
16634,733,4
16635,734,5
16636,735,6
16637,736,7
16638,737,8
16639,738,9
16640,739,10
16641,740,1
16642,741,2
16643,742,3
16644,743,4
16645,744,5
16646,745,6
16647,746,7
16648,747,8
16649,748,9
16650,749,10
16651,750,1
16652,751,2
16653,752,3
16654,753,4
16655,754,5
16656,755,6
16657,756,7
16658,757,8
16659,758,9
16660,759,10
16661,760,1
16662,761,2
16663,762,3
16664,763,4
16665,764,5
16666,765,6
16667,766,7
16668,767,8
16669,768,9
16670,769,10
16671,770,1
16672,771,2
16673,772,3
16674,773,4
16675,774,5
16676,775,6
16677,776,7
16678,777,8
16679,778,9
16680,779,10
16681,780,1
16682,781,2
16683,782,3
16684,783,4
16685,784,5
16686,785,6
16687,786,7
16688,787,8
16689,788,9
16690,789,10
16691,790,1
16692,791,2
16693,792,3
16694,793,4
16695,794,5
16696,795,6
16697,796,7
16698,797,8
16699,798,9
16700,799,10
16701,800,1
16702,801,2
16703,802,3
16704,803,4
16705,804,5
16706,805,6
16707,806,7
16708,807,8
16709,808,9
16710,809,10
16711,810,1
16712,811,2
16713,812,3
16714,813,4
16715,814,5
16716,815,6
16717,816,7
16718,817,8
16719,818,9
16720,819,10
16721,820,1
16722,821,2
16723,822,3
16724,823,4
16725,824,5
16726,825,6
16727,826,7
16728,827,8
16729,828,9
16730,829,10
16731,830,1
16732,831,2
16733,832,3
16734,833,4
16735,834,5
16736,835,6
16737,836,7
16738,837,8
16739,838,9
16740,839,10
16741,840,1
16742,841,2
16743,842,3
16744,843,4
16745,844,5
16746,845,6
16747,846,7
16748,847,8
16749,848,9
16750,849,10
16751,850,1
16752,851,2
16753,852,3
16754,853,4
16755,854,5
16756,855,6
16757,856,7
16758,857,8
16759,858,9
16760,859,10
16761,860,1
16762,861,2
16763,862,3
16764,863,4
16765,864,5
16766,865,6
16767,866,7
16768,867,8
16769,868,9
16770,869,10
16771,870,1
16772,871,2
16773,872,3
16774,873,4
16775,874,5
16776,875,6
16777,876,7
16778,877,8
16779,878,9
16780,879,10
16781,880,1
16782,881,2
16783,882,3
16784,883,4
16785,884,5
16786,885,6
16787,886,7
16788,887,8
16789,888,9
16790,889,10
16791,890,1
16792,891,2
16793,892,3
16794,893,4
16795,894,5
16796,895,6
16797,896,7
16798,897,8
16799,898,9
16800,899,10
16801,900,1
16802,901,2
16803,902,3
16804,903,4
16805,904,5
16806,905,6
16807,906,7
16808,907,8
16809,908,9
16810,909,10
16811,910,1
16812,911,2
16813,912,3
16814,913,4
16815,914,5
16816,915,6
16817,916,7
16818,917,8
16819,918,9
16820,919,10
16821,920,1
16822,921,2
16823,922,3
16824,923,4
16825,924,5
16826,925,6
16827,926,7
16828,927,8
16829,928,9
16830,929,10
16831,930,1
16832,931,2
16833,932,3
16834,933,4
16835,934,5
16836,935,6
16837,936,7
16838,937,8
16839,938,9
16840,939,10
16841,940,1
16842,941,2
16843,942,3
16844,943,4
16845,944,5
16846,945,6
16847,946,7
16848,947,8
16849,948,9
16850,949,10
16851,950,1
16852,951,2
16853,952,3
16854,953,4
16855,954,5
16856,955,6
16857,956,7
16858,957,8
16859,958,9
16860,959,10
16861,960,1
16862,961,2
16863,962,3
16864,963,4
16865,964,5
16866,965,6
16867,966,7
16868,967,8
16869,968,9
16870,969,10
16871,970,1
16872,971,2
16873,972,3
16874,973,4
16875,974,5
16876,975,6
16877,976,7
16878,977,8
16879,978,9
16880,979,10
16881,980,1
16882,981,2
16883,982,3
16884,983,4
16885,984,5
16886,985,6
16887,986,7
16888,987,8
16889,988,9
16890,989,10
16891,990,1
16892,991,2
16893,992,3
16894,993,4
16895,994,5
16896,995,6
16897,996,7
16898,997,8
16899,998,9
16900,999,10
16901,1000,1
16902,1001,2
16903,1002,3
16904,1003,4
16905,1004,5
16906,1005,6
16907,1006,7
16908,1007,8
16909,1008,9
16910,1009,10
16911,1010,1
16912,1011,2
16913,1012,3
16914,1013,4
16915,1014,5
16916,1015,6
16917,1016,7
16918,1017,8
16919,1018,9
16920,1019,10
16921,1020,1
16922,1021,2
16923,1022,3
16924,1023,4
16925,1024,5
16926,1025,6
16927,1026,7
16928,1027,8
16929,1028,9
16930,1029,10
16931,1030,1
16932,1031,2
16933,1032,3
16934,1033,4
16935,1034,5
16936,1035,6
16937,1036,7
16938,1037,8
16939,1038,9
16940,1039,10
16941,1040,1
16942,1041,2
16943,1042,3
16944,1043,4
16945,1044,5
16946,1045,6
16947,1046,7
16948,1047,8
16949,1048,9
16950,1049,10
16951,1050,1
16952,1051,2
16953,1052,3
16954,1053,4
16955,1054,5
16956,1055,6
16957,1056,7
16958,1057,8
16959,1058,9
16960,1059,10
16961,1060,1
16962,1061,2
16963,1062,3
16964,1063,4
16965,1064,5
16966,1065,6
16967,1066,7
16968,1067,8
16969,1068,9
16970,1069,10
16971,1070,1
16972,1071,2
16973,1072,3
16974,1073,4
16975,1074,5
16976,1075,6
16977,1076,7
16978,1077,8
16979,1078,9
16980,1079,10
16981,1080,1
16982,1081,2
16983,1082,3
16984,1083,4
16985,1084,5
16986,1085,6
16987,1086,7
16988,1087,8
16989,1088,9
16990,1089,10
16991,1090,1
16992,1091,2
16993,1092,3
16994,1093,4
16995,1094,5
16996,1095,6
16997,1096,7
16998,1097,8
16999,1098,9
17000,1099,10
17001,100,1
17002,101,2
17003,102,3
17004,103,4
17005,104,5
17006,105,6
17007,106,7
17008,107,8
17009,108,9
17010,109,10
17011,110,1
17012,111,2
17013,112,3
17014,113,4
17015,114,5
17016,115,6
17017,116,7
17018,117,8
17019,118,9
17020,119,10
17021,120,1
17022,121,2
17023,122,3
17024,123,4
17025,124,5
17026,125,6
17027,126,7
17028,127,8
17029,128,9
17030,129,10
17031,130,1
17032,131,2
17033,132,3
17034,133,4
17035,134,5
17036,135,6
17037,136,7
17038,137,8
17039,138,9
17040,139,10
17041,140,1
17042,141,2
17043,142,3
17044,143,4
17045,144,5
17046,145,6
17047,146,7
17048,147,8
17049,148,9
17050,149,10
17051,150,1
17052,151,2
17053,152,3
17054,153,4
17055,154,5
17056,155,6
17057,156,7
17058,157,8
17059,158,9
17060,159,10
17061,160,1
17062,161,2
17063,162,3
17064,163,4
17065,164,5
17066,165,6
17067,166,7
17068,167,8
17069,168,9
17070,169,10
17071,170,1
17072,171,2
17073,172,3
17074,173,4
17075,174,5
17076,175,6
17077,176,7
17078,177,8
17079,178,9
17080,179,10
17081,180,1
17082,181,2
17083,182,3
17084,183,4
17085,184,5
17086,185,6
17087,186,7
17088,187,8
17089,188,9
17090,189,10
17091,190,1
17092,191,2
17093,192,3
17094,193,4
17095,194,5
17096,195,6
17097,196,7
17098,197,8
17099,198,9
17100,199,10
17101,200,1
17102,201,2
17103,202,3
17104,203,4
17105,204,5
17106,205,6
17107,206,7
17108,207,8
17109,208,9
17110,209,10
17111,210,1
17112,211,2
17113,212,3
17114,213,4
17115,214,5
17116,215,6
17117,216,7
17118,217,8
17119,218,9
17120,219,10
17121,220,1
17122,221,2
17123,222,3
17124,223,4
17125,224,5
17126,225,6
17127,226,7
17128,227,8
17129,228,9
17130,229,10
17131,230,1
17132,231,2
17133,232,3
17134,233,4
17135,234,5
17136,235,6
17137,236,7
17138,237,8
17139,238,9
17140,239,10
17141,240,1
17142,241,2
17143,242,3
17144,243,4
17145,244,5
17146,245,6
17147,246,7
17148,247,8
17149,248,9
17150,249,10
17151,250,1
17152,251,2
17153,252,3
17154,253,4
17155,254,5
17156,255,6
17157,256,7
17158,257,8
17159,258,9
17160,259,10
17161,260,1
17162,261,2
17163,262,3
17164,263,4
17165,264,5
17166,265,6
17167,266,7
17168,267,8
17169,268,9
17170,269,10
17171,270,1
17172,271,2
17173,272,3
17174,273,4
17175,274,5
17176,275,6
17177,276,7
17178,277,8
17179,278,9
17180,279,10
17181,280,1
17182,281,2
17183,282,3
17184,283,4
17185,284,5
17186,285,6
17187,286,7
17188,287,8
17189,288,9
17190,289,10
17191,290,1
17192,291,2
17193,292,3
17194,293,4
17195,294,5
17196,295,6
17197,296,7
17198,297,8
17199,298,9
17200,299,10
17201,300,1
17202,301,2
17203,302,3
17204,303,4
17205,304,5
17206,305,6
17207,306,7
17208,307,8
17209,308,9
17210,309,10
17211,310,1
17212,311,2
17213,312,3
17214,313,4
17215,314,5
17216,315,6
17217,316,7
17218,317,8
17219,318,9
17220,319,10
17221,320,1
17222,321,2
17223,322,3
17224,323,4
17225,324,5
17226,325,6
17227,326,7
17228,327,8
17229,328,9
17230,329,10
17231,330,1
17232,331,2
17233,332,3
17234,333,4
17235,334,5
17236,335,6
17237,336,7
17238,337,8
17239,338,9
17240,339,10
17241,340,1
17242,341,2
17243,342,3
17244,343,4
17245,344,5
17246,345,6
17247,346,7
17248,347,8
17249,348,9
17250,349,10
17251,350,1
17252,351,2
17253,352,3
17254,353,4
17255,354,5
17256,355,6
17257,356,7
17258,357,8
17259,358,9
17260,359,10
17261,360,1
17262,361,2
17263,362,3
17264,363,4
17265,364,5
17266,365,6
17267,366,7
17268,367,8
17269,368,9
17270,369,10
17271,370,1
17272,371,2
17273,372,3
17274,373,4
17275,374,5
17276,375,6
17277,376,7
17278,377,8
17279,378,9
17280,379,10
17281,380,1
17282,381,2
17283,382,3
17284,383,4
17285,384,5
17286,385,6
17287,386,7
17288,387,8
17289,388,9
17290,389,10
17291,390,1
17292,391,2
17293,392,3
17294,393,4
17295,394,5
17296,395,6
17297,396,7
17298,397,8
17299,398,9
17300,399,10
17301,400,1
17302,401,2
17303,402,3
17304,403,4
17305,404,5
17306,405,6
17307,406,7
17308,407,8
17309,408,9
17310,409,10
17311,410,1
17312,411,2
17313,412,3
17314,413,4
17315,414,5
17316,415,6
17317,416,7
17318,417,8
17319,418,9
17320,419,10
17321,420,1
17322,421,2
17323,422,3
17324,423,4
17325,424,5
17326,425,6
17327,426,7
17328,427,8
17329,428,9
17330,429,10
17331,430,1
17332,431,2
17333,432,3
17334,433,4
17335,434,5
17336,435,6
17337,436,7
17338,437,8
17339,438,9
17340,439,10
17341,440,1
17342,441,2
17343,442,3
17344,443,4
17345,444,5
17346,445,6
17347,446,7
17348,447,8
17349,448,9
17350,449,10
17351,450,1
17352,451,2
17353,452,3
17354,453,4
17355,454,5
17356,455,6
17357,456,7
17358,457,8
17359,458,9
17360,459,10
17361,460,1
17362,461,2
17363,462,3
17364,463,4
17365,464,5
17366,465,6
17367,466,7
17368,467,8
17369,468,9
17370,469,10
17371,470,1
17372,471,2
17373,472,3
17374,473,4
17375,474,5
17376,475,6
17377,476,7
17378,477,8
17379,478,9
17380,479,10
17381,480,1
17382,481,2
17383,482,3
17384,483,4
17385,484,5
17386,485,6
17387,486,7
17388,487,8
17389,488,9
17390,489,10
17391,490,1
17392,491,2
17393,492,3
17394,493,4
17395,494,5
17396,495,6
17397,496,7
17398,497,8
17399,498,9
17400,499,10
17401,500,1
17402,501,2
17403,502,3
17404,503,4
17405,504,5
17406,505,6
17407,506,7
17408,507,8
17409,508,9
17410,509,10
17411,510,1
17412,511,2
17413,512,3
17414,513,4
17415,514,5
17416,515,6
17417,516,7
17418,517,8
17419,518,9
17420,519,10
17421,520,1
17422,521,2
17423,522,3
17424,523,4
17425,524,5
17426,525,6
17427,526,7
17428,527,8
17429,528,9
17430,529,10
17431,530,1
17432,531,2
17433,532,3
17434,533,4
17435,534,5
17436,535,6
17437,536,7
17438,537,8
17439,538,9
17440,539,10
17441,540,1
17442,541,2
17443,542,3
17444,543,4
17445,544,5
17446,545,6
17447,546,7
17448,547,8
17449,548,9
17450,549,10
17451,550,1
17452,551,2
17453,552,3
17454,553,4
17455,554,5
17456,555,6
17457,556,7
17458,557,8
17459,558,9
17460,559,10
17461,560,1
17462,561,2
17463,562,3
17464,563,4
17465,564,5
17466,565,6
17467,566,7
17468,567,8
17469,568,9
17470,569,10
17471,570,1
17472,571,2
17473,572,3
17474,573,4
17475,574,5
17476,575,6
17477,576,7
17478,577,8
17479,578,9
17480,579,10
17481,580,1
17482,581,2
17483,582,3
17484,583,4
17485,584,5
17486,585,6
17487,586,7
17488,587,8
17489,588,9
17490,589,10
17491,590,1
17492,591,2
17493,592,3
17494,593,4
17495,594,5
17496,595,6
17497,596,7
17498,597,8
17499,598,9
17500,599,10
17501,600,1
17502,601,2
17503,602,3
17504,603,4
17505,604,5
17506,605,6
17507,606,7
17508,607,8
17509,608,9
17510,609,10
17511,610,1
17512,611,2
17513,612,3
17514,613,4
17515,614,5
17516,615,6
17517,616,7
17518,617,8
17519,618,9
17520,619,10
17521,620,1
17522,621,2
17523,622,3
17524,623,4
17525,624,5
17526,625,6
17527,626,7
17528,627,8
17529,628,9
17530,629,10
17531,630,1
17532,631,2
17533,632,3
17534,633,4
17535,634,5
17536,635,6
17537,636,7
17538,637,8
17539,638,9
17540,639,10
17541,640,1
17542,641,2
17543,642,3
17544,643,4
17545,644,5
17546,645,6
17547,646,7
17548,647,8
17549,648,9
17550,649,10
17551,650,1
17552,651,2
17553,652,3
17554,653,4
17555,654,5
17556,655,6
17557,656,7
17558,657,8
17559,658,9
17560,659,10
17561,660,1
17562,661,2
17563,662,3
17564,663,4
17565,664,5
17566,665,6
17567,666,7
17568,667,8
17569,668,9
17570,669,10
17571,670,1
17572,671,2
17573,672,3
17574,673,4
17575,674,5
17576,675,6
17577,676,7
17578,677,8
17579,678,9
17580,679,10
17581,680,1
17582,681,2
17583,682,3
17584,683,4
17585,684,5
17586,685,6
17587,686,7
17588,687,8
17589,688,9
17590,689,10
17591,690,1
17592,691,2
17593,692,3
17594,693,4
17595,694,5
17596,695,6
17597,696,7
17598,697,8
17599,698,9
17600,699,10
17601,700,1
17602,701,2
17603,702,3
17604,703,4
17605,704,5
17606,705,6
17607,706,7
17608,707,8
17609,708,9
17610,709,10
17611,710,1
17612,711,2
17613,712,3
17614,713,4
17615,714,5
17616,715,6
17617,716,7
17618,717,8
17619,718,9
17620,719,10
17621,720,1
17622,721,2
17623,722,3
17624,723,4
17625,724,5
17626,725,6
17627,726,7
17628,727,8
17629,728,9
17630,729,10
17631,730,1
17632,731,2
17633,732,3
17634,733,4
17635,734,5
17636,735,6
17637,736,7
17638,737,8
17639,738,9
17640,739,10
17641,740,1
17642,741,2
17643,742,3
17644,743,4
17645,744,5
17646,745,6
17647,746,7
17648,747,8
17649,748,9
17650,749,10
17651,750,1
17652,751,2
17653,752,3
17654,753,4
17655,754,5
17656,755,6
17657,756,7
17658,757,8
17659,758,9
17660,759,10
17661,760,1
17662,761,2
17663,762,3
17664,763,4
17665,764,5
17666,765,6
17667,766,7
17668,767,8
17669,768,9
17670,769,10
17671,770,1
17672,771,2
17673,772,3
17674,773,4
17675,774,5
17676,775,6
17677,776,7
17678,777,8
17679,778,9
17680,779,10
17681,780,1
17682,781,2
17683,782,3
17684,783,4
17685,784,5
17686,785,6
17687,786,7
17688,787,8
17689,788,9
17690,789,10
17691,790,1
17692,791,2
17693,792,3
17694,793,4
17695,794,5
17696,795,6
17697,796,7
17698,797,8
17699,798,9
17700,799,10
17701,800,1
17702,801,2
17703,802,3
17704,803,4
17705,804,5
17706,805,6
17707,806,7
17708,807,8
17709,808,9
17710,809,10
17711,810,1
17712,811,2
17713,812,3
17714,813,4
17715,814,5
17716,815,6
17717,816,7
17718,817,8
17719,818,9
17720,819,10
17721,820,1
17722,821,2
17723,822,3
17724,823,4
17725,824,5
17726,825,6
17727,826,7
17728,827,8
17729,828,9
17730,829,10
17731,830,1
17732,831,2
17733,832,3
17734,833,4
17735,834,5
17736,835,6
17737,836,7
17738,837,8
17739,838,9
17740,839,10
17741,840,1
17742,841,2
17743,842,3
17744,843,4
17745,844,5
17746,845,6
17747,846,7
17748,847,8
17749,848,9
17750,849,10
17751,850,1
17752,851,2
17753,852,3
17754,853,4
17755,854,5
17756,855,6
17757,856,7
17758,857,8
17759,858,9
17760,859,10
17761,860,1
17762,861,2
17763,862,3
17764,863,4
17765,864,5
17766,865,6
17767,866,7
17768,867,8
17769,868,9
17770,869,10
17771,870,1
17772,871,2
17773,872,3
17774,873,4
17775,874,5
17776,875,6
17777,876,7
17778,877,8
17779,878,9
17780,879,10
17781,880,1
17782,881,2
17783,882,3
17784,883,4
17785,884,5
17786,885,6
17787,886,7
17788,887,8
17789,888,9
17790,889,10
17791,890,1
17792,891,2
17793,892,3
17794,893,4
17795,894,5
17796,895,6
17797,896,7
17798,897,8
17799,898,9
17800,899,10
17801,900,1
17802,901,2
17803,902,3
17804,903,4
17805,904,5
17806,905,6
17807,906,7
17808,907,8
17809,908,9
17810,909,10
17811,910,1
17812,911,2
17813,912,3
17814,913,4
17815,914,5
17816,915,6
17817,916,7
17818,917,8
17819,918,9
17820,919,10
17821,920,1
17822,921,2
17823,922,3
17824,923,4
17825,924,5
17826,925,6
17827,926,7
17828,927,8
17829,928,9
17830,929,10
17831,930,1
17832,931,2
17833,932,3
17834,933,4
17835,934,5
17836,935,6
17837,936,7
17838,937,8
17839,938,9
17840,939,10
17841,940,1
17842,941,2
17843,942,3
17844,943,4
17845,944,5
17846,945,6
17847,946,7
17848,947,8
17849,948,9
17850,949,10
17851,950,1
17852,951,2
17853,952,3
17854,953,4
17855,954,5
17856,955,6
17857,956,7
17858,957,8
17859,958,9
17860,959,10
17861,960,1
17862,961,2
17863,962,3
17864,963,4
17865,964,5
17866,965,6
17867,966,7
17868,967,8
17869,968,9
17870,969,10
17871,970,1
17872,971,2
17873,972,3
17874,973,4
17875,974,5
17876,975,6
17877,976,7
17878,977,8
17879,978,9
17880,979,10
17881,980,1
17882,981,2
17883,982,3
17884,983,4
17885,984,5
17886,985,6
17887,986,7
17888,987,8
17889,988,9
17890,989,10
17891,990,1
17892,991,2
17893,992,3
17894,993,4
17895,994,5
17896,995,6
17897,996,7
17898,997,8
17899,998,9
17900,999,10
17901,1000,1
17902,1001,2
17903,1002,3
17904,1003,4
17905,1004,5
17906,1005,6
17907,1006,7
17908,1007,8
17909,1008,9
17910,1009,10
17911,1010,1
17912,1011,2
17913,1012,3
17914,1013,4
17915,1014,5
17916,1015,6
17917,1016,7
17918,1017,8
17919,1018,9
17920,1019,10
17921,1020,1
17922,1021,2
17923,1022,3
17924,1023,4
17925,1024,5
17926,1025,6
17927,1026,7
17928,1027,8
17929,1028,9
17930,1029,10
17931,1030,1
17932,1031,2
17933,1032,3
17934,1033,4
17935,1034,5
17936,1035,6
17937,1036,7
17938,1037,8
17939,1038,9
17940,1039,10
17941,1040,1
17942,1041,2
17943,1042,3
17944,1043,4
17945,1044,5
17946,1045,6
17947,1046,7
17948,1047,8
17949,1048,9
17950,1049,10
17951,1050,1
17952,1051,2
17953,1052,3
17954,1053,4
17955,1054,5
17956,1055,6
17957,1056,7
17958,1057,8
17959,1058,9
17960,1059,10
17961,1060,1
17962,1061,2
17963,1062,3
17964,1063,4
17965,1064,5
17966,1065,6
17967,1066,7
17968,1067,8
17969,1068,9
17970,1069,10
17971,1070,1
17972,1071,2
17973,1072,3
17974,1073,4
17975,1074,5
17976,1075,6
17977,1076,7
17978,1077,8
17979,1078,9
17980,1079,10
17981,1080,1
17982,1081,2
17983,1082,3
17984,1083,4
17985,1084,5
17986,1085,6
17987,1086,7
17988,1087,8
17989,1088,9
17990,1089,10
17991,1090,1
17992,1091,2
17993,1092,3
17994,1093,4
17995,1094,5
17996,1095,6
17997,1096,7
17998,1097,8
17999,1098,9
18000,1099,10
18001,100,1
18002,101,2
18003,102,3
18004,103,4
18005,104,5
18006,105,6
18007,106,7
18008,107,8
18009,108,9
18010,109,10
18011,110,1
18012,111,2
18013,112,3
18014,113,4
18015,114,5
18016,115,6
18017,116,7
18018,117,8
18019,118,9
18020,119,10
18021,120,1
18022,121,2
18023,122,3
18024,123,4
18025,124,5
18026,125,6
18027,126,7
18028,127,8
18029,128,9
18030,129,10
18031,130,1
18032,131,2
18033,132,3
18034,133,4
18035,134,5
18036,135,6
18037,136,7
18038,137,8
18039,138,9
18040,139,10
18041,140,1
18042,141,2
18043,142,3
18044,143,4
18045,144,5
18046,145,6
18047,146,7
18048,147,8
18049,148,9
18050,149,10
18051,150,1
18052,151,2
18053,152,3
18054,153,4
18055,154,5
18056,155,6
18057,156,7
18058,157,8
18059,158,9
18060,159,10
18061,160,1
18062,161,2
18063,162,3
18064,163,4
18065,164,5
18066,165,6
18067,166,7
18068,167,8
18069,168,9
18070,169,10
18071,170,1
18072,171,2
18073,172,3
18074,173,4
18075,174,5
18076,175,6
18077,176,7
18078,177,8
18079,178,9
18080,179,10
18081,180,1
18082,181,2
18083,182,3
18084,183,4
18085,184,5
18086,185,6
18087,186,7
18088,187,8
18089,188,9
18090,189,10
18091,190,1
18092,191,2
18093,192,3
18094,193,4
18095,194,5
18096,195,6
18097,196,7
18098,197,8
18099,198,9
18100,199,10
18101,200,1
18102,201,2
18103,202,3
18104,203,4
18105,204,5
18106,205,6
18107,206,7
18108,207,8
18109,208,9
18110,209,10
18111,210,1
18112,211,2
18113,212,3
18114,213,4
18115,214,5
18116,215,6
18117,216,7
18118,217,8
18119,218,9
18120,219,10
18121,220,1
18122,221,2
18123,222,3
18124,223,4
18125,224,5
18126,225,6
18127,226,7
18128,227,8
18129,228,9
18130,229,10
18131,230,1
18132,231,2
18133,232,3
18134,233,4
18135,234,5
18136,235,6
18137,236,7
18138,237,8
18139,238,9
18140,239,10
18141,240,1
18142,241,2
18143,242,3
18144,243,4
18145,244,5
18146,245,6
18147,246,7
18148,247,8
18149,248,9
18150,249,10
18151,250,1
18152,251,2
18153,252,3
18154,253,4
18155,254,5
18156,255,6
18157,256,7
18158,257,8
18159,258,9
18160,259,10
18161,260,1
18162,261,2
18163,262,3
18164,263,4
18165,264,5
18166,265,6
18167,266,7
18168,267,8
18169,268,9
18170,269,10
18171,270,1
18172,271,2
18173,272,3
18174,273,4
18175,274,5
18176,275,6
18177,276,7
18178,277,8
18179,278,9
18180,279,10
18181,280,1
18182,281,2
18183,282,3
18184,283,4
18185,284,5
18186,285,6
18187,286,7
18188,287,8
18189,288,9
18190,289,10
18191,290,1
18192,291,2
18193,292,3
18194,293,4
18195,294,5
18196,295,6
18197,296,7
18198,297,8
18199,298,9
18200,299,10
18201,300,1
18202,301,2
18203,302,3
18204,303,4
18205,304,5
18206,305,6
18207,306,7
18208,307,8
18209,308,9
18210,309,10
18211,310,1
18212,311,2
18213,312,3
18214,313,4
18215,314,5
18216,315,6
18217,316,7
18218,317,8
18219,318,9
18220,319,10
18221,320,1
18222,321,2
18223,322,3
18224,323,4
18225,324,5
18226,325,6
18227,326,7
18228,327,8
18229,328,9
18230,329,10
18231,330,1
18232,331,2
18233,332,3
18234,333,4
18235,334,5
18236,335,6
18237,336,7
18238,337,8
18239,338,9
18240,339,10
18241,340,1
18242,341,2
18243,342,3
18244,343,4
18245,344,5
18246,345,6
18247,346,7
18248,347,8
18249,348,9
18250,349,10
18251,350,1
18252,351,2
18253,352,3
18254,353,4
18255,354,5
18256,355,6
18257,356,7
18258,357,8
18259,358,9
18260,359,10
18261,360,1
18262,361,2
18263,362,3
18264,363,4
18265,364,5
18266,365,6
18267,366,7
18268,367,8
18269,368,9
18270,369,10
18271,370,1
18272,371,2
18273,372,3
18274,373,4
18275,374,5
18276,375,6
18277,376,7
18278,377,8
18279,378,9
18280,379,10
18281,380,1
18282,381,2
18283,382,3
18284,383,4
18285,384,5
18286,385,6
18287,386,7
18288,387,8
18289,388,9
18290,389,10
18291,390,1
18292,391,2
18293,392,3
18294,393,4
18295,394,5
18296,395,6
18297,396,7
18298,397,8
18299,398,9
18300,399,10
18301,400,1
18302,401,2
18303,402,3
18304,403,4
18305,404,5
18306,405,6
18307,406,7
18308,407,8
18309,408,9
18310,409,10
18311,410,1
18312,411,2
18313,412,3
18314,413,4
18315,414,5
18316,415,6
18317,416,7
18318,417,8
18319,418,9
18320,419,10
18321,420,1
18322,421,2
18323,422,3
18324,423,4
18325,424,5
18326,425,6
18327,426,7
18328,427,8
18329,428,9
18330,429,10
18331,430,1
18332,431,2
18333,432,3
18334,433,4
18335,434,5
18336,435,6
18337,436,7
18338,437,8
18339,438,9
18340,439,10
18341,440,1
18342,441,2
18343,442,3
18344,443,4
18345,444,5
18346,445,6
18347,446,7
18348,447,8
18349,448,9
18350,449,10
18351,450,1
18352,451,2
18353,452,3
18354,453,4
18355,454,5
18356,455,6
18357,456,7
18358,457,8
18359,458,9
18360,459,10
18361,460,1
18362,461,2
18363,462,3
18364,463,4
18365,464,5
18366,465,6
18367,466,7
18368,467,8
18369,468,9
18370,469,10
18371,470,1
18372,471,2
18373,472,3
18374,473,4
18375,474,5
18376,475,6
18377,476,7
18378,477,8
18379,478,9
18380,479,10
18381,480,1
18382,481,2
18383,482,3
18384,483,4
18385,484,5
18386,485,6
18387,486,7
18388,487,8
18389,488,9
18390,489,10
18391,490,1
18392,491,2
18393,492,3
18394,493,4
18395,494,5
18396,495,6
18397,496,7
18398,497,8
18399,498,9
18400,499,10
18401,500,1
18402,501,2
18403,502,3
18404,503,4
18405,504,5
18406,505,6
18407,506,7
18408,507,8
18409,508,9
18410,509,10
18411,510,1
18412,511,2
18413,512,3
18414,513,4
18415,514,5
18416,515,6
18417,516,7
18418,517,8
18419,518,9
18420,519,10
18421,520,1
18422,521,2
18423,522,3
18424,523,4
18425,524,5
18426,525,6
18427,526,7
18428,527,8
18429,528,9
18430,529,10
18431,530,1
18432,531,2
18433,532,3
18434,533,4
18435,534,5
18436,535,6
18437,536,7
18438,537,8
18439,538,9
18440,539,10
18441,540,1
18442,541,2
18443,542,3
18444,543,4
18445,544,5
18446,545,6
18447,546,7
18448,547,8
18449,548,9
18450,549,10
18451,550,1
18452,551,2
18453,552,3
18454,553,4
18455,554,5
18456,555,6
18457,556,7
18458,557,8
18459,558,9
18460,559,10
18461,560,1
18462,561,2
18463,562,3
18464,563,4
18465,564,5
18466,565,6
18467,566,7
18468,567,8
18469,568,9
18470,569,10
18471,570,1
18472,571,2
18473,572,3
18474,573,4
18475,574,5
18476,575,6
18477,576,7
18478,577,8
18479,578,9
18480,579,10
18481,580,1
18482,581,2
18483,582,3
18484,583,4
18485,584,5
18486,585,6
18487,586,7
18488,587,8
18489,588,9
18490,589,10
18491,590,1
18492,591,2
18493,592,3
18494,593,4
18495,594,5
18496,595,6
18497,596,7
18498,597,8
18499,598,9
18500,599,10
18501,600,1
18502,601,2
18503,602,3
18504,603,4
18505,604,5
18506,605,6
18507,606,7
18508,607,8
18509,608,9
18510,609,10
18511,610,1
18512,611,2
18513,612,3
18514,613,4
18515,614,5
18516,615,6
18517,616,7
18518,617,8
18519,618,9
18520,619,10
18521,620,1
18522,621,2
18523,622,3
18524,623,4
18525,624,5
18526,625,6
18527,626,7
18528,627,8
18529,628,9
18530,629,10
18531,630,1
18532,631,2
18533,632,3
18534,633,4
18535,634,5
18536,635,6
18537,636,7
18538,637,8
18539,638,9
18540,639,10
18541,640,1
18542,641,2
18543,642,3
18544,643,4
18545,644,5
18546,645,6
18547,646,7
18548,647,8
18549,648,9
18550,649,10
18551,650,1
18552,651,2
18553,652,3
18554,653,4
18555,654,5
18556,655,6
18557,656,7
18558,657,8
18559,658,9
18560,659,10
18561,660,1
18562,661,2
18563,662,3
18564,663,4
18565,664,5
18566,665,6
18567,666,7
18568,667,8
18569,668,9
18570,669,10
18571,670,1
18572,671,2
18573,672,3
18574,673,4
18575,674,5
18576,675,6
18577,676,7
18578,677,8
18579,678,9
18580,679,10
18581,680,1
18582,681,2
18583,682,3
18584,683,4
18585,684,5
18586,685,6
18587,686,7
18588,687,8
18589,688,9
18590,689,10
18591,690,1
18592,691,2
18593,692,3
18594,693,4
18595,694,5
18596,695,6
18597,696,7
18598,697,8
18599,698,9
18600,699,10
18601,700,1
18602,701,2
18603,702,3
18604,703,4
18605,704,5
18606,705,6
18607,706,7
18608,707,8
18609,708,9
18610,709,10
18611,710,1
18612,711,2
18613,712,3
18614,713,4
18615,714,5
18616,715,6
18617,716,7
18618,717,8
18619,718,9
18620,719,10
18621,720,1
18622,721,2
18623,722,3
18624,723,4
18625,724,5
18626,725,6
18627,726,7
18628,727,8
18629,728,9
18630,729,10
18631,730,1
18632,731,2
18633,732,3
18634,733,4
18635,734,5
18636,735,6
18637,736,7
18638,737,8
18639,738,9
18640,739,10
18641,740,1
18642,741,2
18643,742,3
18644,743,4
18645,744,5
18646,745,6
18647,746,7
18648,747,8
18649,748,9
18650,749,10
18651,750,1
18652,751,2
18653,752,3
18654,753,4
18655,754,5
18656,755,6
18657,756,7
18658,757,8
18659,758,9
18660,759,10
18661,760,1
18662,761,2
18663,762,3
18664,763,4
18665,764,5
18666,765,6
18667,766,7
18668,767,8
18669,768,9
18670,769,10
18671,770,1
18672,771,2
18673,772,3
18674,773,4
18675,774,5
18676,775,6
18677,776,7
18678,777,8
18679,778,9
18680,779,10
18681,780,1
18682,781,2
18683,782,3
18684,783,4
18685,784,5
18686,785,6
18687,786,7
18688,787,8
18689,788,9
18690,789,10
18691,790,1
18692,791,2
18693,792,3
18694,793,4
18695,794,5
18696,795,6
18697,796,7
18698,797,8
18699,798,9
18700,799,10
18701,800,1
18702,801,2
18703,802,3
18704,803,4
18705,804,5
18706,805,6
18707,806,7
18708,807,8
18709,808,9
18710,809,10
18711,810,1
18712,811,2
18713,812,3
18714,813,4
18715,814,5
18716,815,6
18717,816,7
18718,817,8
18719,818,9
18720,819,10
18721,820,1
18722,821,2
18723,822,3
18724,823,4
18725,824,5
18726,825,6
18727,826,7
18728,827,8
18729,828,9
18730,829,10
18731,830,1
18732,831,2
18733,832,3
18734,833,4
18735,834,5
18736,835,6
18737,836,7
18738,837,8
18739,838,9
18740,839,10
18741,840,1
18742,841,2
18743,842,3
18744,843,4
18745,844,5
18746,845,6
18747,846,7
18748,847,8
18749,848,9
18750,849,10
18751,850,1
18752,851,2
18753,852,3
18754,853,4
18755,854,5
18756,855,6
18757,856,7
18758,857,8
18759,858,9
18760,859,10
18761,860,1
18762,861,2
18763,862,3
18764,863,4
18765,864,5
18766,865,6
18767,866,7
18768,867,8
18769,868,9
18770,869,10
18771,870,1
18772,871,2
18773,872,3
18774,873,4
18775,874,5
18776,875,6
18777,876,7
18778,877,8
18779,878,9
18780,879,10
18781,880,1
18782,881,2
18783,882,3
18784,883,4
18785,884,5
18786,885,6
18787,886,7
18788,887,8
18789,888,9
18790,889,10
18791,890,1
18792,891,2
18793,892,3
18794,893,4
18795,894,5
18796,895,6
18797,896,7
18798,897,8
18799,898,9
18800,899,10
18801,900,1
18802,901,2
18803,902,3
18804,903,4
18805,904,5
18806,905,6
18807,906,7
18808,907,8
18809,908,9
18810,909,10
18811,910,1
18812,911,2
18813,912,3
18814,913,4
18815,914,5
18816,915,6
18817,916,7
18818,917,8
18819,918,9
18820,919,10
18821,920,1
18822,921,2
18823,922,3
18824,923,4
18825,924,5
18826,925,6
18827,926,7
18828,927,8
18829,928,9
18830,929,10
18831,930,1
18832,931,2
18833,932,3
18834,933,4
18835,934,5
18836,935,6
18837,936,7
18838,937,8
18839,938,9
18840,939,10
18841,940,1
18842,941,2
18843,942,3
18844,943,4
18845,944,5
18846,945,6
18847,946,7
18848,947,8
18849,948,9
18850,949,10
18851,950,1
18852,951,2
18853,952,3
18854,953,4
18855,954,5
18856,955,6
18857,956,7
18858,957,8
18859,958,9
18860,959,10
18861,960,1
18862,961,2
18863,962,3
18864,963,4
18865,964,5
18866,965,6
18867,966,7
18868,967,8
18869,968,9
18870,969,10
18871,970,1
18872,971,2
18873,972,3
18874,973,4
18875,974,5
18876,975,6
18877,976,7
18878,977,8
18879,978,9
18880,979,10
18881,980,1
18882,981,2
18883,982,3
18884,983,4
18885,984,5
18886,985,6
18887,986,7
18888,987,8
18889,988,9
18890,989,10
18891,990,1
18892,991,2
18893,992,3
18894,993,4
18895,994,5
18896,995,6
18897,996,7
18898,997,8
18899,998,9
18900,999,10
18901,1000,1
18902,1001,2
18903,1002,3
18904,1003,4
18905,1004,5
18906,1005,6
18907,1006,7
18908,1007,8
18909,1008,9
18910,1009,10
18911,1010,1
18912,1011,2
18913,1012,3
18914,1013,4
18915,1014,5
18916,1015,6
18917,1016,7
18918,1017,8
18919,1018,9
18920,1019,10
18921,1020,1
18922,1021,2
18923,1022,3
18924,1023,4
18925,1024,5
18926,1025,6
18927,1026,7
18928,1027,8
18929,1028,9
18930,1029,10
18931,1030,1
18932,1031,2
18933,1032,3
18934,1033,4
18935,1034,5
18936,1035,6
18937,1036,7
18938,1037,8
18939,1038,9
18940,1039,10
18941,1040,1
18942,1041,2
18943,1042,3
18944,1043,4
18945,1044,5
18946,1045,6
18947,1046,7
18948,1047,8
18949,1048,9
18950,1049,10
18951,1050,1
18952,1051,2
18953,1052,3
18954,1053,4
18955,1054,5
18956,1055,6
18957,1056,7
18958,1057,8
18959,1058,9
18960,1059,10
18961,1060,1
18962,1061,2
18963,1062,3
18964,1063,4
18965,1064,5
18966,1065,6
18967,1066,7
18968,1067,8
18969,1068,9
18970,1069,10
18971,1070,1
18972,1071,2
18973,1072,3
18974,1073,4
18975,1074,5
18976,1075,6
18977,1076,7
18978,1077,8
18979,1078,9
18980,1079,10
18981,1080,1
18982,1081,2
18983,1082,3
18984,1083,4
18985,1084,5
18986,1085,6
18987,1086,7
18988,1087,8
18989,1088,9
18990,1089,10
18991,1090,1
18992,1091,2
18993,1092,3
18994,1093,4
18995,1094,5
18996,1095,6
18997,1096,7
18998,1097,8
18999,1098,9
19000,1099,10
19001,100,1
19002,101,2
19003,102,3
19004,103,4
19005,104,5
19006,105,6
19007,106,7
19008,107,8
19009,108,9
19010,109,10
19011,110,1
19012,111,2
19013,112,3
19014,113,4
19015,114,5
19016,115,6
19017,116,7
19018,117,8
19019,118,9
19020,119,10
19021,120,1
19022,121,2
19023,122,3
19024,123,4
19025,124,5
19026,125,6
19027,126,7
19028,127,8
19029,128,9
19030,129,10
19031,130,1
19032,131,2
19033,132,3
19034,133,4
19035,134,5
19036,135,6
19037,136,7
19038,137,8
19039,138,9
19040,139,10
19041,140,1
19042,141,2
19043,142,3
19044,143,4
19045,144,5
19046,145,6
19047,146,7
19048,147,8
19049,148,9
19050,149,10
19051,150,1
19052,151,2
19053,152,3
19054,153,4
19055,154,5
19056,155,6
19057,156,7
19058,157,8
19059,158,9
19060,159,10
19061,160,1
19062,161,2
19063,162,3
19064,163,4
19065,164,5
19066,165,6
19067,166,7
19068,167,8
19069,168,9
19070,169,10
19071,170,1
19072,171,2
19073,172,3
19074,173,4
19075,174,5
19076,175,6
19077,176,7
19078,177,8
19079,178,9
19080,179,10
19081,180,1
19082,181,2
19083,182,3
19084,183,4
19085,184,5
19086,185,6
19087,186,7
19088,187,8
19089,188,9
19090,189,10
19091,190,1
19092,191,2
19093,192,3
19094,193,4
19095,194,5
19096,195,6
19097,196,7
19098,197,8
19099,198,9
19100,199,10
19101,200,1
19102,201,2
19103,202,3
19104,203,4
19105,204,5
19106,205,6
19107,206,7
19108,207,8
19109,208,9
19110,209,10
19111,210,1
19112,211,2
19113,212,3
19114,213,4
19115,214,5
19116,215,6
19117,216,7
19118,217,8
19119,218,9
19120,219,10
19121,220,1
19122,221,2
19123,222,3
19124,223,4
19125,224,5
19126,225,6
19127,226,7
19128,227,8
19129,228,9
19130,229,10
19131,230,1
19132,231,2
19133,232,3
19134,233,4
19135,234,5
19136,235,6
19137,236,7
19138,237,8
19139,238,9
19140,239,10
19141,240,1
19142,241,2
19143,242,3
19144,243,4
19145,244,5
19146,245,6
19147,246,7
19148,247,8
19149,248,9
19150,249,10
19151,250,1
19152,251,2
19153,252,3
19154,253,4
19155,254,5
19156,255,6
19157,256,7
19158,257,8
19159,258,9
19160,259,10
19161,260,1
19162,261,2
19163,262,3
19164,263,4
19165,264,5
19166,265,6
19167,266,7
19168,267,8
19169,268,9
19170,269,10
19171,270,1
19172,271,2
19173,272,3
19174,273,4
19175,274,5
19176,275,6
19177,276,7
19178,277,8
19179,278,9
19180,279,10
19181,280,1
19182,281,2
19183,282,3
19184,283,4
19185,284,5
19186,285,6
19187,286,7
19188,287,8
19189,288,9
19190,289,10
19191,290,1
19192,291,2
19193,292,3
19194,293,4
19195,294,5
19196,295,6
19197,296,7
19198,297,8
19199,298,9
19200,299,10
19201,300,1
19202,301,2
19203,302,3
19204,303,4
19205,304,5
19206,305,6
19207,306,7
19208,307,8
19209,308,9
19210,309,10
19211,310,1
19212,311,2
19213,312,3
19214,313,4
19215,314,5
19216,315,6
19217,316,7
19218,317,8
19219,318,9
19220,319,10
19221,320,1
19222,321,2
19223,322,3
19224,323,4
19225,324,5
19226,325,6
19227,326,7
19228,327,8
19229,328,9
19230,329,10
19231,330,1
19232,331,2
19233,332,3
19234,333,4
19235,334,5
19236,335,6
19237,336,7
19238,337,8
19239,338,9
19240,339,10
19241,340,1
19242,341,2
19243,342,3
19244,343,4
19245,344,5
19246,345,6
19247,346,7
19248,347,8
19249,348,9
19250,349,10
19251,350,1
19252,351,2
19253,352,3
19254,353,4
19255,354,5
19256,355,6
19257,356,7
19258,357,8
19259,358,9
19260,359,10
19261,360,1
19262,361,2
19263,362,3
19264,363,4
19265,364,5
19266,365,6
19267,366,7
19268,367,8
19269,368,9
19270,369,10
19271,370,1
19272,371,2
19273,372,3
19274,373,4
19275,374,5
19276,375,6
19277,376,7
19278,377,8
19279,378,9
19280,379,10
19281,380,1
19282,381,2
19283,382,3
19284,383,4
19285,384,5
19286,385,6
19287,386,7
19288,387,8
19289,388,9
19290,389,10
19291,390,1
19292,391,2
19293,392,3
19294,393,4
19295,394,5
19296,395,6
19297,396,7
19298,397,8
19299,398,9
19300,399,10
19301,400,1
19302,401,2
19303,402,3
19304,403,4
19305,404,5
19306,405,6
19307,406,7
19308,407,8
19309,408,9
19310,409,10
19311,410,1
19312,411,2
19313,412,3
19314,413,4
19315,414,5
19316,415,6
19317,416,7
19318,417,8
19319,418,9
19320,419,10
19321,420,1
19322,421,2
19323,422,3
19324,423,4
19325,424,5
19326,425,6
19327,426,7
19328,427,8
19329,428,9
19330,429,10
19331,430,1
19332,431,2
19333,432,3
19334,433,4
19335,434,5
19336,435,6
19337,436,7
19338,437,8
19339,438,9
19340,439,10
19341,440,1
19342,441,2
19343,442,3
19344,443,4
19345,444,5
19346,445,6
19347,446,7
19348,447,8
19349,448,9
19350,449,10
19351,450,1
19352,451,2
19353,452,3
19354,453,4
19355,454,5
19356,455,6
19357,456,7
19358,457,8
19359,458,9
19360,459,10
19361,460,1
19362,461,2
19363,462,3
19364,463,4
19365,464,5
19366,465,6
19367,466,7
19368,467,8
19369,468,9
19370,469,10
19371,470,1
19372,471,2
19373,472,3
19374,473,4
19375,474,5
19376,475,6
19377,476,7
19378,477,8
19379,478,9
19380,479,10
19381,480,1
19382,481,2
19383,482,3
19384,483,4
19385,484,5
19386,485,6
19387,486,7
19388,487,8
19389,488,9
19390,489,10
19391,490,1
19392,491,2
19393,492,3
19394,493,4
19395,494,5
19396,495,6
19397,496,7
19398,497,8
19399,498,9
19400,499,10
19401,500,1
19402,501,2
19403,502,3
19404,503,4
19405,504,5
19406,505,6
19407,506,7
19408,507,8
19409,508,9
19410,509,10
19411,510,1
19412,511,2
19413,512,3
19414,513,4
19415,514,5
19416,515,6
19417,516,7
19418,517,8
19419,518,9
19420,519,10
19421,520,1
19422,521,2
19423,522,3
19424,523,4
19425,524,5
19426,525,6
19427,526,7
19428,527,8
19429,528,9
19430,529,10
19431,530,1
19432,531,2
19433,532,3
19434,533,4
19435,534,5
19436,535,6
19437,536,7
19438,537,8
19439,538,9
19440,539,10
19441,540,1
19442,541,2
19443,542,3
19444,543,4
19445,544,5
19446,545,6
19447,546,7
19448,547,8
19449,548,9
19450,549,10
19451,550,1
19452,551,2
19453,552,3
19454,553,4
19455,554,5
19456,555,6
19457,556,7
19458,557,8
19459,558,9
19460,559,10
19461,560,1
19462,561,2
19463,562,3
19464,563,4
19465,564,5
19466,565,6
19467,566,7
19468,567,8
19469,568,9
19470,569,10
19471,570,1
19472,571,2
19473,572,3
19474,573,4
19475,574,5
19476,575,6
19477,576,7
19478,577,8
19479,578,9
19480,579,10
19481,580,1
19482,581,2
19483,582,3
19484,583,4
19485,584,5
19486,585,6
19487,586,7
19488,587,8
19489,588,9
19490,589,10
19491,590,1
19492,591,2
19493,592,3
19494,593,4
19495,594,5
19496,595,6
19497,596,7
19498,597,8
19499,598,9
19500,599,10
19501,600,1
19502,601,2
19503,602,3
19504,603,4
19505,604,5
19506,605,6
19507,606,7
19508,607,8
19509,608,9
19510,609,10
19511,610,1
19512,611,2
19513,612,3
19514,613,4
19515,614,5
19516,615,6
19517,616,7
19518,617,8
19519,618,9
19520,619,10
19521,620,1
19522,621,2
19523,622,3
19524,623,4
19525,624,5
19526,625,6
19527,626,7
19528,627,8
19529,628,9
19530,629,10
19531,630,1
19532,631,2
19533,632,3
19534,633,4
19535,634,5
19536,635,6
19537,636,7
19538,637,8
19539,638,9
19540,639,10
19541,640,1
19542,641,2
19543,642,3
19544,643,4
19545,644,5
19546,645,6
19547,646,7
19548,647,8
19549,648,9
19550,649,10
19551,650,1
19552,651,2
19553,652,3
19554,653,4
19555,654,5
19556,655,6
19557,656,7
19558,657,8
19559,658,9
19560,659,10
19561,660,1
19562,661,2
19563,662,3
19564,663,4
19565,664,5
19566,665,6
19567,666,7
19568,667,8
19569,668,9
19570,669,10
19571,670,1
19572,671,2
19573,672,3
19574,673,4
19575,674,5
19576,675,6
19577,676,7
19578,677,8
19579,678,9
19580,679,10
19581,680,1
19582,681,2
19583,682,3
19584,683,4
19585,684,5
19586,685,6
19587,686,7
19588,687,8
19589,688,9
19590,689,10
19591,690,1
19592,691,2
19593,692,3
19594,693,4
19595,694,5
19596,695,6
19597,696,7
19598,697,8
19599,698,9
19600,699,10
19601,700,1
19602,701,2
19603,702,3
19604,703,4
19605,704,5
19606,705,6
19607,706,7
19608,707,8
19609,708,9
19610,709,10
19611,710,1
19612,711,2
19613,712,3
19614,713,4
19615,714,5
19616,715,6
19617,716,7
19618,717,8
19619,718,9
19620,719,10
19621,720,1
19622,721,2
19623,722,3
19624,723,4
19625,724,5
19626,725,6
19627,726,7
19628,727,8
19629,728,9
19630,729,10
19631,730,1
19632,731,2
19633,732,3
19634,733,4
19635,734,5
19636,735,6
19637,736,7
19638,737,8
19639,738,9
19640,739,10
19641,740,1
19642,741,2
19643,742,3
19644,743,4
19645,744,5
19646,745,6
19647,746,7
19648,747,8
19649,748,9
19650,749,10
19651,750,1
19652,751,2
19653,752,3
19654,753,4
19655,754,5
19656,755,6
19657,756,7
19658,757,8
19659,758,9
19660,759,10
19661,760,1
19662,761,2
19663,762,3
19664,763,4
19665,764,5
19666,765,6
19667,766,7
19668,767,8
19669,768,9
19670,769,10
19671,770,1
19672,771,2
19673,772,3
19674,773,4
19675,774,5
19676,775,6
19677,776,7
19678,777,8
19679,778,9
19680,779,10
19681,780,1
19682,781,2
19683,782,3
19684,783,4
19685,784,5
19686,785,6
19687,786,7
19688,787,8
19689,788,9
19690,789,10
19691,790,1
19692,791,2
19693,792,3
19694,793,4
19695,794,5
19696,795,6
19697,796,7
19698,797,8
19699,798,9
19700,799,10
19701,800,1
19702,801,2
19703,802,3
19704,803,4
19705,804,5
19706,805,6
19707,806,7
19708,807,8
19709,808,9
19710,809,10
19711,810,1
19712,811,2
19713,812,3
19714,813,4
19715,814,5
19716,815,6
19717,816,7
19718,817,8
19719,818,9
19720,819,10
19721,820,1
19722,821,2
19723,822,3
19724,823,4
19725,824,5
19726,825,6
19727,826,7
19728,827,8
19729,828,9
19730,829,10
19731,830,1
19732,831,2
19733,832,3
19734,833,4
19735,834,5
19736,835,6
19737,836,7
19738,837,8
19739,838,9
19740,839,10
19741,840,1
19742,841,2
19743,842,3
19744,843,4
19745,844,5
19746,845,6
19747,846,7
19748,847,8
19749,848,9
19750,849,10
19751,850,1
19752,851,2
19753,852,3
19754,853,4
19755,854,5
19756,855,6
19757,856,7
19758,857,8
19759,858,9
19760,859,10
19761,860,1
19762,861,2
19763,862,3
19764,863,4
19765,864,5
19766,865,6
19767,866,7
19768,867,8
19769,868,9
19770,869,10
19771,870,1
19772,871,2
19773,872,3
19774,873,4
19775,874,5
19776,875,6
19777,876,7
19778,877,8
19779,878,9
19780,879,10
19781,880,1
19782,881,2
19783,882,3
19784,883,4
19785,884,5
19786,885,6
19787,886,7
19788,887,8
19789,888,9
19790,889,10
19791,890,1
19792,891,2
19793,892,3
19794,893,4
19795,894,5
19796,895,6
19797,896,7
19798,897,8
19799,898,9
19800,899,10
19801,900,1
19802,901,2
19803,902,3
19804,903,4
19805,904,5
19806,905,6
19807,906,7
19808,907,8
19809,908,9
19810,909,10
19811,910,1
19812,911,2
19813,912,3
19814,913,4
19815,914,5
19816,915,6
19817,916,7
19818,917,8
19819,918,9
19820,919,10
19821,920,1
19822,921,2
19823,922,3
19824,923,4
19825,924,5
19826,925,6
19827,926,7
19828,927,8
19829,928,9
19830,929,10
19831,930,1
19832,931,2
19833,932,3
19834,933,4
19835,934,5
19836,935,6
19837,936,7
19838,937,8
19839,938,9
19840,939,10
19841,940,1
19842,941,2
19843,942,3
19844,943,4
19845,944,5
19846,945,6
19847,946,7
19848,947,8
19849,948,9
19850,949,10
19851,950,1
19852,951,2
19853,952,3
19854,953,4
19855,954,5
19856,955,6
19857,956,7
19858,957,8
19859,958,9
19860,959,10
19861,960,1
19862,961,2
19863,962,3
19864,963,4
19865,964,5
19866,965,6
19867,966,7
19868,967,8
19869,968,9
19870,969,10
19871,970,1
19872,971,2
19873,972,3
19874,973,4
19875,974,5
19876,975,6
19877,976,7
19878,977,8
19879,978,9
19880,979,10
19881,980,1
19882,981,2
19883,982,3
19884,983,4
19885,984,5
19886,985,6
19887,986,7
19888,987,8
19889,988,9
19890,989,10
19891,990,1
19892,991,2
19893,992,3
19894,993,4
19895,994,5
19896,995,6
19897,996,7
19898,997,8
19899,998,9
19900,999,10
19901,1000,1
19902,1001,2
19903,1002,3
19904,1003,4
19905,1004,5
19906,1005,6
19907,1006,7
19908,1007,8
19909,1008,9
19910,1009,10
19911,1010,1
19912,1011,2
19913,1012,3
19914,1013,4
19915,1014,5
19916,1015,6
19917,1016,7
19918,1017,8
19919,1018,9
19920,1019,10
19921,1020,1
19922,1021,2
19923,1022,3
19924,1023,4
19925,1024,5
19926,1025,6
19927,1026,7
19928,1027,8
19929,1028,9
19930,1029,10
19931,1030,1
19932,1031,2
19933,1032,3
19934,1033,4
19935,1034,5
19936,1035,6
19937,1036,7
19938,1037,8
19939,1038,9
19940,1039,10
19941,1040,1
19942,1041,2
19943,1042,3
19944,1043,4
19945,1044,5
19946,1045,6
19947,1046,7
19948,1047,8
19949,1048,9
19950,1049,10
19951,1050,1
19952,1051,2
19953,1052,3
19954,1053,4
19955,1054,5
19956,1055,6
19957,1056,7
19958,1057,8
19959,1058,9
19960,1059,10
19961,1060,1
19962,1061,2
19963,1062,3
19964,1063,4
19965,1064,5
19966,1065,6
19967,1066,7
19968,1067,8
19969,1068,9
19970,1069,10
19971,1070,1
19972,1071,2
19973,1072,3
19974,1073,4
19975,1074,5
19976,1075,6
19977,1076,7
19978,1077,8
19979,1078,9
19980,1079,10
19981,1080,1
19982,1081,2
19983,1082,3
19984,1083,4
19985,1084,5
19986,1085,6
19987,1086,7
19988,1087,8
19989,1088,9
19990,1089,10
19991,1090,1
19992,1091,2
19993,1092,3
19994,1093,4
19995,1094,5
19996,1095,6
19997,1096,7
19998,1097,8
19999,1098,9
20000,1099,10
20001,100,1
20002,101,2
20003,102,3
20004,103,4
20005,104,5
20006,105,6
20007,106,7
20008,107,8
20009,108,9
20010,109,10
20011,110,1
20012,111,2
20013,112,3
20014,113,4
20015,114,5
20016,115,6
20017,116,7
20018,117,8
20019,118,9
20020,119,10
20021,120,1
20022,121,2
20023,122,3
20024,123,4
20025,124,5
20026,125,6
20027,126,7
20028,127,8
20029,128,9
20030,129,10
20031,130,1
20032,131,2
20033,132,3
20034,133,4
20035,134,5
20036,135,6
20037,136,7
20038,137,8
20039,138,9
20040,139,10
20041,140,1
20042,141,2
20043,142,3
20044,143,4
20045,144,5
20046,145,6
20047,146,7
20048,147,8
20049,148,9
20050,149,10
20051,150,1
20052,151,2
20053,152,3
20054,153,4
20055,154,5
20056,155,6
20057,156,7
20058,157,8
20059,158,9
20060,159,10
20061,160,1
20062,161,2
20063,162,3
20064,163,4
20065,164,5
20066,165,6
20067,166,7
20068,167,8
20069,168,9
20070,169,10
20071,170,1
20072,171,2
20073,172,3
20074,173,4
20075,174,5
20076,175,6
20077,176,7
20078,177,8
20079,178,9
20080,179,10
20081,180,1
20082,181,2
20083,182,3
20084,183,4
20085,184,5
20086,185,6
20087,186,7
20088,187,8
20089,188,9
20090,189,10
20091,190,1
20092,191,2
20093,192,3
20094,193,4
20095,194,5
20096,195,6
20097,196,7
20098,197,8
20099,198,9
20100,199,10
20101,200,1
20102,201,2
20103,202,3
20104,203,4
20105,204,5
20106,205,6
20107,206,7
20108,207,8
20109,208,9
20110,209,10
20111,210,1
20112,211,2
20113,212,3
20114,213,4
20115,214,5
20116,215,6
20117,216,7
20118,217,8
20119,218,9
20120,219,10
20121,220,1
20122,221,2
20123,222,3
20124,223,4
20125,224,5
20126,225,6
20127,226,7
20128,227,8
20129,228,9
20130,229,10
20131,230,1
20132,231,2
20133,232,3
20134,233,4
20135,234,5
20136,235,6
20137,236,7
20138,237,8
20139,238,9
20140,239,10
20141,240,1
20142,241,2
20143,242,3
20144,243,4
20145,244,5
20146,245,6
20147,246,7
20148,247,8
20149,248,9
20150,249,10
20151,250,1
20152,251,2
20153,252,3
20154,253,4
20155,254,5
20156,255,6
20157,256,7
20158,257,8
20159,258,9
20160,259,10
20161,260,1
20162,261,2
20163,262,3
20164,263,4
20165,264,5
20166,265,6
20167,266,7
20168,267,8
20169,268,9
20170,269,10
20171,270,1
20172,271,2
20173,272,3
20174,273,4
20175,274,5
20176,275,6
20177,276,7
20178,277,8
20179,278,9
20180,279,10
20181,280,1
20182,281,2
20183,282,3
20184,283,4
20185,284,5
20186,285,6
20187,286,7
20188,287,8
20189,288,9
20190,289,10
20191,290,1
20192,291,2
20193,292,3
20194,293,4
20195,294,5
20196,295,6
20197,296,7
20198,297,8
20199,298,9
20200,299,10
20201,300,1
20202,301,2
20203,302,3
20204,303,4
20205,304,5
20206,305,6
20207,306,7
20208,307,8
20209,308,9
20210,309,10
20211,310,1
20212,311,2
20213,312,3
20214,313,4
20215,314,5
20216,315,6
20217,316,7
20218,317,8
20219,318,9
20220,319,10
20221,320,1
20222,321,2
20223,322,3
20224,323,4
20225,324,5
20226,325,6
20227,326,7
20228,327,8
20229,328,9
20230,329,10
20231,330,1
20232,331,2
20233,332,3
20234,333,4
20235,334,5
20236,335,6
20237,336,7
20238,337,8
20239,338,9
20240,339,10
20241,340,1
20242,341,2
20243,342,3
20244,343,4
20245,344,5
20246,345,6
20247,346,7
20248,347,8
20249,348,9
20250,349,10
20251,350,1
20252,351,2
20253,352,3
20254,353,4
20255,354,5
20256,355,6
20257,356,7
20258,357,8
20259,358,9
20260,359,10
20261,360,1
20262,361,2
20263,362,3
20264,363,4
20265,364,5
20266,365,6
20267,366,7
20268,367,8
20269,368,9
20270,369,10
20271,370,1
20272,371,2
20273,372,3
20274,373,4
20275,374,5
20276,375,6
20277,376,7
20278,377,8
20279,378,9
20280,379,10
20281,380,1
20282,381,2
20283,382,3
20284,383,4
20285,384,5
20286,385,6
20287,386,7
20288,387,8
20289,388,9
20290,389,10
20291,390,1
20292,391,2
20293,392,3
20294,393,4
20295,394,5
20296,395,6
20297,396,7
20298,397,8
20299,398,9
20300,399,10
20301,400,1
20302,401,2
20303,402,3
20304,403,4
20305,404,5
20306,405,6
20307,406,7
20308,407,8
20309,408,9
20310,409,10
20311,410,1
20312,411,2
20313,412,3
20314,413,4
20315,414,5
20316,415,6
20317,416,7
20318,417,8
20319,418,9
20320,419,10
20321,420,1
20322,421,2
20323,422,3
20324,423,4
20325,424,5
20326,425,6
20327,426,7
20328,427,8
20329,428,9
20330,429,10
20331,430,1
20332,431,2
20333,432,3
20334,433,4
20335,434,5
20336,435,6
20337,436,7
20338,437,8
20339,438,9
20340,439,10
20341,440,1
20342,441,2
20343,442,3
20344,443,4
20345,444,5
20346,445,6
20347,446,7
20348,447,8
20349,448,9
20350,449,10
20351,450,1
20352,451,2
20353,452,3
20354,453,4
20355,454,5
20356,455,6
20357,456,7
20358,457,8
20359,458,9
20360,459,10
20361,460,1
20362,461,2
20363,462,3
20364,463,4
20365,464,5
20366,465,6
20367,466,7
20368,467,8
20369,468,9
20370,469,10
20371,470,1
20372,471,2
20373,472,3
20374,473,4
20375,474,5
20376,475,6
20377,476,7
20378,477,8
20379,478,9
20380,479,10
20381,480,1
20382,481,2
20383,482,3
20384,483,4
20385,484,5
20386,485,6
20387,486,7
20388,487,8
20389,488,9
20390,489,10
20391,490,1
20392,491,2
20393,492,3
20394,493,4
20395,494,5
20396,495,6
20397,496,7
20398,497,8
20399,498,9
20400,499,10
20401,500,1
20402,501,2
20403,502,3
20404,503,4
20405,504,5
20406,505,6
20407,506,7
20408,507,8
20409,508,9
20410,509,10
20411,510,1
20412,511,2
20413,512,3
20414,513,4
20415,514,5
20416,515,6
20417,516,7
20418,517,8
20419,518,9
20420,519,10
20421,520,1
20422,521,2
20423,522,3
20424,523,4
20425,524,5
20426,525,6
20427,526,7
20428,527,8
20429,528,9
20430,529,10
20431,530,1
20432,531,2
20433,532,3
20434,533,4
20435,534,5
20436,535,6
20437,536,7
20438,537,8
20439,538,9
20440,539,10
20441,540,1
20442,541,2
20443,542,3
20444,543,4
20445,544,5
20446,545,6
20447,546,7
20448,547,8
20449,548,9
20450,549,10
20451,550,1
20452,551,2
20453,552,3
20454,553,4
20455,554,5
20456,555,6
20457,556,7
20458,557,8
20459,558,9
20460,559,10
20461,560,1
20462,561,2
20463,562,3
20464,563,4
20465,564,5
20466,565,6
20467,566,7
20468,567,8
20469,568,9
20470,569,10
20471,570,1
20472,571,2
20473,572,3
20474,573,4
20475,574,5
20476,575,6
20477,576,7
20478,577,8
20479,578,9
20480,579,10
20481,580,1
20482,581,2
20483,582,3
20484,583,4
20485,584,5
20486,585,6
20487,586,7
20488,587,8
20489,588,9
20490,589,10
20491,590,1
20492,591,2
20493,592,3
20494,593,4
20495,594,5
20496,595,6
20497,596,7
20498,597,8
20499,598,9
20500,599,10
20501,600,1
20502,601,2
20503,602,3
20504,603,4
20505,604,5
20506,605,6
20507,606,7
20508,607,8
20509,608,9
20510,609,10
20511,610,1
20512,611,2
20513,612,3
20514,613,4
20515,614,5
20516,615,6
20517,616,7
20518,617,8
20519,618,9
20520,619,10
20521,620,1
20522,621,2
20523,622,3
20524,623,4
20525,624,5
20526,625,6
20527,626,7
20528,627,8
20529,628,9
20530,629,10
20531,630,1
20532,631,2
20533,632,3
20534,633,4
20535,634,5
20536,635,6
20537,636,7
20538,637,8
20539,638,9
20540,639,10
20541,640,1
20542,641,2
20543,642,3
20544,643,4
20545,644,5
20546,645,6
20547,646,7
20548,647,8
20549,648,9
20550,649,10
20551,650,1
20552,651,2
20553,652,3
20554,653,4
20555,654,5
20556,655,6
20557,656,7
20558,657,8
20559,658,9
20560,659,10
20561,660,1
20562,661,2
20563,662,3
20564,663,4
20565,664,5
20566,665,6
20567,666,7
20568,667,8
20569,668,9
20570,669,10
20571,670,1
20572,671,2
20573,672,3
20574,673,4
20575,674,5
20576,675,6
20577,676,7
20578,677,8
20579,678,9
20580,679,10
20581,680,1
20582,681,2
20583,682,3
20584,683,4
20585,684,5
20586,685,6
20587,686,7
20588,687,8
20589,688,9
20590,689,10
20591,690,1
20592,691,2
20593,692,3
20594,693,4
20595,694,5
20596,695,6
20597,696,7
20598,697,8
20599,698,9
20600,699,10
20601,700,1
20602,701,2
20603,702,3
20604,703,4
20605,704,5
20606,705,6
20607,706,7
20608,707,8
20609,708,9
20610,709,10
20611,710,1
20612,711,2
20613,712,3
20614,713,4
20615,714,5
20616,715,6
20617,716,7
20618,717,8
20619,718,9
20620,719,10
20621,720,1
20622,721,2
20623,722,3
20624,723,4
20625,724,5
20626,725,6
20627,726,7
20628,727,8
20629,728,9
20630,729,10
20631,730,1
20632,731,2
20633,732,3
20634,733,4
20635,734,5
20636,735,6
20637,736,7
20638,737,8
20639,738,9
20640,739,10
20641,740,1
20642,741,2
20643,742,3
20644,743,4
20645,744,5
20646,745,6
20647,746,7
20648,747,8
20649,748,9
20650,749,10
20651,750,1
20652,751,2
20653,752,3
20654,753,4
20655,754,5
20656,755,6
20657,756,7
20658,757,8
20659,758,9
20660,759,10
20661,760,1
20662,761,2
20663,762,3
20664,763,4
20665,764,5
20666,765,6
20667,766,7
20668,767,8
20669,768,9
20670,769,10
20671,770,1
20672,771,2
20673,772,3
20674,773,4
20675,774,5
20676,775,6
20677,776,7
20678,777,8
20679,778,9
20680,779,10
20681,780,1
20682,781,2
20683,782,3
20684,783,4
20685,784,5
20686,785,6
20687,786,7
20688,787,8
20689,788,9
20690,789,10
20691,790,1
20692,791,2
20693,792,3
20694,793,4
20695,794,5
20696,795,6
20697,796,7
20698,797,8
20699,798,9
20700,799,10
20701,800,1
20702,801,2
20703,802,3
20704,803,4
20705,804,5
20706,805,6
20707,806,7
20708,807,8
20709,808,9
20710,809,10
20711,810,1
20712,811,2
20713,812,3
20714,813,4
20715,814,5
20716,815,6
20717,816,7
20718,817,8
20719,818,9
20720,819,10
20721,820,1
20722,821,2
20723,822,3
20724,823,4
20725,824,5
20726,825,6
20727,826,7
20728,827,8
20729,828,9
20730,829,10
20731,830,1
20732,831,2
20733,832,3
20734,833,4
20735,834,5
20736,835,6
20737,836,7
20738,837,8
20739,838,9
20740,839,10
20741,840,1
20742,841,2
20743,842,3
20744,843,4
20745,844,5
20746,845,6
20747,846,7
20748,847,8
20749,848,9
20750,849,10
20751,850,1
20752,851,2
20753,852,3
20754,853,4
20755,854,5
20756,855,6
20757,856,7
20758,857,8
20759,858,9
20760,859,10
20761,860,1
20762,861,2
20763,862,3
20764,863,4
20765,864,5
20766,865,6
20767,866,7
20768,867,8
20769,868,9
20770,869,10
20771,870,1
20772,871,2
20773,872,3
20774,873,4
20775,874,5
20776,875,6
20777,876,7
20778,877,8
20779,878,9
20780,879,10
20781,880,1
20782,881,2
20783,882,3
20784,883,4
20785,884,5
20786,885,6
20787,886,7
20788,887,8
20789,888,9
20790,889,10
20791,890,1
20792,891,2
20793,892,3
20794,893,4
20795,894,5
20796,895,6
20797,896,7
20798,897,8
20799,898,9
20800,899,10
20801,900,1
20802,901,2
20803,902,3
20804,903,4
20805,904,5
20806,905,6
20807,906,7
20808,907,8
20809,908,9
20810,909,10
20811,910,1
20812,911,2
20813,912,3
20814,913,4
20815,914,5
20816,915,6
20817,916,7
20818,917,8
20819,918,9
20820,919,10
20821,920,1
20822,921,2
20823,922,3
20824,923,4
20825,924,5
20826,925,6
20827,926,7
20828,927,8
20829,928,9
20830,929,10
20831,930,1
20832,931,2
20833,932,3
20834,933,4
20835,934,5
20836,935,6
20837,936,7
20838,937,8
20839,938,9
20840,939,10
20841,940,1
20842,941,2
20843,942,3
20844,943,4
20845,944,5
20846,945,6
20847,946,7
20848,947,8
20849,948,9
20850,949,10
20851,950,1
20852,951,2
20853,952,3
20854,953,4
20855,954,5
20856,955,6
20857,956,7
20858,957,8
20859,958,9
20860,959,10
20861,960,1
20862,961,2
20863,962,3
20864,963,4
20865,964,5
20866,965,6
20867,966,7
20868,967,8
20869,968,9
20870,969,10
20871,970,1
20872,971,2
20873,972,3
20874,973,4
20875,974,5
20876,975,6
20877,976,7
20878,977,8
20879,978,9
20880,979,10
20881,980,1
20882,981,2
20883,982,3
20884,983,4
20885,984,5
20886,985,6
20887,986,7
20888,987,8
20889,988,9
20890,989,10
20891,990,1
20892,991,2
20893,992,3
20894,993,4
20895,994,5
20896,995,6
20897,996,7
20898,997,8
20899,998,9
20900,999,10
20901,1000,1
20902,1001,2
20903,1002,3
20904,1003,4
20905,1004,5
20906,1005,6
20907,1006,7
20908,1007,8
20909,1008,9
20910,1009,10
20911,1010,1
20912,1011,2
20913,1012,3
20914,1013,4
20915,1014,5
20916,1015,6
20917,1016,7
20918,1017,8
20919,1018,9
20920,1019,10
20921,1020,1
20922,1021,2
20923,1022,3
20924,1023,4
20925,1024,5
20926,1025,6
20927,1026,7
20928,1027,8
20929,1028,9
20930,1029,10
20931,1030,1
20932,1031,2
20933,1032,3
20934,1033,4
20935,1034,5
20936,1035,6
20937,1036,7
20938,1037,8
20939,1038,9
20940,1039,10
20941,1040,1
20942,1041,2
20943,1042,3
20944,1043,4
20945,1044,5
20946,1045,6
20947,1046,7
20948,1047,8
20949,1048,9
20950,1049,10
20951,1050,1
20952,1051,2
20953,1052,3
20954,1053,4
20955,1054,5
20956,1055,6
20957,1056,7
20958,1057,8
20959,1058,9
20960,1059,10
20961,1060,1
20962,1061,2
20963,1062,3
20964,1063,4
20965,1064,5
20966,1065,6
20967,1066,7
20968,1067,8
20969,1068,9
20970,1069,10
20971,1070,1
20972,1071,2
20973,1072,3
20974,1073,4
20975,1074,5
20976,1075,6
20977,1076,7
20978,1077,8
20979,1078,9
20980,1079,10
20981,1080,1
20982,1081,2
20983,1082,3
20984,1083,4
20985,1084,5
20986,1085,6
20987,1086,7
20988,1087,8
20989,1088,9
20990,1089,10
20991,1090,1
20992,1091,2
20993,1092,3
20994,1093,4
20995,1094,5
20996,1095,6
20997,1096,7
20998,1097,8
20999,1098,9
21000,1099,10
21001,100,1
21002,101,2
21003,102,3
21004,103,4
21005,104,5
21006,105,6
21007,106,7
21008,107,8
21009,108,9
21010,109,10
21011,110,1
21012,111,2
21013,112,3
21014,113,4
21015,114,5
21016,115,6
21017,116,7
21018,117,8
21019,118,9
21020,119,10
21021,120,1
21022,121,2
21023,122,3
21024,123,4
21025,124,5
21026,125,6
21027,126,7
21028,127,8
21029,128,9
21030,129,10
21031,130,1
21032,131,2
21033,132,3
21034,133,4
21035,134,5
21036,135,6
21037,136,7
21038,137,8
21039,138,9
21040,139,10
21041,140,1
21042,141,2
21043,142,3
21044,143,4
21045,144,5
21046,145,6
21047,146,7
21048,147,8
21049,148,9
21050,149,10
21051,150,1
21052,151,2
21053,152,3
21054,153,4
21055,154,5
21056,155,6
21057,156,7
21058,157,8
21059,158,9
21060,159,10
21061,160,1
21062,161,2
21063,162,3
21064,163,4
21065,164,5
21066,165,6
21067,166,7
21068,167,8
21069,168,9
21070,169,10
21071,170,1
21072,171,2
21073,172,3
21074,173,4
21075,174,5
21076,175,6
21077,176,7
21078,177,8
21079,178,9
21080,179,10
21081,180,1
21082,181,2
21083,182,3
21084,183,4
21085,184,5
21086,185,6
21087,186,7
21088,187,8
21089,188,9
21090,189,10
21091,190,1
21092,191,2
21093,192,3
21094,193,4
21095,194,5
21096,195,6
21097,196,7
21098,197,8
21099,198,9
21100,199,10
21101,200,1
21102,201,2
21103,202,3
21104,203,4
21105,204,5
21106,205,6
21107,206,7
21108,207,8
21109,208,9
21110,209,10
21111,210,1
21112,211,2
21113,212,3
21114,213,4
21115,214,5
21116,215,6
21117,216,7
21118,217,8
21119,218,9
21120,219,10
21121,220,1
21122,221,2
21123,222,3
21124,223,4
21125,224,5
21126,225,6
21127,226,7
21128,227,8
21129,228,9
21130,229,10
21131,230,1
21132,231,2
21133,232,3
21134,233,4
21135,234,5
21136,235,6
21137,236,7
21138,237,8
21139,238,9
21140,239,10
21141,240,1
21142,241,2
21143,242,3
21144,243,4
21145,244,5
21146,245,6
21147,246,7
21148,247,8
21149,248,9
21150,249,10
21151,250,1
21152,251,2
21153,252,3
21154,253,4
21155,254,5
21156,255,6
21157,256,7
21158,257,8
21159,258,9
21160,259,10
21161,260,1
21162,261,2
21163,262,3
21164,263,4
21165,264,5
21166,265,6
21167,266,7
21168,267,8
21169,268,9
21170,269,10
21171,270,1
21172,271,2
21173,272,3
21174,273,4
21175,274,5
21176,275,6
21177,276,7
21178,277,8
21179,278,9
21180,279,10
21181,280,1
21182,281,2
21183,282,3
21184,283,4
21185,284,5
21186,285,6
21187,286,7
21188,287,8
21189,288,9
21190,289,10
21191,290,1
21192,291,2
21193,292,3
21194,293,4
21195,294,5
21196,295,6
21197,296,7
21198,297,8
21199,298,9
21200,299,10
21201,300,1
21202,301,2
21203,302,3
21204,303,4
21205,304,5
21206,305,6
21207,306,7
21208,307,8
21209,308,9
21210,309,10
21211,310,1
21212,311,2
21213,312,3
21214,313,4
21215,314,5
21216,315,6
21217,316,7
21218,317,8
21219,318,9
21220,319,10
21221,320,1
21222,321,2
21223,322,3
21224,323,4
21225,324,5
21226,325,6
21227,326,7
21228,327,8
21229,328,9
21230,329,10
21231,330,1
21232,331,2
21233,332,3
21234,333,4
21235,334,5
21236,335,6
21237,336,7
21238,337,8
21239,338,9
21240,339,10
21241,340,1
21242,341,2
21243,342,3
21244,343,4
21245,344,5
21246,345,6
21247,346,7
21248,347,8
21249,348,9
21250,349,10
21251,350,1
21252,351,2
21253,352,3
21254,353,4
21255,354,5
21256,355,6
21257,356,7
21258,357,8
21259,358,9
21260,359,10
21261,360,1
21262,361,2
21263,362,3
21264,363,4
21265,364,5
21266,365,6
21267,366,7
21268,367,8
21269,368,9
21270,369,10
21271,370,1
21272,371,2
21273,372,3
21274,373,4
21275,374,5
21276,375,6
21277,376,7
21278,377,8
21279,378,9
21280,379,10
21281,380,1
21282,381,2
21283,382,3
21284,383,4
21285,384,5
21286,385,6
21287,386,7
21288,387,8
21289,388,9
21290,389,10
21291,390,1
21292,391,2
21293,392,3
21294,393,4
21295,394,5
21296,395,6
21297,396,7
21298,397,8
21299,398,9
21300,399,10
21301,400,1
21302,401,2
21303,402,3
21304,403,4
21305,404,5
21306,405,6
21307,406,7
21308,407,8
21309,408,9
21310,409,10
21311,410,1
21312,411,2
21313,412,3
21314,413,4
21315,414,5
21316,415,6
21317,416,7
21318,417,8
21319,418,9
21320,419,10
21321,420,1
21322,421,2
21323,422,3
21324,423,4
21325,424,5
21326,425,6
21327,426,7
21328,427,8
21329,428,9
21330,429,10
21331,430,1
21332,431,2
21333,432,3
21334,433,4
21335,434,5
21336,435,6
21337,436,7
21338,437,8
21339,438,9
21340,439,10
21341,440,1
21342,441,2
21343,442,3
21344,443,4
21345,444,5
21346,445,6
21347,446,7
21348,447,8
21349,448,9
21350,449,10
21351,450,1
21352,451,2
21353,452,3
21354,453,4
21355,454,5
21356,455,6
21357,456,7
21358,457,8
21359,458,9
21360,459,10
21361,460,1
21362,461,2
21363,462,3
21364,463,4
21365,464,5
21366,465,6
21367,466,7
21368,467,8
21369,468,9
21370,469,10
21371,470,1
21372,471,2
21373,472,3
21374,473,4
21375,474,5
21376,475,6
21377,476,7
21378,477,8
21379,478,9
21380,479,10
21381,480,1
21382,481,2
21383,482,3
21384,483,4
21385,484,5
21386,485,6
21387,486,7
21388,487,8
21389,488,9
21390,489,10
21391,490,1
21392,491,2
21393,492,3
21394,493,4
21395,494,5
21396,495,6
21397,496,7
21398,497,8
21399,498,9
21400,499,10
21401,500,1
21402,501,2
21403,502,3
21404,503,4
21405,504,5
21406,505,6
21407,506,7
21408,507,8
21409,508,9
21410,509,10
21411,510,1
21412,511,2
21413,512,3
21414,513,4
21415,514,5
21416,515,6
21417,516,7
21418,517,8
21419,518,9
21420,519,10
21421,520,1
21422,521,2
21423,522,3
21424,523,4
21425,524,5
21426,525,6
21427,526,7
21428,527,8
21429,528,9
21430,529,10
21431,530,1
21432,531,2
21433,532,3
21434,533,4
21435,534,5
21436,535,6
21437,536,7
21438,537,8
21439,538,9
21440,539,10
21441,540,1
21442,541,2
21443,542,3
21444,543,4
21445,544,5
21446,545,6
21447,546,7
21448,547,8
21449,548,9
21450,549,10
21451,550,1
21452,551,2
21453,552,3
21454,553,4
21455,554,5
21456,555,6
21457,556,7
21458,557,8
21459,558,9
21460,559,10
21461,560,1
21462,561,2
21463,562,3
21464,563,4
21465,564,5
21466,565,6
21467,566,7
21468,567,8
21469,568,9
21470,569,10
21471,570,1
21472,571,2
21473,572,3
21474,573,4
21475,574,5
21476,575,6
21477,576,7
21478,577,8
21479,578,9
21480,579,10
21481,580,1
21482,581,2
21483,582,3
21484,583,4
21485,584,5
21486,585,6
21487,586,7
21488,587,8
21489,588,9
21490,589,10
21491,590,1
21492,591,2
21493,592,3
21494,593,4
21495,594,5
21496,595,6
21497,596,7
21498,597,8
21499,598,9
21500,599,10
21501,600,1
21502,601,2
21503,602,3
21504,603,4
21505,604,5
21506,605,6
21507,606,7
21508,607,8
21509,608,9
21510,609,10
21511,610,1
21512,611,2
21513,612,3
21514,613,4
21515,614,5
21516,615,6
21517,616,7
21518,617,8
21519,618,9
21520,619,10
21521,620,1
21522,621,2
21523,622,3
21524,623,4
21525,624,5
21526,625,6
21527,626,7
21528,627,8
21529,628,9
21530,629,10
21531,630,1
21532,631,2
21533,632,3
21534,633,4
21535,634,5
21536,635,6
21537,636,7
21538,637,8
21539,638,9
21540,639,10
21541,640,1
21542,641,2
21543,642,3
21544,643,4
21545,644,5
21546,645,6
21547,646,7
21548,647,8
21549,648,9
21550,649,10
21551,650,1
21552,651,2
21553,652,3
21554,653,4
21555,654,5
21556,655,6
21557,656,7
21558,657,8
21559,658,9
21560,659,10
21561,660,1
21562,661,2
21563,662,3
21564,663,4
21565,664,5
21566,665,6
21567,666,7
21568,667,8
21569,668,9
21570,669,10
21571,670,1
21572,671,2
21573,672,3
21574,673,4
21575,674,5
21576,675,6
21577,676,7
21578,677,8
21579,678,9
21580,679,10
21581,680,1
21582,681,2
21583,682,3
21584,683,4
21585,684,5
21586,685,6
21587,686,7
21588,687,8
21589,688,9
21590,689,10
21591,690,1
21592,691,2
21593,692,3
21594,693,4
21595,694,5
21596,695,6
21597,696,7
21598,697,8
21599,698,9
21600,699,10
21601,700,1
21602,701,2
21603,702,3
21604,703,4
21605,704,5
21606,705,6
21607,706,7
21608,707,8
21609,708,9
21610,709,10
21611,710,1
21612,711,2
21613,712,3
21614,713,4
21615,714,5
21616,715,6
21617,716,7
21618,717,8
21619,718,9
21620,719,10
21621,720,1
21622,721,2
21623,722,3
21624,723,4
21625,724,5
21626,725,6
21627,726,7
21628,727,8
21629,728,9
21630,729,10
21631,730,1
21632,731,2
21633,732,3
21634,733,4
21635,734,5
21636,735,6
21637,736,7
21638,737,8
21639,738,9
21640,739,10
21641,740,1
21642,741,2
21643,742,3
21644,743,4
21645,744,5
21646,745,6
21647,746,7
21648,747,8
21649,748,9
21650,749,10
21651,750,1
21652,751,2
21653,752,3
21654,753,4
21655,754,5
21656,755,6
21657,756,7
21658,757,8
21659,758,9
21660,759,10
21661,760,1
21662,761,2
21663,762,3
21664,763,4
21665,764,5
21666,765,6
21667,766,7
21668,767,8
21669,768,9
21670,769,10
21671,770,1
21672,771,2
21673,772,3
21674,773,4
21675,774,5
21676,775,6
21677,776,7
21678,777,8
21679,778,9
21680,779,10
21681,780,1
21682,781,2
21683,782,3
21684,783,4
21685,784,5
21686,785,6
21687,786,7
21688,787,8
21689,788,9
21690,789,10
21691,790,1
21692,791,2
21693,792,3
21694,793,4
21695,794,5
21696,795,6
21697,796,7
21698,797,8
21699,798,9
21700,799,10
21701,800,1
21702,801,2
21703,802,3
21704,803,4
21705,804,5
21706,805,6
21707,806,7
21708,807,8
21709,808,9
21710,809,10
21711,810,1
21712,811,2
21713,812,3
21714,813,4
21715,814,5
21716,815,6
21717,816,7
21718,817,8
21719,818,9
21720,819,10
21721,820,1
21722,821,2
21723,822,3
21724,823,4
21725,824,5
21726,825,6
21727,826,7
21728,827,8
21729,828,9
21730,829,10
21731,830,1
21732,831,2
21733,832,3
21734,833,4
21735,834,5
21736,835,6
21737,836,7
21738,837,8
21739,838,9
21740,839,10
21741,840,1
21742,841,2
21743,842,3
21744,843,4
21745,844,5
21746,845,6
21747,846,7
21748,847,8
21749,848,9
21750,849,10
21751,850,1
21752,851,2
21753,852,3
21754,853,4
21755,854,5
21756,855,6
21757,856,7
21758,857,8
21759,858,9
21760,859,10
21761,860,1
21762,861,2
21763,862,3
21764,863,4
21765,864,5
21766,865,6
21767,866,7
21768,867,8
21769,868,9
21770,869,10
21771,870,1
21772,871,2
21773,872,3
21774,873,4
21775,874,5
21776,875,6
21777,876,7
21778,877,8
21779,878,9
21780,879,10
21781,880,1
21782,881,2
21783,882,3
21784,883,4
21785,884,5
21786,885,6
21787,886,7
21788,887,8
21789,888,9
21790,889,10
21791,890,1
21792,891,2
21793,892,3
21794,893,4
21795,894,5
21796,895,6
21797,896,7
21798,897,8
21799,898,9
21800,899,10
21801,900,1
21802,901,2
21803,902,3
21804,903,4
21805,904,5
21806,905,6
21807,906,7
21808,907,8
21809,908,9
21810,909,10
21811,910,1
21812,911,2
21813,912,3
21814,913,4
21815,914,5
21816,915,6
21817,916,7
21818,917,8
21819,918,9
21820,919,10
21821,920,1
21822,921,2
21823,922,3
21824,923,4
21825,924,5
21826,925,6
21827,926,7
21828,927,8
21829,928,9
21830,929,10
21831,930,1
21832,931,2
21833,932,3
21834,933,4
21835,934,5
21836,935,6
21837,936,7
21838,937,8
21839,938,9
21840,939,10
21841,940,1
21842,941,2
21843,942,3
21844,943,4
21845,944,5
21846,945,6
21847,946,7
21848,947,8
21849,948,9
21850,949,10
21851,950,1
21852,951,2
21853,952,3
21854,953,4
21855,954,5
21856,955,6
21857,956,7
21858,957,8
21859,958,9
21860,959,10
21861,960,1
21862,961,2
21863,962,3
21864,963,4
21865,964,5
21866,965,6
21867,966,7
21868,967,8
21869,968,9
21870,969,10
21871,970,1
21872,971,2
21873,972,3
21874,973,4
21875,974,5
21876,975,6
21877,976,7
21878,977,8
21879,978,9
21880,979,10
21881,980,1
21882,981,2
21883,982,3
21884,983,4
21885,984,5
21886,985,6
21887,986,7
21888,987,8
21889,988,9
21890,989,10
21891,990,1
21892,991,2
21893,992,3
21894,993,4
21895,994,5
21896,995,6
21897,996,7
21898,997,8
21899,998,9
21900,999,10
21901,1000,1
21902,1001,2
21903,1002,3
21904,1003,4
21905,1004,5
21906,1005,6
21907,1006,7
21908,1007,8
21909,1008,9
21910,1009,10
21911,1010,1
21912,1011,2
21913,1012,3
21914,1013,4
21915,1014,5
21916,1015,6
21917,1016,7
21918,1017,8
21919,1018,9
21920,1019,10
21921,1020,1
21922,1021,2
21923,1022,3
21924,1023,4
21925,1024,5
21926,1025,6
21927,1026,7
21928,1027,8
21929,1028,9
21930,1029,10
21931,1030,1
21932,1031,2
21933,1032,3
21934,1033,4
21935,1034,5
21936,1035,6
21937,1036,7
21938,1037,8
21939,1038,9
21940,1039,10
21941,1040,1
21942,1041,2
21943,1042,3
21944,1043,4
21945,1044,5
21946,1045,6
21947,1046,7
21948,1047,8
21949,1048,9
21950,1049,10
21951,1050,1
21952,1051,2
21953,1052,3
21954,1053,4
21955,1054,5
21956,1055,6
21957,1056,7
21958,1057,8
21959,1058,9
21960,1059,10
21961,1060,1
21962,1061,2
21963,1062,3
21964,1063,4
21965,1064,5
21966,1065,6
21967,1066,7
21968,1067,8
21969,1068,9
21970,1069,10
21971,1070,1
21972,1071,2
21973,1072,3
21974,1073,4
21975,1074,5
21976,1075,6
21977,1076,7
21978,1077,8
21979,1078,9
21980,1079,10
21981,1080,1
21982,1081,2
21983,1082,3
21984,1083,4
21985,1084,5
21986,1085,6
21987,1086,7
21988,1087,8
21989,1088,9
21990,1089,10
21991,1090,1
21992,1091,2
21993,1092,3
21994,1093,4
21995,1094,5
21996,1095,6
21997,1096,7
21998,1097,8
21999,1098,9
22000,1099,10
22001,100,1
22002,101,2
22003,102,3
22004,103,4
22005,104,5
22006,105,6
22007,106,7
22008,107,8
22009,108,9
22010,109,10
22011,110,1
22012,111,2
22013,112,3
22014,113,4
22015,114,5
22016,115,6
22017,116,7
22018,117,8
22019,118,9
22020,119,10
22021,120,1
22022,121,2
22023,122,3
22024,123,4
22025,124,5
22026,125,6
22027,126,7
22028,127,8
22029,128,9
22030,129,10
22031,130,1
22032,131,2
22033,132,3
22034,133,4
22035,134,5
22036,135,6
22037,136,7
22038,137,8
22039,138,9
22040,139,10
22041,140,1
22042,141,2
22043,142,3
22044,143,4
22045,144,5
22046,145,6
22047,146,7
22048,147,8
22049,148,9
22050,149,10
22051,150,1
22052,151,2
22053,152,3
22054,153,4
22055,154,5
22056,155,6
22057,156,7
22058,157,8
22059,158,9
22060,159,10
22061,160,1
22062,161,2
22063,162,3
22064,163,4
22065,164,5
22066,165,6
22067,166,7
22068,167,8
22069,168,9
22070,169,10
22071,170,1
22072,171,2
22073,172,3
22074,173,4
22075,174,5
22076,175,6
22077,176,7
22078,177,8
22079,178,9
22080,179,10
22081,180,1
22082,181,2
22083,182,3
22084,183,4
22085,184,5
22086,185,6
22087,186,7
22088,187,8
22089,188,9
22090,189,10
22091,190,1
22092,191,2
22093,192,3
22094,193,4
22095,194,5
22096,195,6
22097,196,7
22098,197,8
22099,198,9
22100,199,10
22101,200,1
22102,201,2
22103,202,3
22104,203,4
22105,204,5
22106,205,6
22107,206,7
22108,207,8
22109,208,9
22110,209,10
22111,210,1
22112,211,2
22113,212,3
22114,213,4
22115,214,5
22116,215,6
22117,216,7
22118,217,8
22119,218,9
22120,219,10
22121,220,1
22122,221,2
22123,222,3
22124,223,4
22125,224,5
22126,225,6
22127,226,7
22128,227,8
22129,228,9
22130,229,10
22131,230,1
22132,231,2
22133,232,3
22134,233,4
22135,234,5
22136,235,6
22137,236,7
22138,237,8
22139,238,9
22140,239,10
22141,240,1
22142,241,2
22143,242,3
22144,243,4
22145,244,5
22146,245,6
22147,246,7
22148,247,8
22149,248,9
22150,249,10
22151,250,1
22152,251,2
22153,252,3
22154,253,4
22155,254,5
22156,255,6
22157,256,7
22158,257,8
22159,258,9
22160,259,10
22161,260,1
22162,261,2
22163,262,3
22164,263,4
22165,264,5
22166,265,6
22167,266,7
22168,267,8
22169,268,9
22170,269,10
22171,270,1
22172,271,2
22173,272,3
22174,273,4
22175,274,5
22176,275,6
22177,276,7
22178,277,8
22179,278,9
22180,279,10
22181,280,1
22182,281,2
22183,282,3
22184,283,4
22185,284,5
22186,285,6
22187,286,7
22188,287,8
22189,288,9
22190,289,10
22191,290,1
22192,291,2
22193,292,3
22194,293,4
22195,294,5
22196,295,6
22197,296,7
22198,297,8
22199,298,9
22200,299,10
22201,300,1
22202,301,2
22203,302,3
22204,303,4
22205,304,5
22206,305,6
22207,306,7
22208,307,8
22209,308,9
22210,309,10
22211,310,1
22212,311,2
22213,312,3
22214,313,4
22215,314,5
22216,315,6
22217,316,7
22218,317,8
22219,318,9
22220,319,10
22221,320,1
22222,321,2
22223,322,3
22224,323,4
22225,324,5
22226,325,6
22227,326,7
22228,327,8
22229,328,9
22230,329,10
22231,330,1
22232,331,2
22233,332,3
22234,333,4
22235,334,5
22236,335,6
22237,336,7
22238,337,8
22239,338,9
22240,339,10
22241,340,1
22242,341,2
22243,342,3
22244,343,4
22245,344,5
22246,345,6
22247,346,7
22248,347,8
22249,348,9
22250,349,10
22251,350,1
22252,351,2
22253,352,3
22254,353,4
22255,354,5
22256,355,6
22257,356,7
22258,357,8
22259,358,9
22260,359,10
22261,360,1
22262,361,2
22263,362,3
22264,363,4
22265,364,5
22266,365,6
22267,366,7
22268,367,8
22269,368,9
22270,369,10
22271,370,1
22272,371,2
22273,372,3
22274,373,4
22275,374,5
22276,375,6
22277,376,7
22278,377,8
22279,378,9
22280,379,10
22281,380,1
22282,381,2
22283,382,3
22284,383,4
22285,384,5
22286,385,6
22287,386,7
22288,387,8
22289,388,9
22290,389,10
22291,390,1
22292,391,2
22293,392,3
22294,393,4
22295,394,5
22296,395,6
22297,396,7
22298,397,8
22299,398,9
22300,399,10
22301,400,1
22302,401,2
22303,402,3
22304,403,4
22305,404,5
22306,405,6
22307,406,7
22308,407,8
22309,408,9
22310,409,10
22311,410,1
22312,411,2
22313,412,3
22314,413,4
22315,414,5
22316,415,6
22317,416,7
22318,417,8
22319,418,9
22320,419,10
22321,420,1
22322,421,2
22323,422,3
22324,423,4
22325,424,5
22326,425,6
22327,426,7
22328,427,8
22329,428,9
22330,429,10
22331,430,1
22332,431,2
22333,432,3
22334,433,4
22335,434,5
22336,435,6
22337,436,7
22338,437,8
22339,438,9
22340,439,10
22341,440,1
22342,441,2
22343,442,3
22344,443,4
22345,444,5
22346,445,6
22347,446,7
22348,447,8
22349,448,9
22350,449,10
22351,450,1
22352,451,2
22353,452,3
22354,453,4
22355,454,5
22356,455,6
22357,456,7
22358,457,8
22359,458,9
22360,459,10
22361,460,1
22362,461,2
22363,462,3
22364,463,4
22365,464,5
22366,465,6
22367,466,7
22368,467,8
22369,468,9
22370,469,10
22371,470,1
22372,471,2
22373,472,3
22374,473,4
22375,474,5
22376,475,6
22377,476,7
22378,477,8
22379,478,9
22380,479,10
22381,480,1
22382,481,2
22383,482,3
22384,483,4
22385,484,5
22386,485,6
22387,486,7
22388,487,8
22389,488,9
22390,489,10
22391,490,1
22392,491,2
22393,492,3
22394,493,4
22395,494,5
22396,495,6
22397,496,7
22398,497,8
22399,498,9
22400,499,10
22401,500,1
22402,501,2
22403,502,3
22404,503,4
22405,504,5
22406,505,6
22407,506,7
22408,507,8
22409,508,9
22410,509,10
22411,510,1
22412,511,2
22413,512,3
22414,513,4
22415,514,5
22416,515,6
22417,516,7
22418,517,8
22419,518,9
22420,519,10
22421,520,1
22422,521,2
22423,522,3
22424,523,4
22425,524,5
22426,525,6
22427,526,7
22428,527,8
22429,528,9
22430,529,10
22431,530,1
22432,531,2
22433,532,3
22434,533,4
22435,534,5
22436,535,6
22437,536,7
22438,537,8
22439,538,9
22440,539,10
22441,540,1
22442,541,2
22443,542,3
22444,543,4
22445,544,5
22446,545,6
22447,546,7
22448,547,8
22449,548,9
22450,549,10
22451,550,1
22452,551,2
22453,552,3
22454,553,4
22455,554,5
22456,555,6
22457,556,7
22458,557,8
22459,558,9
22460,559,10
22461,560,1
22462,561,2
22463,562,3
22464,563,4
22465,564,5
22466,565,6
22467,566,7
22468,567,8
22469,568,9
22470,569,10
22471,570,1
22472,571,2
22473,572,3
22474,573,4
22475,574,5
22476,575,6
22477,576,7
22478,577,8
22479,578,9
22480,579,10
22481,580,1
22482,581,2
22483,582,3
22484,583,4
22485,584,5
22486,585,6
22487,586,7
22488,587,8
22489,588,9
22490,589,10
22491,590,1
22492,591,2
22493,592,3
22494,593,4
22495,594,5
22496,595,6
22497,596,7
22498,597,8
22499,598,9
22500,599,10
22501,600,1
22502,601,2
22503,602,3
22504,603,4
22505,604,5
22506,605,6
22507,606,7
22508,607,8
22509,608,9
22510,609,10
22511,610,1
22512,611,2
22513,612,3
22514,613,4
22515,614,5
22516,615,6
22517,616,7
22518,617,8
22519,618,9
22520,619,10
22521,620,1
22522,621,2
22523,622,3
22524,623,4
22525,624,5
22526,625,6
22527,626,7
22528,627,8
22529,628,9
22530,629,10
22531,630,1
22532,631,2
22533,632,3
22534,633,4
22535,634,5
22536,635,6
22537,636,7
22538,637,8
22539,638,9
22540,639,10
22541,640,1
22542,641,2
22543,642,3
22544,643,4
22545,644,5
22546,645,6
22547,646,7
22548,647,8
22549,648,9
22550,649,10
22551,650,1
22552,651,2
22553,652,3
22554,653,4
22555,654,5
22556,655,6
22557,656,7
22558,657,8
22559,658,9
22560,659,10
22561,660,1
22562,661,2
22563,662,3
22564,663,4
22565,664,5
22566,665,6
22567,666,7
22568,667,8
22569,668,9
22570,669,10
22571,670,1
22572,671,2
22573,672,3
22574,673,4
22575,674,5
22576,675,6
22577,676,7
22578,677,8
22579,678,9
22580,679,10
22581,680,1
22582,681,2
22583,682,3
22584,683,4
22585,684,5
22586,685,6
22587,686,7
22588,687,8
22589,688,9
22590,689,10
22591,690,1
22592,691,2
22593,692,3
22594,693,4
22595,694,5
22596,695,6
22597,696,7
22598,697,8
22599,698,9
22600,699,10
22601,700,1
22602,701,2
22603,702,3
22604,703,4
22605,704,5
22606,705,6
22607,706,7
22608,707,8
22609,708,9
22610,709,10
22611,710,1
22612,711,2
22613,712,3
22614,713,4
22615,714,5
22616,715,6
22617,716,7
22618,717,8
22619,718,9
22620,719,10
22621,720,1
22622,721,2
22623,722,3
22624,723,4
22625,724,5
22626,725,6
22627,726,7
22628,727,8
22629,728,9
22630,729,10
22631,730,1
22632,731,2
22633,732,3
22634,733,4
22635,734,5
22636,735,6
22637,736,7
22638,737,8
22639,738,9
22640,739,10
22641,740,1
22642,741,2
22643,742,3
22644,743,4
22645,744,5
22646,745,6
22647,746,7
22648,747,8
22649,748,9
22650,749,10
22651,750,1
22652,751,2
22653,752,3
22654,753,4
22655,754,5
22656,755,6
22657,756,7
22658,757,8
22659,758,9
22660,759,10
22661,760,1
22662,761,2
22663,762,3
22664,763,4
22665,764,5
22666,765,6
22667,766,7
22668,767,8
22669,768,9
22670,769,10
22671,770,1
22672,771,2
22673,772,3
22674,773,4
22675,774,5
22676,775,6
22677,776,7
22678,777,8
22679,778,9
22680,779,10
22681,780,1
22682,781,2
22683,782,3
22684,783,4
22685,784,5
22686,785,6
22687,786,7
22688,787,8
22689,788,9
22690,789,10
22691,790,1
22692,791,2
22693,792,3
22694,793,4
22695,794,5
22696,795,6
22697,796,7
22698,797,8
22699,798,9
22700,799,10
22701,800,1
22702,801,2
22703,802,3
22704,803,4
22705,804,5
22706,805,6
22707,806,7
22708,807,8
22709,808,9
22710,809,10
22711,810,1
22712,811,2
22713,812,3
22714,813,4
22715,814,5
22716,815,6
22717,816,7
22718,817,8
22719,818,9
22720,819,10
22721,820,1
22722,821,2
22723,822,3
22724,823,4
22725,824,5
22726,825,6
22727,826,7
22728,827,8
22729,828,9
22730,829,10
22731,830,1
22732,831,2
22733,832,3
22734,833,4
22735,834,5
22736,835,6
22737,836,7
22738,837,8
22739,838,9
22740,839,10
22741,840,1
22742,841,2
22743,842,3
22744,843,4
22745,844,5
22746,845,6
22747,846,7
22748,847,8
22749,848,9
22750,849,10
22751,850,1
22752,851,2
22753,852,3
22754,853,4
22755,854,5
22756,855,6
22757,856,7
22758,857,8
22759,858,9
22760,859,10
22761,860,1
22762,861,2
22763,862,3
22764,863,4
22765,864,5
22766,865,6
22767,866,7
22768,867,8
22769,868,9
22770,869,10
22771,870,1
22772,871,2
22773,872,3
22774,873,4
22775,874,5
22776,875,6
22777,876,7
22778,877,8
22779,878,9
22780,879,10
22781,880,1
22782,881,2
22783,882,3
22784,883,4
22785,884,5
22786,885,6
22787,886,7
22788,887,8
22789,888,9
22790,889,10
22791,890,1
22792,891,2
22793,892,3
22794,893,4
22795,894,5
22796,895,6
22797,896,7
22798,897,8
22799,898,9
22800,899,10
22801,900,1
22802,901,2
22803,902,3
22804,903,4
22805,904,5
22806,905,6
22807,906,7
22808,907,8
22809,908,9
22810,909,10
22811,910,1
22812,911,2
22813,912,3
22814,913,4
22815,914,5
22816,915,6
22817,916,7
22818,917,8
22819,918,9
22820,919,10
22821,920,1
22822,921,2
22823,922,3
22824,923,4
22825,924,5
22826,925,6
22827,926,7
22828,927,8
22829,928,9
22830,929,10
22831,930,1
22832,931,2
22833,932,3
22834,933,4
22835,934,5
22836,935,6
22837,936,7
22838,937,8
22839,938,9
22840,939,10
22841,940,1
22842,941,2
22843,942,3
22844,943,4
22845,944,5
22846,945,6
22847,946,7
22848,947,8
22849,948,9
22850,949,10
22851,950,1
22852,951,2
22853,952,3
22854,953,4
22855,954,5
22856,955,6
22857,956,7
22858,957,8
22859,958,9
22860,959,10
22861,960,1
22862,961,2
22863,962,3
22864,963,4
22865,964,5
22866,965,6
22867,966,7
22868,967,8
22869,968,9
22870,969,10
22871,970,1
22872,971,2
22873,972,3
22874,973,4
22875,974,5
22876,975,6
22877,976,7
22878,977,8
22879,978,9
22880,979,10
22881,980,1
22882,981,2
22883,982,3
22884,983,4
22885,984,5
22886,985,6
22887,986,7
22888,987,8
22889,988,9
22890,989,10
22891,990,1
22892,991,2
22893,992,3
22894,993,4
22895,994,5
22896,995,6
22897,996,7
22898,997,8
22899,998,9
22900,999,10
22901,1000,1
22902,1001,2
22903,1002,3
22904,1003,4
22905,1004,5
22906,1005,6
22907,1006,7
22908,1007,8
22909,1008,9
22910,1009,10
22911,1010,1
22912,1011,2
22913,1012,3
22914,1013,4
22915,1014,5
22916,1015,6
22917,1016,7
22918,1017,8
22919,1018,9
22920,1019,10
22921,1020,1
22922,1021,2
22923,1022,3
22924,1023,4
22925,1024,5
22926,1025,6
22927,1026,7
22928,1027,8
22929,1028,9
22930,1029,10
22931,1030,1
22932,1031,2
22933,1032,3
22934,1033,4
22935,1034,5
22936,1035,6
22937,1036,7
22938,1037,8
22939,1038,9
22940,1039,10
22941,1040,1
22942,1041,2
22943,1042,3
22944,1043,4
22945,1044,5
22946,1045,6
22947,1046,7
22948,1047,8
22949,1048,9
22950,1049,10
22951,1050,1
22952,1051,2
22953,1052,3
22954,1053,4
22955,1054,5
22956,1055,6
22957,1056,7
22958,1057,8
22959,1058,9
22960,1059,10
22961,1060,1
22962,1061,2
22963,1062,3
22964,1063,4
22965,1064,5
22966,1065,6
22967,1066,7
22968,1067,8
22969,1068,9
22970,1069,10
22971,1070,1
22972,1071,2
22973,1072,3
22974,1073,4
22975,1074,5
22976,1075,6
22977,1076,7
22978,1077,8
22979,1078,9
22980,1079,10
22981,1080,1
22982,1081,2
22983,1082,3
22984,1083,4
22985,1084,5
22986,1085,6
22987,1086,7
22988,1087,8
22989,1088,9
22990,1089,10
22991,1090,1
22992,1091,2
22993,1092,3
22994,1093,4
22995,1094,5
22996,1095,6
22997,1096,7
22998,1097,8
22999,1098,9
23000,1099,10
23001,100,1
23002,101,2
23003,102,3
23004,103,4
23005,104,5
23006,105,6
23007,106,7
23008,107,8
23009,108,9
23010,109,10
23011,110,1
23012,111,2
23013,112,3
23014,113,4
23015,114,5
23016,115,6
23017,116,7
23018,117,8
23019,118,9
23020,119,10
23021,120,1
23022,121,2
23023,122,3
23024,123,4
23025,124,5
23026,125,6
23027,126,7
23028,127,8
23029,128,9
23030,129,10
23031,130,1
23032,131,2
23033,132,3
23034,133,4
23035,134,5
23036,135,6
23037,136,7
23038,137,8
23039,138,9
23040,139,10
23041,140,1
23042,141,2
23043,142,3
23044,143,4
23045,144,5
23046,145,6
23047,146,7
23048,147,8
23049,148,9
23050,149,10
23051,150,1
23052,151,2
23053,152,3
23054,153,4
23055,154,5
23056,155,6
23057,156,7
23058,157,8
23059,158,9
23060,159,10
23061,160,1
23062,161,2
23063,162,3
23064,163,4
23065,164,5
23066,165,6
23067,166,7
23068,167,8
23069,168,9
23070,169,10
23071,170,1
23072,171,2
23073,172,3
23074,173,4
23075,174,5
23076,175,6
23077,176,7
23078,177,8
23079,178,9
23080,179,10
23081,180,1
23082,181,2
23083,182,3
23084,183,4
23085,184,5
23086,185,6
23087,186,7
23088,187,8
23089,188,9
23090,189,10
23091,190,1
23092,191,2
23093,192,3
23094,193,4
23095,194,5
23096,195,6
23097,196,7
23098,197,8
23099,198,9
23100,199,10
23101,200,1
23102,201,2
23103,202,3
23104,203,4
23105,204,5
23106,205,6
23107,206,7
23108,207,8
23109,208,9
23110,209,10
23111,210,1
23112,211,2
23113,212,3
23114,213,4
23115,214,5
23116,215,6
23117,216,7
23118,217,8
23119,218,9
23120,219,10
23121,220,1
23122,221,2
23123,222,3
23124,223,4
23125,224,5
23126,225,6
23127,226,7
23128,227,8
23129,228,9
23130,229,10
23131,230,1
23132,231,2
23133,232,3
23134,233,4
23135,234,5
23136,235,6
23137,236,7
23138,237,8
23139,238,9
23140,239,10
23141,240,1
23142,241,2
23143,242,3
23144,243,4
23145,244,5
23146,245,6
23147,246,7
23148,247,8
23149,248,9
23150,249,10
23151,250,1
23152,251,2
23153,252,3
23154,253,4
23155,254,5
23156,255,6
23157,256,7
23158,257,8
23159,258,9
23160,259,10
23161,260,1
23162,261,2
23163,262,3
23164,263,4
23165,264,5
23166,265,6
23167,266,7
23168,267,8
23169,268,9
23170,269,10
23171,270,1
23172,271,2
23173,272,3
23174,273,4
23175,274,5
23176,275,6
23177,276,7
23178,277,8
23179,278,9
23180,279,10
23181,280,1
23182,281,2
23183,282,3
23184,283,4
23185,284,5
23186,285,6
23187,286,7
23188,287,8
23189,288,9
23190,289,10
23191,290,1
23192,291,2
23193,292,3
23194,293,4
23195,294,5
23196,295,6
23197,296,7
23198,297,8
23199,298,9
23200,299,10
23201,300,1
23202,301,2
23203,302,3
23204,303,4
23205,304,5
23206,305,6
23207,306,7
23208,307,8
23209,308,9
23210,309,10
23211,310,1
23212,311,2
23213,312,3
23214,313,4
23215,314,5
23216,315,6
23217,316,7
23218,317,8
23219,318,9
23220,319,10
23221,320,1
23222,321,2
23223,322,3
23224,323,4
23225,324,5
23226,325,6
23227,326,7
23228,327,8
23229,328,9
23230,329,10
23231,330,1
23232,331,2
23233,332,3
23234,333,4
23235,334,5
23236,335,6
23237,336,7
23238,337,8
23239,338,9
23240,339,10
23241,340,1
23242,341,2
23243,342,3
23244,343,4
23245,344,5
23246,345,6
23247,346,7
23248,347,8
23249,348,9
23250,349,10
23251,350,1
23252,351,2
23253,352,3
23254,353,4
23255,354,5
23256,355,6
23257,356,7
23258,357,8
23259,358,9
23260,359,10
23261,360,1
23262,361,2
23263,362,3
23264,363,4
23265,364,5
23266,365,6
23267,366,7
23268,367,8
23269,368,9
23270,369,10
23271,370,1
23272,371,2
23273,372,3
23274,373,4
23275,374,5
23276,375,6
23277,376,7
23278,377,8
23279,378,9
23280,379,10
23281,380,1
23282,381,2
23283,382,3
23284,383,4
23285,384,5
23286,385,6
23287,386,7
23288,387,8
23289,388,9
23290,389,10
23291,390,1
23292,391,2
23293,392,3
23294,393,4
23295,394,5
23296,395,6
23297,396,7
23298,397,8
23299,398,9
23300,399,10
23301,400,1
23302,401,2
23303,402,3
23304,403,4
23305,404,5
23306,405,6
23307,406,7
23308,407,8
23309,408,9
23310,409,10
23311,410,1
23312,411,2
23313,412,3
23314,413,4
23315,414,5
23316,415,6
23317,416,7
23318,417,8
23319,418,9
23320,419,10
23321,420,1
23322,421,2
23323,422,3
23324,423,4
23325,424,5
23326,425,6
23327,426,7
23328,427,8
23329,428,9
23330,429,10
23331,430,1
23332,431,2
23333,432,3
23334,433,4
23335,434,5
23336,435,6
23337,436,7
23338,437,8
23339,438,9
23340,439,10
23341,440,1
23342,441,2
23343,442,3
23344,443,4
23345,444,5
23346,445,6
23347,446,7
23348,447,8
23349,448,9
23350,449,10
23351,450,1
23352,451,2
23353,452,3
23354,453,4
23355,454,5
23356,455,6
23357,456,7
23358,457,8
23359,458,9
23360,459,10
23361,460,1
23362,461,2
23363,462,3
23364,463,4
23365,464,5
23366,465,6
23367,466,7
23368,467,8
23369,468,9
23370,469,10
23371,470,1
23372,471,2
23373,472,3
23374,473,4
23375,474,5
23376,475,6
23377,476,7
23378,477,8
23379,478,9
23380,479,10
23381,480,1
23382,481,2
23383,482,3
23384,483,4
23385,484,5
23386,485,6
23387,486,7
23388,487,8
23389,488,9
23390,489,10
23391,490,1
23392,491,2
23393,492,3
23394,493,4
23395,494,5
23396,495,6
23397,496,7
23398,497,8
23399,498,9
23400,499,10
23401,500,1
23402,501,2
23403,502,3
23404,503,4
23405,504,5
23406,505,6
23407,506,7
23408,507,8
23409,508,9
23410,509,10
23411,510,1
23412,511,2
23413,512,3
23414,513,4
23415,514,5
23416,515,6
23417,516,7
23418,517,8
23419,518,9
23420,519,10
23421,520,1
23422,521,2
23423,522,3
23424,523,4
23425,524,5
23426,525,6
23427,526,7
23428,527,8
23429,528,9
23430,529,10
23431,530,1
23432,531,2
23433,532,3
23434,533,4
23435,534,5
23436,535,6
23437,536,7
23438,537,8
23439,538,9
23440,539,10
23441,540,1
23442,541,2
23443,542,3
23444,543,4
23445,544,5
23446,545,6
23447,546,7
23448,547,8
23449,548,9
23450,549,10
23451,550,1
23452,551,2
23453,552,3
23454,553,4
23455,554,5
23456,555,6
23457,556,7
23458,557,8
23459,558,9
23460,559,10
23461,560,1
23462,561,2
23463,562,3
23464,563,4
23465,564,5
23466,565,6
23467,566,7
23468,567,8
23469,568,9
23470,569,10
23471,570,1
23472,571,2
23473,572,3
23474,573,4
23475,574,5
23476,575,6
23477,576,7
23478,577,8
23479,578,9
23480,579,10
23481,580,1
23482,581,2
23483,582,3
23484,583,4
23485,584,5
23486,585,6
23487,586,7
23488,587,8
23489,588,9
23490,589,10
23491,590,1
23492,591,2
23493,592,3
23494,593,4
23495,594,5
23496,595,6
23497,596,7
23498,597,8
23499,598,9
23500,599,10
23501,600,1
23502,601,2
23503,602,3
23504,603,4
23505,604,5
23506,605,6
23507,606,7
23508,607,8
23509,608,9
23510,609,10
23511,610,1
23512,611,2
23513,612,3
23514,613,4
23515,614,5
23516,615,6
23517,616,7
23518,617,8
23519,618,9
23520,619,10
23521,620,1
23522,621,2
23523,622,3
23524,623,4
23525,624,5
23526,625,6
23527,626,7
23528,627,8
23529,628,9
23530,629,10
23531,630,1
23532,631,2
23533,632,3
23534,633,4
23535,634,5
23536,635,6
23537,636,7
23538,637,8
23539,638,9
23540,639,10
23541,640,1
23542,641,2
23543,642,3
23544,643,4
23545,644,5
23546,645,6
23547,646,7
23548,647,8
23549,648,9
23550,649,10
23551,650,1
23552,651,2
23553,652,3
23554,653,4
23555,654,5
23556,655,6
23557,656,7
23558,657,8
23559,658,9
23560,659,10
23561,660,1
23562,661,2
23563,662,3
23564,663,4
23565,664,5
23566,665,6
23567,666,7
23568,667,8
23569,668,9
23570,669,10
23571,670,1
23572,671,2
23573,672,3
23574,673,4
23575,674,5
23576,675,6
23577,676,7
23578,677,8
23579,678,9
23580,679,10
23581,680,1
23582,681,2
23583,682,3
23584,683,4
23585,684,5
23586,685,6
23587,686,7
23588,687,8
23589,688,9
23590,689,10
23591,690,1
23592,691,2
23593,692,3
23594,693,4
23595,694,5
23596,695,6
23597,696,7
23598,697,8
23599,698,9
23600,699,10
23601,700,1
23602,701,2
23603,702,3
23604,703,4
23605,704,5
23606,705,6
23607,706,7
23608,707,8
23609,708,9
23610,709,10
23611,710,1
23612,711,2
23613,712,3
23614,713,4
23615,714,5
23616,715,6
23617,716,7
23618,717,8
23619,718,9
23620,719,10
23621,720,1
23622,721,2
23623,722,3
23624,723,4
23625,724,5
23626,725,6
23627,726,7
23628,727,8
23629,728,9
23630,729,10
23631,730,1
23632,731,2
23633,732,3
23634,733,4
23635,734,5
23636,735,6
23637,736,7
23638,737,8
23639,738,9
23640,739,10
23641,740,1
23642,741,2
23643,742,3
23644,743,4
23645,744,5
23646,745,6
23647,746,7
23648,747,8
23649,748,9
23650,749,10
23651,750,1
23652,751,2
23653,752,3
23654,753,4
23655,754,5
23656,755,6
23657,756,7
23658,757,8
23659,758,9
23660,759,10
23661,760,1
23662,761,2
23663,762,3
23664,763,4
23665,764,5
23666,765,6
23667,766,7
23668,767,8
23669,768,9
23670,769,10
23671,770,1
23672,771,2
23673,772,3
23674,773,4
23675,774,5
23676,775,6
23677,776,7
23678,777,8
23679,778,9
23680,779,10
23681,780,1
23682,781,2
23683,782,3
23684,783,4
23685,784,5
23686,785,6
23687,786,7
23688,787,8
23689,788,9
23690,789,10
23691,790,1
23692,791,2
23693,792,3
23694,793,4
23695,794,5
23696,795,6
23697,796,7
23698,797,8
23699,798,9
23700,799,10
23701,800,1
23702,801,2
23703,802,3
23704,803,4
23705,804,5
23706,805,6
23707,806,7
23708,807,8
23709,808,9
23710,809,10
23711,810,1
23712,811,2
23713,812,3
23714,813,4
23715,814,5
23716,815,6
23717,816,7
23718,817,8
23719,818,9
23720,819,10
23721,820,1
23722,821,2
23723,822,3
23724,823,4
23725,824,5
23726,825,6
23727,826,7
23728,827,8
23729,828,9
23730,829,10
23731,830,1
23732,831,2
23733,832,3
23734,833,4
23735,834,5
23736,835,6
23737,836,7
23738,837,8
23739,838,9
23740,839,10
23741,840,1
23742,841,2
23743,842,3
23744,843,4
23745,844,5
23746,845,6
23747,846,7
23748,847,8
23749,848,9
23750,849,10
23751,850,1
23752,851,2
23753,852,3
23754,853,4
23755,854,5
23756,855,6
23757,856,7
23758,857,8
23759,858,9
23760,859,10
23761,860,1
23762,861,2
23763,862,3
23764,863,4
23765,864,5
23766,865,6
23767,866,7
23768,867,8
23769,868,9
23770,869,10
23771,870,1
23772,871,2
23773,872,3
23774,873,4
23775,874,5
23776,875,6
23777,876,7
23778,877,8
23779,878,9
23780,879,10
23781,880,1
23782,881,2
23783,882,3
23784,883,4
23785,884,5
23786,885,6
23787,886,7
23788,887,8
23789,888,9
23790,889,10
23791,890,1
23792,891,2
23793,892,3
23794,893,4
23795,894,5
23796,895,6
23797,896,7
23798,897,8
23799,898,9
23800,899,10
23801,900,1
23802,901,2
23803,902,3
23804,903,4
23805,904,5
23806,905,6
23807,906,7
23808,907,8
23809,908,9
23810,909,10
23811,910,1
23812,911,2
23813,912,3
23814,913,4
23815,914,5
23816,915,6
23817,916,7
23818,917,8
23819,918,9
23820,919,10
23821,920,1
23822,921,2
23823,922,3
23824,923,4
23825,924,5
23826,925,6
23827,926,7
23828,927,8
23829,928,9
23830,929,10
23831,930,1
23832,931,2
23833,932,3
23834,933,4
23835,934,5
23836,935,6
23837,936,7
23838,937,8
23839,938,9
23840,939,10
23841,940,1
23842,941,2
23843,942,3
23844,943,4
23845,944,5
23846,945,6
23847,946,7
23848,947,8
23849,948,9
23850,949,10
23851,950,1
23852,951,2
23853,952,3
23854,953,4
23855,954,5
23856,955,6
23857,956,7
23858,957,8
23859,958,9
23860,959,10
23861,960,1
23862,961,2
23863,962,3
23864,963,4
23865,964,5
23866,965,6
23867,966,7
23868,967,8
23869,968,9
23870,969,10
23871,970,1
23872,971,2
23873,972,3
23874,973,4
23875,974,5
23876,975,6
23877,976,7
23878,977,8
23879,978,9
23880,979,10
23881,980,1
23882,981,2
23883,982,3
23884,983,4
23885,984,5
23886,985,6
23887,986,7
23888,987,8
23889,988,9
23890,989,10
23891,990,1
23892,991,2
23893,992,3
23894,993,4
23895,994,5
23896,995,6
23897,996,7
23898,997,8
23899,998,9
23900,999,10
23901,1000,1
23902,1001,2
23903,1002,3
23904,1003,4
23905,1004,5
23906,1005,6
23907,1006,7
23908,1007,8
23909,1008,9
23910,1009,10
23911,1010,1
23912,1011,2
23913,1012,3
23914,1013,4
23915,1014,5
23916,1015,6
23917,1016,7
23918,1017,8
23919,1018,9
23920,1019,10
23921,1020,1
23922,1021,2
23923,1022,3
23924,1023,4
23925,1024,5
23926,1025,6
23927,1026,7
23928,1027,8
23929,1028,9
23930,1029,10
23931,1030,1
23932,1031,2
23933,1032,3
23934,1033,4
23935,1034,5
23936,1035,6
23937,1036,7
23938,1037,8
23939,1038,9
23940,1039,10
23941,1040,1
23942,1041,2
23943,1042,3
23944,1043,4
23945,1044,5
23946,1045,6
23947,1046,7
23948,1047,8
23949,1048,9
23950,1049,10
23951,1050,1
23952,1051,2
23953,1052,3
23954,1053,4
23955,1054,5
23956,1055,6
23957,1056,7
23958,1057,8
23959,1058,9
23960,1059,10
23961,1060,1
23962,1061,2
23963,1062,3
23964,1063,4
23965,1064,5
23966,1065,6
23967,1066,7
23968,1067,8
23969,1068,9
23970,1069,10
23971,1070,1
23972,1071,2
23973,1072,3
23974,1073,4
23975,1074,5
23976,1075,6
23977,1076,7
23978,1077,8
23979,1078,9
23980,1079,10
23981,1080,1
23982,1081,2
23983,1082,3
23984,1083,4
23985,1084,5
23986,1085,6
23987,1086,7
23988,1087,8
23989,1088,9
23990,1089,10
23991,1090,1
23992,1091,2
23993,1092,3
23994,1093,4
23995,1094,5
23996,1095,6
23997,1096,7
23998,1097,8
23999,1098,9
24000,1099,10
24001,100,1
24002,101,2
24003,102,3
24004,103,4
24005,104,5
24006,105,6
24007,106,7
24008,107,8
24009,108,9
24010,109,10
24011,110,1
24012,111,2
24013,112,3
24014,113,4
24015,114,5
24016,115,6
24017,116,7
24018,117,8
24019,118,9
24020,119,10
24021,120,1
24022,121,2
24023,122,3
24024,123,4
24025,124,5
24026,125,6
24027,126,7
24028,127,8
24029,128,9
24030,129,10
24031,130,1
24032,131,2
24033,132,3
24034,133,4
24035,134,5
24036,135,6
24037,136,7
24038,137,8
24039,138,9
24040,139,10
24041,140,1
24042,141,2
24043,142,3
24044,143,4
24045,144,5
24046,145,6
24047,146,7
24048,147,8
24049,148,9
24050,149,10
24051,150,1
24052,151,2
24053,152,3
24054,153,4
24055,154,5
24056,155,6
24057,156,7
24058,157,8
24059,158,9
24060,159,10
24061,160,1
24062,161,2
24063,162,3
24064,163,4
24065,164,5
24066,165,6
24067,166,7
24068,167,8
24069,168,9
24070,169,10
24071,170,1
24072,171,2
24073,172,3
24074,173,4
24075,174,5
24076,175,6
24077,176,7
24078,177,8
24079,178,9
24080,179,10
24081,180,1
24082,181,2
24083,182,3
24084,183,4
24085,184,5
24086,185,6
24087,186,7
24088,187,8
24089,188,9
24090,189,10
24091,190,1
24092,191,2
24093,192,3
24094,193,4
24095,194,5
24096,195,6
24097,196,7
24098,197,8
24099,198,9
24100,199,10
24101,200,1
24102,201,2
24103,202,3
24104,203,4
24105,204,5
24106,205,6
24107,206,7
24108,207,8
24109,208,9
24110,209,10
24111,210,1
24112,211,2
24113,212,3
24114,213,4
24115,214,5
24116,215,6
24117,216,7
24118,217,8
24119,218,9
24120,219,10
24121,220,1
24122,221,2
24123,222,3
24124,223,4
24125,224,5
24126,225,6
24127,226,7
24128,227,8
24129,228,9
24130,229,10
24131,230,1
24132,231,2
24133,232,3
24134,233,4
24135,234,5
24136,235,6
24137,236,7
24138,237,8
24139,238,9
24140,239,10
24141,240,1
24142,241,2
24143,242,3
24144,243,4
24145,244,5
24146,245,6
24147,246,7
24148,247,8
24149,248,9
24150,249,10
24151,250,1
24152,251,2
24153,252,3
24154,253,4
24155,254,5
24156,255,6
24157,256,7
24158,257,8
24159,258,9
24160,259,10
24161,260,1
24162,261,2
24163,262,3
24164,263,4
24165,264,5
24166,265,6
24167,266,7
24168,267,8
24169,268,9
24170,269,10
24171,270,1
24172,271,2
24173,272,3
24174,273,4
24175,274,5
24176,275,6
24177,276,7
24178,277,8
24179,278,9
24180,279,10
24181,280,1
24182,281,2
24183,282,3
24184,283,4
24185,284,5
24186,285,6
24187,286,7
24188,287,8
24189,288,9
24190,289,10
24191,290,1
24192,291,2
24193,292,3
24194,293,4
24195,294,5
24196,295,6
24197,296,7
24198,297,8
24199,298,9
24200,299,10
24201,300,1
24202,301,2
24203,302,3
24204,303,4
24205,304,5
24206,305,6
24207,306,7
24208,307,8
24209,308,9
24210,309,10
24211,310,1
24212,311,2
24213,312,3
24214,313,4
24215,314,5
24216,315,6
24217,316,7
24218,317,8
24219,318,9
24220,319,10
24221,320,1
24222,321,2
24223,322,3
24224,323,4
24225,324,5
24226,325,6
24227,326,7
24228,327,8
24229,328,9
24230,329,10
24231,330,1
24232,331,2
24233,332,3
24234,333,4
24235,334,5
24236,335,6
24237,336,7
24238,337,8
24239,338,9
24240,339,10
24241,340,1
24242,341,2
24243,342,3
24244,343,4
24245,344,5
24246,345,6
24247,346,7
24248,347,8
24249,348,9
24250,349,10
24251,350,1
24252,351,2
24253,352,3
24254,353,4
24255,354,5
24256,355,6
24257,356,7
24258,357,8
24259,358,9
24260,359,10
24261,360,1
24262,361,2
24263,362,3
24264,363,4
24265,364,5
24266,365,6
24267,366,7
24268,367,8
24269,368,9
24270,369,10
24271,370,1
24272,371,2
24273,372,3
24274,373,4
24275,374,5
24276,375,6
24277,376,7
24278,377,8
24279,378,9
24280,379,10
24281,380,1
24282,381,2
24283,382,3
24284,383,4
24285,384,5
24286,385,6
24287,386,7
24288,387,8
24289,388,9
24290,389,10
24291,390,1
24292,391,2
24293,392,3
24294,393,4
24295,394,5
24296,395,6
24297,396,7
24298,397,8
24299,398,9
24300,399,10
24301,400,1
24302,401,2
24303,402,3
24304,403,4
24305,404,5
24306,405,6
24307,406,7
24308,407,8
24309,408,9
24310,409,10
24311,410,1
24312,411,2
24313,412,3
24314,413,4
24315,414,5
24316,415,6
24317,416,7
24318,417,8
24319,418,9
24320,419,10
24321,420,1
24322,421,2
24323,422,3
24324,423,4
24325,424,5
24326,425,6
24327,426,7
24328,427,8
24329,428,9
24330,429,10
24331,430,1
24332,431,2
24333,432,3
24334,433,4
24335,434,5
24336,435,6
24337,436,7
24338,437,8
24339,438,9
24340,439,10
24341,440,1
24342,441,2
24343,442,3
24344,443,4
24345,444,5
24346,445,6
24347,446,7
24348,447,8
24349,448,9
24350,449,10
24351,450,1
24352,451,2
24353,452,3
24354,453,4
24355,454,5
24356,455,6
24357,456,7
24358,457,8
24359,458,9
24360,459,10
24361,460,1
24362,461,2
24363,462,3
24364,463,4
24365,464,5
24366,465,6
24367,466,7
24368,467,8
24369,468,9
24370,469,10
24371,470,1
24372,471,2
24373,472,3
24374,473,4
24375,474,5
24376,475,6
24377,476,7
24378,477,8
24379,478,9
24380,479,10
24381,480,1
24382,481,2
24383,482,3
24384,483,4
24385,484,5
24386,485,6
24387,486,7
24388,487,8
24389,488,9
24390,489,10
24391,490,1
24392,491,2
24393,492,3
24394,493,4
24395,494,5
24396,495,6
24397,496,7
24398,497,8
24399,498,9
24400,499,10
24401,500,1
24402,501,2
24403,502,3
24404,503,4
24405,504,5
24406,505,6
24407,506,7
24408,507,8
24409,508,9
24410,509,10
24411,510,1
24412,511,2
24413,512,3
24414,513,4
24415,514,5
24416,515,6
24417,516,7
24418,517,8
24419,518,9
24420,519,10
24421,520,1
24422,521,2
24423,522,3
24424,523,4
24425,524,5
24426,525,6
24427,526,7
24428,527,8
24429,528,9
24430,529,10
24431,530,1
24432,531,2
24433,532,3
24434,533,4
24435,534,5
24436,535,6
24437,536,7
24438,537,8
24439,538,9
24440,539,10
24441,540,1
24442,541,2
24443,542,3
24444,543,4
24445,544,5
24446,545,6
24447,546,7
24448,547,8
24449,548,9
24450,549,10
24451,550,1
24452,551,2
24453,552,3
24454,553,4
24455,554,5
24456,555,6
24457,556,7
24458,557,8
24459,558,9
24460,559,10
24461,560,1
24462,561,2
24463,562,3
24464,563,4
24465,564,5
24466,565,6
24467,566,7
24468,567,8
24469,568,9
24470,569,10
24471,570,1
24472,571,2
24473,572,3
24474,573,4
24475,574,5
24476,575,6
24477,576,7
24478,577,8
24479,578,9
24480,579,10
24481,580,1
24482,581,2
24483,582,3
24484,583,4
24485,584,5
24486,585,6
24487,586,7
24488,587,8
24489,588,9
24490,589,10
24491,590,1
24492,591,2
24493,592,3
24494,593,4
24495,594,5
24496,595,6
24497,596,7
24498,597,8
24499,598,9
24500,599,10
24501,600,1
24502,601,2
24503,602,3
24504,603,4
24505,604,5
24506,605,6
24507,606,7
24508,607,8
24509,608,9
24510,609,10
24511,610,1
24512,611,2
24513,612,3
24514,613,4
24515,614,5
24516,615,6
24517,616,7
24518,617,8
24519,618,9
24520,619,10
24521,620,1
24522,621,2
24523,622,3
24524,623,4
24525,624,5
24526,625,6
24527,626,7
24528,627,8
24529,628,9
24530,629,10
24531,630,1
24532,631,2
24533,632,3
24534,633,4
24535,634,5
24536,635,6
24537,636,7
24538,637,8
24539,638,9
24540,639,10
24541,640,1
24542,641,2
24543,642,3
24544,643,4
24545,644,5
24546,645,6
24547,646,7
24548,647,8
24549,648,9
24550,649,10
24551,650,1
24552,651,2
24553,652,3
24554,653,4
24555,654,5
24556,655,6
24557,656,7
24558,657,8
24559,658,9
24560,659,10
24561,660,1
24562,661,2
24563,662,3
24564,663,4
24565,664,5
24566,665,6
24567,666,7
24568,667,8
24569,668,9
24570,669,10
24571,670,1
24572,671,2
24573,672,3
24574,673,4
24575,674,5
24576,675,6
24577,676,7
24578,677,8
24579,678,9
24580,679,10
24581,680,1
24582,681,2
24583,682,3
24584,683,4
24585,684,5
24586,685,6
24587,686,7
24588,687,8
24589,688,9
24590,689,10
24591,690,1
24592,691,2
24593,692,3
24594,693,4
24595,694,5
24596,695,6
24597,696,7
24598,697,8
24599,698,9
24600,699,10
24601,700,1
24602,701,2
24603,702,3
24604,703,4
24605,704,5
24606,705,6
24607,706,7
24608,707,8
24609,708,9
24610,709,10
24611,710,1
24612,711,2
24613,712,3
24614,713,4
24615,714,5
24616,715,6
24617,716,7
24618,717,8
24619,718,9
24620,719,10
24621,720,1
24622,721,2
24623,722,3
24624,723,4
24625,724,5
24626,725,6
24627,726,7
24628,727,8
24629,728,9
24630,729,10
24631,730,1
24632,731,2
24633,732,3
24634,733,4
24635,734,5
24636,735,6
24637,736,7
24638,737,8
24639,738,9
24640,739,10
24641,740,1
24642,741,2
24643,742,3
24644,743,4
24645,744,5
24646,745,6
24647,746,7
24648,747,8
24649,748,9
24650,749,10
24651,750,1
24652,751,2
24653,752,3
24654,753,4
24655,754,5
24656,755,6
24657,756,7
24658,757,8
24659,758,9
24660,759,10
24661,760,1
24662,761,2
24663,762,3
24664,763,4
24665,764,5
24666,765,6
24667,766,7
24668,767,8
24669,768,9
24670,769,10
24671,770,1
24672,771,2
24673,772,3
24674,773,4
24675,774,5
24676,775,6
24677,776,7
24678,777,8
24679,778,9
24680,779,10
24681,780,1
24682,781,2
24683,782,3
24684,783,4
24685,784,5
24686,785,6
24687,786,7
24688,787,8
24689,788,9
24690,789,10
24691,790,1
24692,791,2
24693,792,3
24694,793,4
24695,794,5
24696,795,6
24697,796,7
24698,797,8
24699,798,9
24700,799,10
24701,800,1
24702,801,2
24703,802,3
24704,803,4
24705,804,5
24706,805,6
24707,806,7
24708,807,8
24709,808,9
24710,809,10
24711,810,1
24712,811,2
24713,812,3
24714,813,4
24715,814,5
24716,815,6
24717,816,7
24718,817,8
24719,818,9
24720,819,10
24721,820,1
24722,821,2
24723,822,3
24724,823,4
24725,824,5
24726,825,6
24727,826,7
24728,827,8
24729,828,9
24730,829,10
24731,830,1
24732,831,2
24733,832,3
24734,833,4
24735,834,5
24736,835,6
24737,836,7
24738,837,8
24739,838,9
24740,839,10
24741,840,1
24742,841,2
24743,842,3
24744,843,4
24745,844,5
24746,845,6
24747,846,7
24748,847,8
24749,848,9
24750,849,10
24751,850,1
24752,851,2
24753,852,3
24754,853,4
24755,854,5
24756,855,6
24757,856,7
24758,857,8
24759,858,9
24760,859,10
24761,860,1
24762,861,2
24763,862,3
24764,863,4
24765,864,5
24766,865,6
24767,866,7
24768,867,8
24769,868,9
24770,869,10
24771,870,1
24772,871,2
24773,872,3
24774,873,4
24775,874,5
24776,875,6
24777,876,7
24778,877,8
24779,878,9
24780,879,10
24781,880,1
24782,881,2
24783,882,3
24784,883,4
24785,884,5
24786,885,6
24787,886,7
24788,887,8
24789,888,9
24790,889,10
24791,890,1
24792,891,2
24793,892,3
24794,893,4
24795,894,5
24796,895,6
24797,896,7
24798,897,8
24799,898,9
24800,899,10
24801,900,1
24802,901,2
24803,902,3
24804,903,4
24805,904,5
24806,905,6
24807,906,7
24808,907,8
24809,908,9
24810,909,10
24811,910,1
24812,911,2
24813,912,3
24814,913,4
24815,914,5
24816,915,6
24817,916,7
24818,917,8
24819,918,9
24820,919,10
24821,920,1
24822,921,2
24823,922,3
24824,923,4
24825,924,5
24826,925,6
24827,926,7
24828,927,8
24829,928,9
24830,929,10
24831,930,1
24832,931,2
24833,932,3
24834,933,4
24835,934,5
24836,935,6
24837,936,7
24838,937,8
24839,938,9
24840,939,10
24841,940,1
24842,941,2
24843,942,3
24844,943,4
24845,944,5
24846,945,6
24847,946,7
24848,947,8
24849,948,9
24850,949,10
24851,950,1
24852,951,2
24853,952,3
24854,953,4
24855,954,5
24856,955,6
24857,956,7
24858,957,8
24859,958,9
24860,959,10
24861,960,1
24862,961,2
24863,962,3
24864,963,4
24865,964,5
24866,965,6
24867,966,7
24868,967,8
24869,968,9
24870,969,10
24871,970,1
24872,971,2
24873,972,3
24874,973,4
24875,974,5
24876,975,6
24877,976,7
24878,977,8
24879,978,9
24880,979,10
24881,980,1
24882,981,2
24883,982,3
24884,983,4
24885,984,5
24886,985,6
24887,986,7
24888,987,8
24889,988,9
24890,989,10
24891,990,1
24892,991,2
24893,992,3
24894,993,4
24895,994,5
24896,995,6
24897,996,7
24898,997,8
24899,998,9
24900,999,10
24901,1000,1
24902,1001,2
24903,1002,3
24904,1003,4
24905,1004,5
24906,1005,6
24907,1006,7
24908,1007,8
24909,1008,9
24910,1009,10
24911,1010,1
24912,1011,2
24913,1012,3
24914,1013,4
24915,1014,5
24916,1015,6
24917,1016,7
24918,1017,8
24919,1018,9
24920,1019,10
24921,1020,1
24922,1021,2
24923,1022,3
24924,1023,4
24925,1024,5
24926,1025,6
24927,1026,7
24928,1027,8
24929,1028,9
24930,1029,10
24931,1030,1
24932,1031,2
24933,1032,3
24934,1033,4
24935,1034,5
24936,1035,6
24937,1036,7
24938,1037,8
24939,1038,9
24940,1039,10
24941,1040,1
24942,1041,2
24943,1042,3
24944,1043,4
24945,1044,5
24946,1045,6
24947,1046,7
24948,1047,8
24949,1048,9
24950,1049,10
24951,1050,1
24952,1051,2
24953,1052,3
24954,1053,4
24955,1054,5
24956,1055,6
24957,1056,7
24958,1057,8
24959,1058,9
24960,1059,10
24961,1060,1
24962,1061,2
24963,1062,3
24964,1063,4
24965,1064,5
24966,1065,6
24967,1066,7
24968,1067,8
24969,1068,9
24970,1069,10
24971,1070,1
24972,1071,2
24973,1072,3
24974,1073,4
24975,1074,5
24976,1075,6
24977,1076,7
24978,1077,8
24979,1078,9
24980,1079,10
24981,1080,1
24982,1081,2
24983,1082,3
24984,1083,4
24985,1084,5
24986,1085,6
24987,1086,7
24988,1087,8
24989,1088,9
24990,1089,10
24991,1090,1
24992,1091,2
24993,1092,3
24994,1093,4
24995,1094,5
24996,1095,6
24997,1096,7
24998,1097,8
24999,1098,9
25000,1099,10
25001,100,1
25002,101,2
25003,102,3
25004,103,4
25005,104,5
25006,105,6
25007,106,7
25008,107,8
25009,108,9
25010,109,10
25011,110,1
25012,111,2
25013,112,3
25014,113,4
25015,114,5
25016,115,6
25017,116,7
25018,117,8
25019,118,9
25020,119,10
25021,120,1
25022,121,2
25023,122,3
25024,123,4
25025,124,5
25026,125,6
25027,126,7
25028,127,8
25029,128,9
25030,129,10
25031,130,1
25032,131,2
25033,132,3
25034,133,4
25035,134,5
25036,135,6
25037,136,7
25038,137,8
25039,138,9
25040,139,10
25041,140,1
25042,141,2
25043,142,3
25044,143,4
25045,144,5
25046,145,6
25047,146,7
25048,147,8
25049,148,9
25050,149,10
25051,150,1
25052,151,2
25053,152,3
25054,153,4
25055,154,5
25056,155,6
25057,156,7
25058,157,8
25059,158,9
25060,159,10
25061,160,1
25062,161,2
25063,162,3
25064,163,4
25065,164,5
25066,165,6
25067,166,7
25068,167,8
25069,168,9
25070,169,10
25071,170,1
25072,171,2
25073,172,3
25074,173,4
25075,174,5
25076,175,6
25077,176,7
25078,177,8
25079,178,9
25080,179,10
25081,180,1
25082,181,2
25083,182,3
25084,183,4
25085,184,5
25086,185,6
25087,186,7
25088,187,8
25089,188,9
25090,189,10
25091,190,1
25092,191,2
25093,192,3
25094,193,4
25095,194,5
25096,195,6
25097,196,7
25098,197,8
25099,198,9
25100,199,10
25101,200,1
25102,201,2
25103,202,3
25104,203,4
25105,204,5
25106,205,6
25107,206,7
25108,207,8
25109,208,9
25110,209,10
25111,210,1
25112,211,2
25113,212,3
25114,213,4
25115,214,5
25116,215,6
25117,216,7
25118,217,8
25119,218,9
25120,219,10
25121,220,1
25122,221,2
25123,222,3
25124,223,4
25125,224,5
25126,225,6
25127,226,7
25128,227,8
25129,228,9
25130,229,10
25131,230,1
25132,231,2
25133,232,3
25134,233,4
25135,234,5
25136,235,6
25137,236,7
25138,237,8
25139,238,9
25140,239,10
25141,240,1
25142,241,2
25143,242,3
25144,243,4
25145,244,5
25146,245,6
25147,246,7
25148,247,8
25149,248,9
25150,249,10
25151,250,1
25152,251,2
25153,252,3
25154,253,4
25155,254,5
25156,255,6
25157,256,7
25158,257,8
25159,258,9
25160,259,10
25161,260,1
25162,261,2
25163,262,3
25164,263,4
25165,264,5
25166,265,6
25167,266,7
25168,267,8
25169,268,9
25170,269,10
25171,270,1
25172,271,2
25173,272,3
25174,273,4
25175,274,5
25176,275,6
25177,276,7
25178,277,8
25179,278,9
25180,279,10
25181,280,1
25182,281,2
25183,282,3
25184,283,4
25185,284,5
25186,285,6
25187,286,7
25188,287,8
25189,288,9
25190,289,10
25191,290,1
25192,291,2
25193,292,3
25194,293,4
25195,294,5
25196,295,6
25197,296,7
25198,297,8
25199,298,9
25200,299,10
25201,300,1
25202,301,2
25203,302,3
25204,303,4
25205,304,5
25206,305,6
25207,306,7
25208,307,8
25209,308,9
25210,309,10
25211,310,1
25212,311,2
25213,312,3
25214,313,4
25215,314,5
25216,315,6
25217,316,7
25218,317,8
25219,318,9
25220,319,10
25221,320,1
25222,321,2
25223,322,3
25224,323,4
25225,324,5
25226,325,6
25227,326,7
25228,327,8
25229,328,9
25230,329,10
25231,330,1
25232,331,2
25233,332,3
25234,333,4
25235,334,5
25236,335,6
25237,336,7
25238,337,8
25239,338,9
25240,339,10
25241,340,1
25242,341,2
25243,342,3
25244,343,4
25245,344,5
25246,345,6
25247,346,7
25248,347,8
25249,348,9
25250,349,10
25251,350,1
25252,351,2
25253,352,3
25254,353,4
25255,354,5
25256,355,6
25257,356,7
25258,357,8
25259,358,9
25260,359,10
25261,360,1
25262,361,2
25263,362,3
25264,363,4
25265,364,5
25266,365,6
25267,366,7
25268,367,8
25269,368,9
25270,369,10
25271,370,1
25272,371,2
25273,372,3
25274,373,4
25275,374,5
25276,375,6
25277,376,7
25278,377,8
25279,378,9
25280,379,10
25281,380,1
25282,381,2
25283,382,3
25284,383,4
25285,384,5
25286,385,6
25287,386,7
25288,387,8
25289,388,9
25290,389,10
25291,390,1
25292,391,2
25293,392,3
25294,393,4
25295,394,5
25296,395,6
25297,396,7
25298,397,8
25299,398,9
25300,399,10
25301,400,1
25302,401,2
25303,402,3
25304,403,4
25305,404,5
25306,405,6
25307,406,7
25308,407,8
25309,408,9
25310,409,10
25311,410,1
25312,411,2
25313,412,3
25314,413,4
25315,414,5
25316,415,6
25317,416,7
25318,417,8
25319,418,9
25320,419,10
25321,420,1
25322,421,2
25323,422,3
25324,423,4
25325,424,5
25326,425,6
25327,426,7
25328,427,8
25329,428,9
25330,429,10
25331,430,1
25332,431,2
25333,432,3
25334,433,4
25335,434,5
25336,435,6
25337,436,7
25338,437,8
25339,438,9
25340,439,10
25341,440,1
25342,441,2
25343,442,3
25344,443,4
25345,444,5
25346,445,6
25347,446,7
25348,447,8
25349,448,9
25350,449,10
25351,450,1
25352,451,2
25353,452,3
25354,453,4
25355,454,5
25356,455,6
25357,456,7
25358,457,8
25359,458,9
25360,459,10
25361,460,1
25362,461,2
25363,462,3
25364,463,4
25365,464,5
25366,465,6
25367,466,7
25368,467,8
25369,468,9
25370,469,10
25371,470,1
25372,471,2
25373,472,3
25374,473,4
25375,474,5
25376,475,6
25377,476,7
25378,477,8
25379,478,9
25380,479,10
25381,480,1
25382,481,2
25383,482,3
25384,483,4
25385,484,5
25386,485,6
25387,486,7
25388,487,8
25389,488,9
25390,489,10
25391,490,1
25392,491,2
25393,492,3
25394,493,4
25395,494,5
25396,495,6
25397,496,7
25398,497,8
25399,498,9
25400,499,10
25401,500,1
25402,501,2
25403,502,3
25404,503,4
25405,504,5
25406,505,6
25407,506,7
25408,507,8
25409,508,9
25410,509,10
25411,510,1
25412,511,2
25413,512,3
25414,513,4
25415,514,5
25416,515,6
25417,516,7
25418,517,8
25419,518,9
25420,519,10
25421,520,1
25422,521,2
25423,522,3
25424,523,4
25425,524,5
25426,525,6
25427,526,7
25428,527,8
25429,528,9
25430,529,10
25431,530,1
25432,531,2
25433,532,3
25434,533,4
25435,534,5
25436,535,6
25437,536,7
25438,537,8
25439,538,9
25440,539,10
25441,540,1
25442,541,2
25443,542,3
25444,543,4
25445,544,5
25446,545,6
25447,546,7
25448,547,8
25449,548,9
25450,549,10
25451,550,1
25452,551,2
25453,552,3
25454,553,4
25455,554,5
25456,555,6
25457,556,7
25458,557,8
25459,558,9
25460,559,10
25461,560,1
25462,561,2
25463,562,3
25464,563,4
25465,564,5
25466,565,6
25467,566,7
25468,567,8
25469,568,9
25470,569,10
25471,570,1
25472,571,2
25473,572,3
25474,573,4
25475,574,5
25476,575,6
25477,576,7
25478,577,8
25479,578,9
25480,579,10
25481,580,1
25482,581,2
25483,582,3
25484,583,4
25485,584,5
25486,585,6
25487,586,7
25488,587,8
25489,588,9
25490,589,10
25491,590,1
25492,591,2
25493,592,3
25494,593,4
25495,594,5
25496,595,6
25497,596,7
25498,597,8
25499,598,9
25500,599,10
25501,600,1
25502,601,2
25503,602,3
25504,603,4
25505,604,5
25506,605,6
25507,606,7
25508,607,8
25509,608,9
25510,609,10
25511,610,1
25512,611,2
25513,612,3
25514,613,4
25515,614,5
25516,615,6
25517,616,7
25518,617,8
25519,618,9
25520,619,10
25521,620,1
25522,621,2
25523,622,3
25524,623,4
25525,624,5
25526,625,6
25527,626,7
25528,627,8
25529,628,9
25530,629,10
25531,630,1
25532,631,2
25533,632,3
25534,633,4
25535,634,5
25536,635,6
25537,636,7
25538,637,8
25539,638,9
25540,639,10
25541,640,1
25542,641,2
25543,642,3
25544,643,4
25545,644,5
25546,645,6
25547,646,7
25548,647,8
25549,648,9
25550,649,10
25551,650,1
25552,651,2
25553,652,3
25554,653,4
25555,654,5
25556,655,6
25557,656,7
25558,657,8
25559,658,9
25560,659,10
25561,660,1
25562,661,2
25563,662,3
25564,663,4
25565,664,5
25566,665,6
25567,666,7
25568,667,8
25569,668,9
25570,669,10
25571,670,1
25572,671,2
25573,672,3
25574,673,4
25575,674,5
25576,675,6
25577,676,7
25578,677,8
25579,678,9
25580,679,10
25581,680,1
25582,681,2
25583,682,3
25584,683,4
25585,684,5
25586,685,6
25587,686,7
25588,687,8
25589,688,9
25590,689,10
25591,690,1
25592,691,2
25593,692,3
25594,693,4
25595,694,5
25596,695,6
25597,696,7
25598,697,8
25599,698,9
25600,699,10
25601,700,1
25602,701,2
25603,702,3
25604,703,4
25605,704,5
25606,705,6
25607,706,7
25608,707,8
25609,708,9
25610,709,10
25611,710,1
25612,711,2
25613,712,3
25614,713,4
25615,714,5
25616,715,6
25617,716,7
25618,717,8
25619,718,9
25620,719,10
25621,720,1
25622,721,2
25623,722,3
25624,723,4
25625,724,5
25626,725,6
25627,726,7
25628,727,8
25629,728,9
25630,729,10
25631,730,1
25632,731,2
25633,732,3
25634,733,4
25635,734,5
25636,735,6
25637,736,7
25638,737,8
25639,738,9
25640,739,10
25641,740,1
25642,741,2
25643,742,3
25644,743,4
25645,744,5
25646,745,6
25647,746,7
25648,747,8
25649,748,9
25650,749,10
25651,750,1
25652,751,2
25653,752,3
25654,753,4
25655,754,5
25656,755,6
25657,756,7
25658,757,8
25659,758,9
25660,759,10
25661,760,1
25662,761,2
25663,762,3
25664,763,4
25665,764,5
25666,765,6
25667,766,7
25668,767,8
25669,768,9
25670,769,10
25671,770,1
25672,771,2
25673,772,3
25674,773,4
25675,774,5
25676,775,6
25677,776,7
25678,777,8
25679,778,9
25680,779,10
25681,780,1
25682,781,2
25683,782,3
25684,783,4
25685,784,5
25686,785,6
25687,786,7
25688,787,8
25689,788,9
25690,789,10
25691,790,1
25692,791,2
25693,792,3
25694,793,4
25695,794,5
25696,795,6
25697,796,7
25698,797,8
25699,798,9
25700,799,10
25701,800,1
25702,801,2
25703,802,3
25704,803,4
25705,804,5
25706,805,6
25707,806,7
25708,807,8
25709,808,9
25710,809,10
25711,810,1
25712,811,2
25713,812,3
25714,813,4
25715,814,5
25716,815,6
25717,816,7
25718,817,8
25719,818,9
25720,819,10
25721,820,1
25722,821,2
25723,822,3
25724,823,4
25725,824,5
25726,825,6
25727,826,7
25728,827,8
25729,828,9
25730,829,10
25731,830,1
25732,831,2
25733,832,3
25734,833,4
25735,834,5
25736,835,6
25737,836,7
25738,837,8
25739,838,9
25740,839,10
25741,840,1
25742,841,2
25743,842,3
25744,843,4
25745,844,5
25746,845,6
25747,846,7
25748,847,8
25749,848,9
25750,849,10
25751,850,1
25752,851,2
25753,852,3
25754,853,4
25755,854,5
25756,855,6
25757,856,7
25758,857,8
25759,858,9
25760,859,10
25761,860,1
25762,861,2
25763,862,3
25764,863,4
25765,864,5
25766,865,6
25767,866,7
25768,867,8
25769,868,9
25770,869,10
25771,870,1
25772,871,2
25773,872,3
25774,873,4
25775,874,5
25776,875,6
25777,876,7
25778,877,8
25779,878,9
25780,879,10
25781,880,1
25782,881,2
25783,882,3
25784,883,4
25785,884,5
25786,885,6
25787,886,7
25788,887,8
25789,888,9
25790,889,10
25791,890,1
25792,891,2
25793,892,3
25794,893,4
25795,894,5
25796,895,6
25797,896,7
25798,897,8
25799,898,9
25800,899,10
25801,900,1
25802,901,2
25803,902,3
25804,903,4
25805,904,5
25806,905,6
25807,906,7
25808,907,8
25809,908,9
25810,909,10
25811,910,1
25812,911,2
25813,912,3
25814,913,4
25815,914,5
25816,915,6
25817,916,7
25818,917,8
25819,918,9
25820,919,10
25821,920,1
25822,921,2
25823,922,3
25824,923,4
25825,924,5
25826,925,6
25827,926,7
25828,927,8
25829,928,9
25830,929,10
25831,930,1
25832,931,2
25833,932,3
25834,933,4
25835,934,5
25836,935,6
25837,936,7
25838,937,8
25839,938,9
25840,939,10
25841,940,1
25842,941,2
25843,942,3
25844,943,4
25845,944,5
25846,945,6
25847,946,7
25848,947,8
25849,948,9
25850,949,10
25851,950,1
25852,951,2
25853,952,3
25854,953,4
25855,954,5
25856,955,6
25857,956,7
25858,957,8
25859,958,9
25860,959,10
25861,960,1
25862,961,2
25863,962,3
25864,963,4
25865,964,5
25866,965,6
25867,966,7
25868,967,8
25869,968,9
25870,969,10
25871,970,1
25872,971,2
25873,972,3
25874,973,4
25875,974,5
25876,975,6
25877,976,7
25878,977,8
25879,978,9
25880,979,10
25881,980,1
25882,981,2
25883,982,3
25884,983,4
25885,984,5
25886,985,6
25887,986,7
25888,987,8
25889,988,9
25890,989,10
25891,990,1
25892,991,2
25893,992,3
25894,993,4
25895,994,5
25896,995,6
25897,996,7
25898,997,8
25899,998,9
25900,999,10
25901,1000,1
25902,1001,2
25903,1002,3
25904,1003,4
25905,1004,5
25906,1005,6
25907,1006,7
25908,1007,8
25909,1008,9
25910,1009,10
25911,1010,1
25912,1011,2
25913,1012,3
25914,1013,4
25915,1014,5
25916,1015,6
25917,1016,7
25918,1017,8
25919,1018,9
25920,1019,10
25921,1020,1
25922,1021,2
25923,1022,3
25924,1023,4
25925,1024,5
25926,1025,6
25927,1026,7
25928,1027,8
25929,1028,9
25930,1029,10
25931,1030,1
25932,1031,2
25933,1032,3
25934,1033,4
25935,1034,5
25936,1035,6
25937,1036,7
25938,1037,8
25939,1038,9
25940,1039,10
25941,1040,1
25942,1041,2
25943,1042,3
25944,1043,4
25945,1044,5
25946,1045,6
25947,1046,7
25948,1047,8
25949,1048,9
25950,1049,10
25951,1050,1
25952,1051,2
25953,1052,3
25954,1053,4
25955,1054,5
25956,1055,6
25957,1056,7
25958,1057,8
25959,1058,9
25960,1059,10
25961,1060,1
25962,1061,2
25963,1062,3
25964,1063,4
25965,1064,5
25966,1065,6
25967,1066,7
25968,1067,8
25969,1068,9
25970,1069,10
25971,1070,1
25972,1071,2
25973,1072,3
25974,1073,4
25975,1074,5
25976,1075,6
25977,1076,7
25978,1077,8
25979,1078,9
25980,1079,10
25981,1080,1
25982,1081,2
25983,1082,3
25984,1083,4
25985,1084,5
25986,1085,6
25987,1086,7
25988,1087,8
25989,1088,9
25990,1089,10
25991,1090,1
25992,1091,2
25993,1092,3
25994,1093,4
25995,1094,5
25996,1095,6
25997,1096,7
25998,1097,8
25999,1098,9
26000,1099,10
26001,100,1
26002,101,2
26003,102,3
26004,103,4
26005,104,5
26006,105,6
26007,106,7
26008,107,8
26009,108,9
26010,109,10
26011,110,1
26012,111,2
26013,112,3
26014,113,4
26015,114,5
26016,115,6
26017,116,7
26018,117,8
26019,118,9
26020,119,10
26021,120,1
26022,121,2
26023,122,3
26024,123,4
26025,124,5
26026,125,6
26027,126,7
26028,127,8
26029,128,9
26030,129,10
26031,130,1
26032,131,2
26033,132,3
26034,133,4
26035,134,5
26036,135,6
26037,136,7
26038,137,8
26039,138,9
26040,139,10
26041,140,1
26042,141,2
26043,142,3
26044,143,4
26045,144,5
26046,145,6
26047,146,7
26048,147,8
26049,148,9
26050,149,10
26051,150,1
26052,151,2
26053,152,3
26054,153,4
26055,154,5
26056,155,6
26057,156,7
26058,157,8
26059,158,9
26060,159,10
26061,160,1
26062,161,2
26063,162,3
26064,163,4
26065,164,5
26066,165,6
26067,166,7
26068,167,8
26069,168,9
26070,169,10
26071,170,1
26072,171,2
26073,172,3
26074,173,4
26075,174,5
26076,175,6
26077,176,7
26078,177,8
26079,178,9
26080,179,10
26081,180,1
26082,181,2
26083,182,3
26084,183,4
26085,184,5
26086,185,6
26087,186,7
26088,187,8
26089,188,9
26090,189,10
26091,190,1
26092,191,2
26093,192,3
26094,193,4
26095,194,5
26096,195,6
26097,196,7
26098,197,8
26099,198,9
26100,199,10
26101,200,1
26102,201,2
26103,202,3
26104,203,4
26105,204,5
26106,205,6
26107,206,7
26108,207,8
26109,208,9
26110,209,10
26111,210,1
26112,211,2
26113,212,3
26114,213,4
26115,214,5
26116,215,6
26117,216,7
26118,217,8
26119,218,9
26120,219,10
26121,220,1
26122,221,2
26123,222,3
26124,223,4
26125,224,5
26126,225,6
26127,226,7
26128,227,8
26129,228,9
26130,229,10
26131,230,1
26132,231,2
26133,232,3
26134,233,4
26135,234,5
26136,235,6
26137,236,7
26138,237,8
26139,238,9
26140,239,10
26141,240,1
26142,241,2
26143,242,3
26144,243,4
26145,244,5
26146,245,6
26147,246,7
26148,247,8
26149,248,9
26150,249,10
26151,250,1
26152,251,2
26153,252,3
26154,253,4
26155,254,5
26156,255,6
26157,256,7
26158,257,8
26159,258,9
26160,259,10
26161,260,1
26162,261,2
26163,262,3
26164,263,4
26165,264,5
26166,265,6
26167,266,7
26168,267,8
26169,268,9
26170,269,10
26171,270,1
26172,271,2
26173,272,3
26174,273,4
26175,274,5
26176,275,6
26177,276,7
26178,277,8
26179,278,9
26180,279,10
26181,280,1
26182,281,2
26183,282,3
26184,283,4
26185,284,5
26186,285,6
26187,286,7
26188,287,8
26189,288,9
26190,289,10
26191,290,1
26192,291,2
26193,292,3
26194,293,4
26195,294,5
26196,295,6
26197,296,7
26198,297,8
26199,298,9
26200,299,10
26201,300,1
26202,301,2
26203,302,3
26204,303,4
26205,304,5
26206,305,6
26207,306,7
26208,307,8
26209,308,9
26210,309,10
26211,310,1
26212,311,2
26213,312,3
26214,313,4
26215,314,5
26216,315,6
26217,316,7
26218,317,8
26219,318,9
26220,319,10
26221,320,1
26222,321,2
26223,322,3
26224,323,4
26225,324,5
26226,325,6
26227,326,7
26228,327,8
26229,328,9
26230,329,10
26231,330,1
26232,331,2
26233,332,3
26234,333,4
26235,334,5
26236,335,6
26237,336,7
26238,337,8
26239,338,9
26240,339,10
26241,340,1
26242,341,2
26243,342,3
26244,343,4
26245,344,5
26246,345,6
26247,346,7
26248,347,8
26249,348,9
26250,349,10
26251,350,1
26252,351,2
26253,352,3
26254,353,4
26255,354,5
26256,355,6
26257,356,7
26258,357,8
26259,358,9
26260,359,10
26261,360,1
26262,361,2
26263,362,3
26264,363,4
26265,364,5
26266,365,6
26267,366,7
26268,367,8
26269,368,9
26270,369,10
26271,370,1
26272,371,2
26273,372,3
26274,373,4
26275,374,5
26276,375,6
26277,376,7
26278,377,8
26279,378,9
26280,379,10
26281,380,1
26282,381,2
26283,382,3
26284,383,4
26285,384,5
26286,385,6
26287,386,7
26288,387,8
26289,388,9
26290,389,10
26291,390,1
26292,391,2
26293,392,3
26294,393,4
26295,394,5
26296,395,6
26297,396,7
26298,397,8
26299,398,9
26300,399,10
26301,400,1
26302,401,2
26303,402,3
26304,403,4
26305,404,5
26306,405,6
26307,406,7
26308,407,8
26309,408,9
26310,409,10
26311,410,1
26312,411,2
26313,412,3
26314,413,4
26315,414,5
26316,415,6
26317,416,7
26318,417,8
26319,418,9
26320,419,10
26321,420,1
26322,421,2
26323,422,3
26324,423,4
26325,424,5
26326,425,6
26327,426,7
26328,427,8
26329,428,9
26330,429,10
26331,430,1
26332,431,2
26333,432,3
26334,433,4
26335,434,5
26336,435,6
26337,436,7
26338,437,8
26339,438,9
26340,439,10
26341,440,1
26342,441,2
26343,442,3
26344,443,4
26345,444,5
26346,445,6
26347,446,7
26348,447,8
26349,448,9
26350,449,10
26351,450,1
26352,451,2
26353,452,3
26354,453,4
26355,454,5
26356,455,6
26357,456,7
26358,457,8
26359,458,9
26360,459,10
26361,460,1
26362,461,2
26363,462,3
26364,463,4
26365,464,5
26366,465,6
26367,466,7
26368,467,8
26369,468,9
26370,469,10
26371,470,1
26372,471,2
26373,472,3
26374,473,4
26375,474,5
26376,475,6
26377,476,7
26378,477,8
26379,478,9
26380,479,10
26381,480,1
26382,481,2
26383,482,3
26384,483,4
26385,484,5
26386,485,6
26387,486,7
26388,487,8
26389,488,9
26390,489,10
26391,490,1
26392,491,2
26393,492,3
26394,493,4
26395,494,5
26396,495,6
26397,496,7
26398,497,8
26399,498,9
26400,499,10
26401,500,1
26402,501,2
26403,502,3
26404,503,4
26405,504,5
26406,505,6
26407,506,7
26408,507,8
26409,508,9
26410,509,10
26411,510,1
26412,511,2
26413,512,3
26414,513,4
26415,514,5
26416,515,6
26417,516,7
26418,517,8
26419,518,9
26420,519,10
26421,520,1
26422,521,2
26423,522,3
26424,523,4
26425,524,5
26426,525,6
26427,526,7
26428,527,8
26429,528,9
26430,529,10
26431,530,1
26432,531,2
26433,532,3
26434,533,4
26435,534,5
26436,535,6
26437,536,7
26438,537,8
26439,538,9
26440,539,10
26441,540,1
26442,541,2
26443,542,3
26444,543,4
26445,544,5
26446,545,6
26447,546,7
26448,547,8
26449,548,9
26450,549,10
26451,550,1
26452,551,2
26453,552,3
26454,553,4
26455,554,5
26456,555,6
26457,556,7
26458,557,8
26459,558,9
26460,559,10
26461,560,1
26462,561,2
26463,562,3
26464,563,4
26465,564,5
26466,565,6
26467,566,7
26468,567,8
26469,568,9
26470,569,10
26471,570,1
26472,571,2
26473,572,3
26474,573,4
26475,574,5
26476,575,6
26477,576,7
26478,577,8
26479,578,9
26480,579,10
26481,580,1
26482,581,2
26483,582,3
26484,583,4
26485,584,5
26486,585,6
26487,586,7
26488,587,8
26489,588,9
26490,589,10
26491,590,1
26492,591,2
26493,592,3
26494,593,4
26495,594,5
26496,595,6
26497,596,7
26498,597,8
26499,598,9
26500,599,10
26501,600,1
26502,601,2
26503,602,3
26504,603,4
26505,604,5
26506,605,6
26507,606,7
26508,607,8
26509,608,9
26510,609,10
26511,610,1
26512,611,2
26513,612,3
26514,613,4
26515,614,5
26516,615,6
26517,616,7
26518,617,8
26519,618,9
26520,619,10
26521,620,1
26522,621,2
26523,622,3
26524,623,4
26525,624,5
26526,625,6
26527,626,7
26528,627,8
26529,628,9
26530,629,10
26531,630,1
26532,631,2
26533,632,3
26534,633,4
26535,634,5
26536,635,6
26537,636,7
26538,637,8
26539,638,9
26540,639,10
26541,640,1
26542,641,2
26543,642,3
26544,643,4
26545,644,5
26546,645,6
26547,646,7
26548,647,8
26549,648,9
26550,649,10
26551,650,1
26552,651,2
26553,652,3
26554,653,4
26555,654,5
26556,655,6
26557,656,7
26558,657,8
26559,658,9
26560,659,10
26561,660,1
26562,661,2
26563,662,3
26564,663,4
26565,664,5
26566,665,6
26567,666,7
26568,667,8
26569,668,9
26570,669,10
26571,670,1
26572,671,2
26573,672,3
26574,673,4
26575,674,5
26576,675,6
26577,676,7
26578,677,8
26579,678,9
26580,679,10
26581,680,1
26582,681,2
26583,682,3
26584,683,4
26585,684,5
26586,685,6
26587,686,7
26588,687,8
26589,688,9
26590,689,10
26591,690,1
26592,691,2
26593,692,3
26594,693,4
26595,694,5
26596,695,6
26597,696,7
26598,697,8
26599,698,9
26600,699,10
26601,700,1
26602,701,2
26603,702,3
26604,703,4
26605,704,5
26606,705,6
26607,706,7
26608,707,8
26609,708,9
26610,709,10
26611,710,1
26612,711,2
26613,712,3
26614,713,4
26615,714,5
26616,715,6
26617,716,7
26618,717,8
26619,718,9
26620,719,10
26621,720,1
26622,721,2
26623,722,3
26624,723,4
26625,724,5
26626,725,6
26627,726,7
26628,727,8
26629,728,9
26630,729,10
26631,730,1
26632,731,2
26633,732,3
26634,733,4
26635,734,5
26636,735,6
26637,736,7
26638,737,8
26639,738,9
26640,739,10
26641,740,1
26642,741,2
26643,742,3
26644,743,4
26645,744,5
26646,745,6
26647,746,7
26648,747,8
26649,748,9
26650,749,10
26651,750,1
26652,751,2
26653,752,3
26654,753,4
26655,754,5
26656,755,6
26657,756,7
26658,757,8
26659,758,9
26660,759,10
26661,760,1
26662,761,2
26663,762,3
26664,763,4
26665,764,5
26666,765,6
26667,766,7
26668,767,8
26669,768,9
26670,769,10
26671,770,1
26672,771,2
26673,772,3
26674,773,4
26675,774,5
26676,775,6
26677,776,7
26678,777,8
26679,778,9
26680,779,10
26681,780,1
26682,781,2
26683,782,3
26684,783,4
26685,784,5
26686,785,6
26687,786,7
26688,787,8
26689,788,9
26690,789,10
26691,790,1
26692,791,2
26693,792,3
26694,793,4
26695,794,5
26696,795,6
26697,796,7
26698,797,8
26699,798,9
26700,799,10
26701,800,1
26702,801,2
26703,802,3
26704,803,4
26705,804,5
26706,805,6
26707,806,7
26708,807,8
26709,808,9
26710,809,10
26711,810,1
26712,811,2
26713,812,3
26714,813,4
26715,814,5
26716,815,6
26717,816,7
26718,817,8
26719,818,9
26720,819,10
26721,820,1
26722,821,2
26723,822,3
26724,823,4
26725,824,5
26726,825,6
26727,826,7
26728,827,8
26729,828,9
26730,829,10
26731,830,1
26732,831,2
26733,832,3
26734,833,4
26735,834,5
26736,835,6
26737,836,7
26738,837,8
26739,838,9
26740,839,10
26741,840,1
26742,841,2
26743,842,3
26744,843,4
26745,844,5
26746,845,6
26747,846,7
26748,847,8
26749,848,9
26750,849,10
26751,850,1
26752,851,2
26753,852,3
26754,853,4
26755,854,5
26756,855,6
26757,856,7
26758,857,8
26759,858,9
26760,859,10
26761,860,1
26762,861,2
26763,862,3
26764,863,4
26765,864,5
26766,865,6
26767,866,7
26768,867,8
26769,868,9
26770,869,10
26771,870,1
26772,871,2
26773,872,3
26774,873,4
26775,874,5
26776,875,6
26777,876,7
26778,877,8
26779,878,9
26780,879,10
26781,880,1
26782,881,2
26783,882,3
26784,883,4
26785,884,5
26786,885,6
26787,886,7
26788,887,8
26789,888,9
26790,889,10
26791,890,1
26792,891,2
26793,892,3
26794,893,4
26795,894,5
26796,895,6
26797,896,7
26798,897,8
26799,898,9
26800,899,10
26801,900,1
26802,901,2
26803,902,3
26804,903,4
26805,904,5
26806,905,6
26807,906,7
26808,907,8
26809,908,9
26810,909,10
26811,910,1
26812,911,2
26813,912,3
26814,913,4
26815,914,5
26816,915,6
26817,916,7
26818,917,8
26819,918,9
26820,919,10
26821,920,1
26822,921,2
26823,922,3
26824,923,4
26825,924,5
26826,925,6
26827,926,7
26828,927,8
26829,928,9
26830,929,10
26831,930,1
26832,931,2
26833,932,3
26834,933,4
26835,934,5
26836,935,6
26837,936,7
26838,937,8
26839,938,9
26840,939,10
26841,940,1
26842,941,2
26843,942,3
26844,943,4
26845,944,5
26846,945,6
26847,946,7
26848,947,8
26849,948,9
26850,949,10
26851,950,1
26852,951,2
26853,952,3
26854,953,4
26855,954,5
26856,955,6
26857,956,7
26858,957,8
26859,958,9
26860,959,10
26861,960,1
26862,961,2
26863,962,3
26864,963,4
26865,964,5
26866,965,6
26867,966,7
26868,967,8
26869,968,9
26870,969,10
26871,970,1
26872,971,2
26873,972,3
26874,973,4
26875,974,5
26876,975,6
26877,976,7
26878,977,8
26879,978,9
26880,979,10
26881,980,1
26882,981,2
26883,982,3
26884,983,4
26885,984,5
26886,985,6
26887,986,7
26888,987,8
26889,988,9
26890,989,10
26891,990,1
26892,991,2
26893,992,3
26894,993,4
26895,994,5
26896,995,6
26897,996,7
26898,997,8
26899,998,9
26900,999,10
26901,1000,1
26902,1001,2
26903,1002,3
26904,1003,4
26905,1004,5
26906,1005,6
26907,1006,7
26908,1007,8
26909,1008,9
26910,1009,10
26911,1010,1
26912,1011,2
26913,1012,3
26914,1013,4
26915,1014,5
26916,1015,6
26917,1016,7
26918,1017,8
26919,1018,9
26920,1019,10
26921,1020,1
26922,1021,2
26923,1022,3
26924,1023,4
26925,1024,5
26926,1025,6
26927,1026,7
26928,1027,8
26929,1028,9
26930,1029,10
26931,1030,1
26932,1031,2
26933,1032,3
26934,1033,4
26935,1034,5
26936,1035,6
26937,1036,7
26938,1037,8
26939,1038,9
26940,1039,10
26941,1040,1
26942,1041,2
26943,1042,3
26944,1043,4
26945,1044,5
26946,1045,6
26947,1046,7
26948,1047,8
26949,1048,9
26950,1049,10
26951,1050,1
26952,1051,2
26953,1052,3
26954,1053,4
26955,1054,5
26956,1055,6
26957,1056,7
26958,1057,8
26959,1058,9
26960,1059,10
26961,1060,1
26962,1061,2
26963,1062,3
26964,1063,4
26965,1064,5
26966,1065,6
26967,1066,7
26968,1067,8
26969,1068,9
26970,1069,10
26971,1070,1
26972,1071,2
26973,1072,3
26974,1073,4
26975,1074,5
26976,1075,6
26977,1076,7
26978,1077,8
26979,1078,9
26980,1079,10
26981,1080,1
26982,1081,2
26983,1082,3
26984,1083,4
26985,1084,5
26986,1085,6
26987,1086,7
26988,1087,8
26989,1088,9
26990,1089,10
26991,1090,1
26992,1091,2
26993,1092,3
26994,1093,4
26995,1094,5
26996,1095,6
26997,1096,7
26998,1097,8
26999,1098,9
27000,1099,10
27001,100,1
27002,101,2
27003,102,3
27004,103,4
27005,104,5
27006,105,6
27007,106,7
27008,107,8
27009,108,9
27010,109,10
27011,110,1
27012,111,2
27013,112,3
27014,113,4
27015,114,5
27016,115,6
27017,116,7
27018,117,8
27019,118,9
27020,119,10
27021,120,1
27022,121,2
27023,122,3
27024,123,4
27025,124,5
27026,125,6
27027,126,7
27028,127,8
27029,128,9
27030,129,10
27031,130,1
27032,131,2
27033,132,3
27034,133,4
27035,134,5
27036,135,6
27037,136,7
27038,137,8
27039,138,9
27040,139,10
27041,140,1
27042,141,2
27043,142,3
27044,143,4
27045,144,5
27046,145,6
27047,146,7
27048,147,8
27049,148,9
27050,149,10
27051,150,1
27052,151,2
27053,152,3
27054,153,4
27055,154,5
27056,155,6
27057,156,7
27058,157,8
27059,158,9
27060,159,10
27061,160,1
27062,161,2
27063,162,3
27064,163,4
27065,164,5
27066,165,6
27067,166,7
27068,167,8
27069,168,9
27070,169,10
27071,170,1
27072,171,2
27073,172,3
27074,173,4
27075,174,5
27076,175,6
27077,176,7
27078,177,8
27079,178,9
27080,179,10
27081,180,1
27082,181,2
27083,182,3
27084,183,4
27085,184,5
27086,185,6
27087,186,7
27088,187,8
27089,188,9
27090,189,10
27091,190,1
27092,191,2
27093,192,3
27094,193,4
27095,194,5
27096,195,6
27097,196,7
27098,197,8
27099,198,9
27100,199,10
27101,200,1
27102,201,2
27103,202,3
27104,203,4
27105,204,5
27106,205,6
27107,206,7
27108,207,8
27109,208,9
27110,209,10
27111,210,1
27112,211,2
27113,212,3
27114,213,4
27115,214,5
27116,215,6
27117,216,7
27118,217,8
27119,218,9
27120,219,10
27121,220,1
27122,221,2
27123,222,3
27124,223,4
27125,224,5
27126,225,6
27127,226,7
27128,227,8
27129,228,9
27130,229,10
27131,230,1
27132,231,2
27133,232,3
27134,233,4
27135,234,5
27136,235,6
27137,236,7
27138,237,8
27139,238,9
27140,239,10
27141,240,1
27142,241,2
27143,242,3
27144,243,4
27145,244,5
27146,245,6
27147,246,7
27148,247,8
27149,248,9
27150,249,10
27151,250,1
27152,251,2
27153,252,3
27154,253,4
27155,254,5
27156,255,6
27157,256,7
27158,257,8
27159,258,9
27160,259,10
27161,260,1
27162,261,2
27163,262,3
27164,263,4
27165,264,5
27166,265,6
27167,266,7
27168,267,8
27169,268,9
27170,269,10
27171,270,1
27172,271,2
27173,272,3
27174,273,4
27175,274,5
27176,275,6
27177,276,7
27178,277,8
27179,278,9
27180,279,10
27181,280,1
27182,281,2
27183,282,3
27184,283,4
27185,284,5
27186,285,6
27187,286,7
27188,287,8
27189,288,9
27190,289,10
27191,290,1
27192,291,2
27193,292,3
27194,293,4
27195,294,5
27196,295,6
27197,296,7
27198,297,8
27199,298,9
27200,299,10
27201,300,1
27202,301,2
27203,302,3
27204,303,4
27205,304,5
27206,305,6
27207,306,7
27208,307,8
27209,308,9
27210,309,10
27211,310,1
27212,311,2
27213,312,3
27214,313,4
27215,314,5
27216,315,6
27217,316,7
27218,317,8
27219,318,9
27220,319,10
27221,320,1
27222,321,2
27223,322,3
27224,323,4
27225,324,5
27226,325,6
27227,326,7
27228,327,8
27229,328,9
27230,329,10
27231,330,1
27232,331,2
27233,332,3
27234,333,4
27235,334,5
27236,335,6
27237,336,7
27238,337,8
27239,338,9
27240,339,10
27241,340,1
27242,341,2
27243,342,3
27244,343,4
27245,344,5
27246,345,6
27247,346,7
27248,347,8
27249,348,9
27250,349,10
27251,350,1
27252,351,2
27253,352,3
27254,353,4
27255,354,5
27256,355,6
27257,356,7
27258,357,8
27259,358,9
27260,359,10
27261,360,1
27262,361,2
27263,362,3
27264,363,4
27265,364,5
27266,365,6
27267,366,7
27268,367,8
27269,368,9
27270,369,10
27271,370,1
27272,371,2
27273,372,3
27274,373,4
27275,374,5
27276,375,6
27277,376,7
27278,377,8
27279,378,9
27280,379,10
27281,380,1
27282,381,2
27283,382,3
27284,383,4
27285,384,5
27286,385,6
27287,386,7
27288,387,8
27289,388,9
27290,389,10
27291,390,1
27292,391,2
27293,392,3
27294,393,4
27295,394,5
27296,395,6
27297,396,7
27298,397,8
27299,398,9
27300,399,10
27301,400,1
27302,401,2
27303,402,3
27304,403,4
27305,404,5
27306,405,6
27307,406,7
27308,407,8
27309,408,9
27310,409,10
27311,410,1
27312,411,2
27313,412,3
27314,413,4
27315,414,5
27316,415,6
27317,416,7
27318,417,8
27319,418,9
27320,419,10
27321,420,1
27322,421,2
27323,422,3
27324,423,4
27325,424,5
27326,425,6
27327,426,7
27328,427,8
27329,428,9
27330,429,10
27331,430,1
27332,431,2
27333,432,3
27334,433,4
27335,434,5
27336,435,6
27337,436,7
27338,437,8
27339,438,9
27340,439,10
27341,440,1
27342,441,2
27343,442,3
27344,443,4
27345,444,5
27346,445,6
27347,446,7
27348,447,8
27349,448,9
27350,449,10
27351,450,1
27352,451,2
27353,452,3
27354,453,4
27355,454,5
27356,455,6
27357,456,7
27358,457,8
27359,458,9
27360,459,10
27361,460,1
27362,461,2
27363,462,3
27364,463,4
27365,464,5
27366,465,6
27367,466,7
27368,467,8
27369,468,9
27370,469,10
27371,470,1
27372,471,2
27373,472,3
27374,473,4
27375,474,5
27376,475,6
27377,476,7
27378,477,8
27379,478,9
27380,479,10
27381,480,1
27382,481,2
27383,482,3
27384,483,4
27385,484,5
27386,485,6
27387,486,7
27388,487,8
27389,488,9
27390,489,10
27391,490,1
27392,491,2
27393,492,3
27394,493,4
27395,494,5
27396,495,6
27397,496,7
27398,497,8
27399,498,9
27400,499,10
27401,500,1
27402,501,2
27403,502,3
27404,503,4
27405,504,5
27406,505,6
27407,506,7
27408,507,8
27409,508,9
27410,509,10
27411,510,1
27412,511,2
27413,512,3
27414,513,4
27415,514,5
27416,515,6
27417,516,7
27418,517,8
27419,518,9
27420,519,10
27421,520,1
27422,521,2
27423,522,3
27424,523,4
27425,524,5
27426,525,6
27427,526,7
27428,527,8
27429,528,9
27430,529,10
27431,530,1
27432,531,2
27433,532,3
27434,533,4
27435,534,5
27436,535,6
27437,536,7
27438,537,8
27439,538,9
27440,539,10
27441,540,1
27442,541,2
27443,542,3
27444,543,4
27445,544,5
27446,545,6
27447,546,7
27448,547,8
27449,548,9
27450,549,10
27451,550,1
27452,551,2
27453,552,3
27454,553,4
27455,554,5
27456,555,6
27457,556,7
27458,557,8
27459,558,9
27460,559,10
27461,560,1
27462,561,2
27463,562,3
27464,563,4
27465,564,5
27466,565,6
27467,566,7
27468,567,8
27469,568,9
27470,569,10
27471,570,1
27472,571,2
27473,572,3
27474,573,4
27475,574,5
27476,575,6
27477,576,7
27478,577,8
27479,578,9
27480,579,10
27481,580,1
27482,581,2
27483,582,3
27484,583,4
27485,584,5
27486,585,6
27487,586,7
27488,587,8
27489,588,9
27490,589,10
27491,590,1
27492,591,2
27493,592,3
27494,593,4
27495,594,5
27496,595,6
27497,596,7
27498,597,8
27499,598,9
27500,599,10
27501,600,1
27502,601,2
27503,602,3
27504,603,4
27505,604,5
27506,605,6
27507,606,7
27508,607,8
27509,608,9
27510,609,10
27511,610,1
27512,611,2
27513,612,3
27514,613,4
27515,614,5
27516,615,6
27517,616,7
27518,617,8
27519,618,9
27520,619,10
27521,620,1
27522,621,2
27523,622,3
27524,623,4
27525,624,5
27526,625,6
27527,626,7
27528,627,8
27529,628,9
27530,629,10
27531,630,1
27532,631,2
27533,632,3
27534,633,4
27535,634,5
27536,635,6
27537,636,7
27538,637,8
27539,638,9
27540,639,10
27541,640,1
27542,641,2
27543,642,3
27544,643,4
27545,644,5
27546,645,6
27547,646,7
27548,647,8
27549,648,9
27550,649,10
27551,650,1
27552,651,2
27553,652,3
27554,653,4
27555,654,5
27556,655,6
27557,656,7
27558,657,8
27559,658,9
27560,659,10
27561,660,1
27562,661,2
27563,662,3
27564,663,4
27565,664,5
27566,665,6
27567,666,7
27568,667,8
27569,668,9
27570,669,10
27571,670,1
27572,671,2
27573,672,3
27574,673,4
27575,674,5
27576,675,6
27577,676,7
27578,677,8
27579,678,9
27580,679,10
27581,680,1
27582,681,2
27583,682,3
27584,683,4
27585,684,5
27586,685,6
27587,686,7
27588,687,8
27589,688,9
27590,689,10
27591,690,1
27592,691,2
27593,692,3
27594,693,4
27595,694,5
27596,695,6
27597,696,7
27598,697,8
27599,698,9
27600,699,10
27601,700,1
27602,701,2
27603,702,3
27604,703,4
27605,704,5
27606,705,6
27607,706,7
27608,707,8
27609,708,9
27610,709,10
27611,710,1
27612,711,2
27613,712,3
27614,713,4
27615,714,5
27616,715,6
27617,716,7
27618,717,8
27619,718,9
27620,719,10
27621,720,1
27622,721,2
27623,722,3
27624,723,4
27625,724,5
27626,725,6
27627,726,7
27628,727,8
27629,728,9
27630,729,10
27631,730,1
27632,731,2
27633,732,3
27634,733,4
27635,734,5
27636,735,6
27637,736,7
27638,737,8
27639,738,9
27640,739,10
27641,740,1
27642,741,2
27643,742,3
27644,743,4
27645,744,5
27646,745,6
27647,746,7
27648,747,8
27649,748,9
27650,749,10
27651,750,1
27652,751,2
27653,752,3
27654,753,4
27655,754,5
27656,755,6
27657,756,7
27658,757,8
27659,758,9
27660,759,10
27661,760,1
27662,761,2
27663,762,3
27664,763,4
27665,764,5
27666,765,6
27667,766,7
27668,767,8
27669,768,9
27670,769,10
27671,770,1
27672,771,2
27673,772,3
27674,773,4
27675,774,5
27676,775,6
27677,776,7
27678,777,8
27679,778,9
27680,779,10
27681,780,1
27682,781,2
27683,782,3
27684,783,4
27685,784,5
27686,785,6
27687,786,7
27688,787,8
27689,788,9
27690,789,10
27691,790,1
27692,791,2
27693,792,3
27694,793,4
27695,794,5
27696,795,6
27697,796,7
27698,797,8
27699,798,9
27700,799,10
27701,800,1
27702,801,2
27703,802,3
27704,803,4
27705,804,5
27706,805,6
27707,806,7
27708,807,8
27709,808,9
27710,809,10
27711,810,1
27712,811,2
27713,812,3
27714,813,4
27715,814,5
27716,815,6
27717,816,7
27718,817,8
27719,818,9
27720,819,10
27721,820,1
27722,821,2
27723,822,3
27724,823,4
27725,824,5
27726,825,6
27727,826,7
27728,827,8
27729,828,9
27730,829,10
27731,830,1
27732,831,2
27733,832,3
27734,833,4
27735,834,5
27736,835,6
27737,836,7
27738,837,8
27739,838,9
27740,839,10
27741,840,1
27742,841,2
27743,842,3
27744,843,4
27745,844,5
27746,845,6
27747,846,7
27748,847,8
27749,848,9
27750,849,10
27751,850,1
27752,851,2
27753,852,3
27754,853,4
27755,854,5
27756,855,6
27757,856,7
27758,857,8
27759,858,9
27760,859,10
27761,860,1
27762,861,2
27763,862,3
27764,863,4
27765,864,5
27766,865,6
27767,866,7
27768,867,8
27769,868,9
27770,869,10
27771,870,1
27772,871,2
27773,872,3
27774,873,4
27775,874,5
27776,875,6
27777,876,7
27778,877,8
27779,878,9
27780,879,10
27781,880,1
27782,881,2
27783,882,3
27784,883,4
27785,884,5
27786,885,6
27787,886,7
27788,887,8
27789,888,9
27790,889,10
27791,890,1
27792,891,2
27793,892,3
27794,893,4
27795,894,5
27796,895,6
27797,896,7
27798,897,8
27799,898,9
27800,899,10
27801,900,1
27802,901,2
27803,902,3
27804,903,4
27805,904,5
27806,905,6
27807,906,7
27808,907,8
27809,908,9
27810,909,10
27811,910,1
27812,911,2
27813,912,3
27814,913,4
27815,914,5
27816,915,6
27817,916,7
27818,917,8
27819,918,9
27820,919,10
27821,920,1
27822,921,2
27823,922,3
27824,923,4
27825,924,5
27826,925,6
27827,926,7
27828,927,8
27829,928,9
27830,929,10
27831,930,1
27832,931,2
27833,932,3
27834,933,4
27835,934,5
27836,935,6
27837,936,7
27838,937,8
27839,938,9
27840,939,10
27841,940,1
27842,941,2
27843,942,3
27844,943,4
27845,944,5
27846,945,6
27847,946,7
27848,947,8
27849,948,9
27850,949,10
27851,950,1
27852,951,2
27853,952,3
27854,953,4
27855,954,5
27856,955,6
27857,956,7
27858,957,8
27859,958,9
27860,959,10
27861,960,1
27862,961,2
27863,962,3
27864,963,4
27865,964,5
27866,965,6
27867,966,7
27868,967,8
27869,968,9
27870,969,10
27871,970,1
27872,971,2
27873,972,3
27874,973,4
27875,974,5
27876,975,6
27877,976,7
27878,977,8
27879,978,9
27880,979,10
27881,980,1
27882,981,2
27883,982,3
27884,983,4
27885,984,5
27886,985,6
27887,986,7
27888,987,8
27889,988,9
27890,989,10
27891,990,1
27892,991,2
27893,992,3
27894,993,4
27895,994,5
27896,995,6
27897,996,7
27898,997,8
27899,998,9
27900,999,10
27901,1000,1
27902,1001,2
27903,1002,3
27904,1003,4
27905,1004,5
27906,1005,6
27907,1006,7
27908,1007,8
27909,1008,9
27910,1009,10
27911,1010,1
27912,1011,2
27913,1012,3
27914,1013,4
27915,1014,5
27916,1015,6
27917,1016,7
27918,1017,8
27919,1018,9
27920,1019,10
27921,1020,1
27922,1021,2
27923,1022,3
27924,1023,4
27925,1024,5
27926,1025,6
27927,1026,7
27928,1027,8
27929,1028,9
27930,1029,10
27931,1030,1
27932,1031,2
27933,1032,3
27934,1033,4
27935,1034,5
27936,1035,6
27937,1036,7
27938,1037,8
27939,1038,9
27940,1039,10
27941,1040,1
27942,1041,2
27943,1042,3
27944,1043,4
27945,1044,5
27946,1045,6
27947,1046,7
27948,1047,8
27949,1048,9
27950,1049,10
27951,1050,1
27952,1051,2
27953,1052,3
27954,1053,4
27955,1054,5
27956,1055,6
27957,1056,7
27958,1057,8
27959,1058,9
27960,1059,10
27961,1060,1
27962,1061,2
27963,1062,3
27964,1063,4
27965,1064,5
27966,1065,6
27967,1066,7
27968,1067,8
27969,1068,9
27970,1069,10
27971,1070,1
27972,1071,2
27973,1072,3
27974,1073,4
27975,1074,5
27976,1075,6
27977,1076,7
27978,1077,8
27979,1078,9
27980,1079,10
27981,1080,1
27982,1081,2
27983,1082,3
27984,1083,4
27985,1084,5
27986,1085,6
27987,1086,7
27988,1087,8
27989,1088,9
27990,1089,10
27991,1090,1
27992,1091,2
27993,1092,3
27994,1093,4
27995,1094,5
27996,1095,6
27997,1096,7
27998,1097,8
27999,1098,9
28000,1099,10
28001,100,1
28002,101,2
28003,102,3
28004,103,4
28005,104,5
28006,105,6
28007,106,7
28008,107,8
28009,108,9
28010,109,10
28011,110,1
28012,111,2
28013,112,3
28014,113,4
28015,114,5
28016,115,6
28017,116,7
28018,117,8
28019,118,9
28020,119,10
28021,120,1
28022,121,2
28023,122,3
28024,123,4
28025,124,5
28026,125,6
28027,126,7
28028,127,8
28029,128,9
28030,129,10
28031,130,1
28032,131,2
28033,132,3
28034,133,4
28035,134,5
28036,135,6
28037,136,7
28038,137,8
28039,138,9
28040,139,10
28041,140,1
28042,141,2
28043,142,3
28044,143,4
28045,144,5
28046,145,6
28047,146,7
28048,147,8
28049,148,9
28050,149,10
28051,150,1
28052,151,2
28053,152,3
28054,153,4
28055,154,5
28056,155,6
28057,156,7
28058,157,8
28059,158,9
28060,159,10
28061,160,1
28062,161,2
28063,162,3
28064,163,4
28065,164,5
28066,165,6
28067,166,7
28068,167,8
28069,168,9
28070,169,10
28071,170,1
28072,171,2
28073,172,3
28074,173,4
28075,174,5
28076,175,6
28077,176,7
28078,177,8
28079,178,9
28080,179,10
28081,180,1
28082,181,2
28083,182,3
28084,183,4
28085,184,5
28086,185,6
28087,186,7
28088,187,8
28089,188,9
28090,189,10
28091,190,1
28092,191,2
28093,192,3
28094,193,4
28095,194,5
28096,195,6
28097,196,7
28098,197,8
28099,198,9
28100,199,10
28101,200,1
28102,201,2
28103,202,3
28104,203,4
28105,204,5
28106,205,6
28107,206,7
28108,207,8
28109,208,9
28110,209,10
28111,210,1
28112,211,2
28113,212,3
28114,213,4
28115,214,5
28116,215,6
28117,216,7
28118,217,8
28119,218,9
28120,219,10
28121,220,1
28122,221,2
28123,222,3
28124,223,4
28125,224,5
28126,225,6
28127,226,7
28128,227,8
28129,228,9
28130,229,10
28131,230,1
28132,231,2
28133,232,3
28134,233,4
28135,234,5
28136,235,6
28137,236,7
28138,237,8
28139,238,9
28140,239,10
28141,240,1
28142,241,2
28143,242,3
28144,243,4
28145,244,5
28146,245,6
28147,246,7
28148,247,8
28149,248,9
28150,249,10
28151,250,1
28152,251,2
28153,252,3
28154,253,4
28155,254,5
28156,255,6
28157,256,7
28158,257,8
28159,258,9
28160,259,10
28161,260,1
28162,261,2
28163,262,3
28164,263,4
28165,264,5
28166,265,6
28167,266,7
28168,267,8
28169,268,9
28170,269,10
28171,270,1
28172,271,2
28173,272,3
28174,273,4
28175,274,5
28176,275,6
28177,276,7
28178,277,8
28179,278,9
28180,279,10
28181,280,1
28182,281,2
28183,282,3
28184,283,4
28185,284,5
28186,285,6
28187,286,7
28188,287,8
28189,288,9
28190,289,10
28191,290,1
28192,291,2
28193,292,3
28194,293,4
28195,294,5
28196,295,6
28197,296,7
28198,297,8
28199,298,9
28200,299,10
28201,300,1
28202,301,2
28203,302,3
28204,303,4
28205,304,5
28206,305,6
28207,306,7
28208,307,8
28209,308,9
28210,309,10
28211,310,1
28212,311,2
28213,312,3
28214,313,4
28215,314,5
28216,315,6
28217,316,7
28218,317,8
28219,318,9
28220,319,10
28221,320,1
28222,321,2
28223,322,3
28224,323,4
28225,324,5
28226,325,6
28227,326,7
28228,327,8
28229,328,9
28230,329,10
28231,330,1
28232,331,2
28233,332,3
28234,333,4
28235,334,5
28236,335,6
28237,336,7
28238,337,8
28239,338,9
28240,339,10
28241,340,1
28242,341,2
28243,342,3
28244,343,4
28245,344,5
28246,345,6
28247,346,7
28248,347,8
28249,348,9
28250,349,10
28251,350,1
28252,351,2
28253,352,3
28254,353,4
28255,354,5
28256,355,6
28257,356,7
28258,357,8
28259,358,9
28260,359,10
28261,360,1
28262,361,2
28263,362,3
28264,363,4
28265,364,5
28266,365,6
28267,366,7
28268,367,8
28269,368,9
28270,369,10
28271,370,1
28272,371,2
28273,372,3
28274,373,4
28275,374,5
28276,375,6
28277,376,7
28278,377,8
28279,378,9
28280,379,10
28281,380,1
28282,381,2
28283,382,3
28284,383,4
28285,384,5
28286,385,6
28287,386,7
28288,387,8
28289,388,9
28290,389,10
28291,390,1
28292,391,2
28293,392,3
28294,393,4
28295,394,5
28296,395,6
28297,396,7
28298,397,8
28299,398,9
28300,399,10
28301,400,1
28302,401,2
28303,402,3
28304,403,4
28305,404,5
28306,405,6
28307,406,7
28308,407,8
28309,408,9
28310,409,10
28311,410,1
28312,411,2
28313,412,3
28314,413,4
28315,414,5
28316,415,6
28317,416,7
28318,417,8
28319,418,9
28320,419,10
28321,420,1
28322,421,2
28323,422,3
28324,423,4
28325,424,5
28326,425,6
28327,426,7
28328,427,8
28329,428,9
28330,429,10
28331,430,1
28332,431,2
28333,432,3
28334,433,4
28335,434,5
28336,435,6
28337,436,7
28338,437,8
28339,438,9
28340,439,10
28341,440,1
28342,441,2
28343,442,3
28344,443,4
28345,444,5
28346,445,6
28347,446,7
28348,447,8
28349,448,9
28350,449,10
28351,450,1
28352,451,2
28353,452,3
28354,453,4
28355,454,5
28356,455,6
28357,456,7
28358,457,8
28359,458,9
28360,459,10
28361,460,1
28362,461,2
28363,462,3
28364,463,4
28365,464,5
28366,465,6
28367,466,7
28368,467,8
28369,468,9
28370,469,10
28371,470,1
28372,471,2
28373,472,3
28374,473,4
28375,474,5
28376,475,6
28377,476,7
28378,477,8
28379,478,9
28380,479,10
28381,480,1
28382,481,2
28383,482,3
28384,483,4
28385,484,5
28386,485,6
28387,486,7
28388,487,8
28389,488,9
28390,489,10
28391,490,1
28392,491,2
28393,492,3
28394,493,4
28395,494,5
28396,495,6
28397,496,7
28398,497,8
28399,498,9
28400,499,10
28401,500,1
28402,501,2
28403,502,3
28404,503,4
28405,504,5
28406,505,6
28407,506,7
28408,507,8
28409,508,9
28410,509,10
28411,510,1
28412,511,2
28413,512,3
28414,513,4
28415,514,5
28416,515,6
28417,516,7
28418,517,8
28419,518,9
28420,519,10
28421,520,1
28422,521,2
28423,522,3
28424,523,4
28425,524,5
28426,525,6
28427,526,7
28428,527,8
28429,528,9
28430,529,10
28431,530,1
28432,531,2
28433,532,3
28434,533,4
28435,534,5
28436,535,6
28437,536,7
28438,537,8
28439,538,9
28440,539,10
28441,540,1
28442,541,2
28443,542,3
28444,543,4
28445,544,5
28446,545,6
28447,546,7
28448,547,8
28449,548,9
28450,549,10
28451,550,1
28452,551,2
28453,552,3
28454,553,4
28455,554,5
28456,555,6
28457,556,7
28458,557,8
28459,558,9
28460,559,10
28461,560,1
28462,561,2
28463,562,3
28464,563,4
28465,564,5
28466,565,6
28467,566,7
28468,567,8
28469,568,9
28470,569,10
28471,570,1
28472,571,2
28473,572,3
28474,573,4
28475,574,5
28476,575,6
28477,576,7
28478,577,8
28479,578,9
28480,579,10
28481,580,1
28482,581,2
28483,582,3
28484,583,4
28485,584,5
28486,585,6
28487,586,7
28488,587,8
28489,588,9
28490,589,10
28491,590,1
28492,591,2
28493,592,3
28494,593,4
28495,594,5
28496,595,6
28497,596,7
28498,597,8
28499,598,9
28500,599,10
28501,600,1
28502,601,2
28503,602,3
28504,603,4
28505,604,5
28506,605,6
28507,606,7
28508,607,8
28509,608,9
28510,609,10
28511,610,1
28512,611,2
28513,612,3
28514,613,4
28515,614,5
28516,615,6
28517,616,7
28518,617,8
28519,618,9
28520,619,10
28521,620,1
28522,621,2
28523,622,3
28524,623,4
28525,624,5
28526,625,6
28527,626,7
28528,627,8
28529,628,9
28530,629,10
28531,630,1
28532,631,2
28533,632,3
28534,633,4
28535,634,5
28536,635,6
28537,636,7
28538,637,8
28539,638,9
28540,639,10
28541,640,1
28542,641,2
28543,642,3
28544,643,4
28545,644,5
28546,645,6
28547,646,7
28548,647,8
28549,648,9
28550,649,10
28551,650,1
28552,651,2
28553,652,3
28554,653,4
28555,654,5
28556,655,6
28557,656,7
28558,657,8
28559,658,9
28560,659,10
28561,660,1
28562,661,2
28563,662,3
28564,663,4
28565,664,5
28566,665,6
28567,666,7
28568,667,8
28569,668,9
28570,669,10
28571,670,1
28572,671,2
28573,672,3
28574,673,4
28575,674,5
28576,675,6
28577,676,7
28578,677,8
28579,678,9
28580,679,10
28581,680,1
28582,681,2
28583,682,3
28584,683,4
28585,684,5
28586,685,6
28587,686,7
28588,687,8
28589,688,9
28590,689,10
28591,690,1
28592,691,2
28593,692,3
28594,693,4
28595,694,5
28596,695,6
28597,696,7
28598,697,8
28599,698,9
28600,699,10
28601,700,1
28602,701,2
28603,702,3
28604,703,4
28605,704,5
28606,705,6
28607,706,7
28608,707,8
28609,708,9
28610,709,10
28611,710,1
28612,711,2
28613,712,3
28614,713,4
28615,714,5
28616,715,6
28617,716,7
28618,717,8
28619,718,9
28620,719,10
28621,720,1
28622,721,2
28623,722,3
28624,723,4
28625,724,5
28626,725,6
28627,726,7
28628,727,8
28629,728,9
28630,729,10
28631,730,1
28632,731,2
28633,732,3
28634,733,4
28635,734,5
28636,735,6
28637,736,7
28638,737,8
28639,738,9
28640,739,10
28641,740,1
28642,741,2
28643,742,3
28644,743,4
28645,744,5
28646,745,6
28647,746,7
28648,747,8
28649,748,9
28650,749,10
28651,750,1
28652,751,2
28653,752,3
28654,753,4
28655,754,5
28656,755,6
28657,756,7
28658,757,8
28659,758,9
28660,759,10
28661,760,1
28662,761,2
28663,762,3
28664,763,4
28665,764,5
28666,765,6
28667,766,7
28668,767,8
28669,768,9
28670,769,10
28671,770,1
28672,771,2
28673,772,3
28674,773,4
28675,774,5
28676,775,6
28677,776,7
28678,777,8
28679,778,9
28680,779,10
28681,780,1
28682,781,2
28683,782,3
28684,783,4
28685,784,5
28686,785,6
28687,786,7
28688,787,8
28689,788,9
28690,789,10
28691,790,1
28692,791,2
28693,792,3
28694,793,4
28695,794,5
28696,795,6
28697,796,7
28698,797,8
28699,798,9
28700,799,10
28701,800,1
28702,801,2
28703,802,3
28704,803,4
28705,804,5
28706,805,6
28707,806,7
28708,807,8
28709,808,9
28710,809,10
28711,810,1
28712,811,2
28713,812,3
28714,813,4
28715,814,5
28716,815,6
28717,816,7
28718,817,8
28719,818,9
28720,819,10
28721,820,1
28722,821,2
28723,822,3
28724,823,4
28725,824,5
28726,825,6
28727,826,7
28728,827,8
28729,828,9
28730,829,10
28731,830,1
28732,831,2
28733,832,3
28734,833,4
28735,834,5
28736,835,6
28737,836,7
28738,837,8
28739,838,9
28740,839,10
28741,840,1
28742,841,2
28743,842,3
28744,843,4
28745,844,5
28746,845,6
28747,846,7
28748,847,8
28749,848,9
28750,849,10
28751,850,1
28752,851,2
28753,852,3
28754,853,4
28755,854,5
28756,855,6
28757,856,7
28758,857,8
28759,858,9
28760,859,10
28761,860,1
28762,861,2
28763,862,3
28764,863,4
28765,864,5
28766,865,6
28767,866,7
28768,867,8
28769,868,9
28770,869,10
28771,870,1
28772,871,2
28773,872,3
28774,873,4
28775,874,5
28776,875,6
28777,876,7
28778,877,8
28779,878,9
28780,879,10
28781,880,1
28782,881,2
28783,882,3
28784,883,4
28785,884,5
28786,885,6
28787,886,7
28788,887,8
28789,888,9
28790,889,10
28791,890,1
28792,891,2
28793,892,3
28794,893,4
28795,894,5
28796,895,6
28797,896,7
28798,897,8
28799,898,9
28800,899,10
28801,900,1
28802,901,2
28803,902,3
28804,903,4
28805,904,5
28806,905,6
28807,906,7
28808,907,8
28809,908,9
28810,909,10
28811,910,1
28812,911,2
28813,912,3
28814,913,4
28815,914,5
28816,915,6
28817,916,7
28818,917,8
28819,918,9
28820,919,10
28821,920,1
28822,921,2
28823,922,3
28824,923,4
28825,924,5
28826,925,6
28827,926,7
28828,927,8
28829,928,9
28830,929,10
28831,930,1
28832,931,2
28833,932,3
28834,933,4
28835,934,5
28836,935,6
28837,936,7
28838,937,8
28839,938,9
28840,939,10
28841,940,1
28842,941,2
28843,942,3
28844,943,4
28845,944,5
28846,945,6
28847,946,7
28848,947,8
28849,948,9
28850,949,10
28851,950,1
28852,951,2
28853,952,3
28854,953,4
28855,954,5
28856,955,6
28857,956,7
28858,957,8
28859,958,9
28860,959,10
28861,960,1
28862,961,2
28863,962,3
28864,963,4
28865,964,5
28866,965,6
28867,966,7
28868,967,8
28869,968,9
28870,969,10
28871,970,1
28872,971,2
28873,972,3
28874,973,4
28875,974,5
28876,975,6
28877,976,7
28878,977,8
28879,978,9
28880,979,10
28881,980,1
28882,981,2
28883,982,3
28884,983,4
28885,984,5
28886,985,6
28887,986,7
28888,987,8
28889,988,9
28890,989,10
28891,990,1
28892,991,2
28893,992,3
28894,993,4
28895,994,5
28896,995,6
28897,996,7
28898,997,8
28899,998,9
28900,999,10
28901,1000,1
28902,1001,2
28903,1002,3
28904,1003,4
28905,1004,5
28906,1005,6
28907,1006,7
28908,1007,8
28909,1008,9
28910,1009,10
28911,1010,1
28912,1011,2
28913,1012,3
28914,1013,4
28915,1014,5
28916,1015,6
28917,1016,7
28918,1017,8
28919,1018,9
28920,1019,10
28921,1020,1
28922,1021,2
28923,1022,3
28924,1023,4
28925,1024,5
28926,1025,6
28927,1026,7
28928,1027,8
28929,1028,9
28930,1029,10
28931,1030,1
28932,1031,2
28933,1032,3
28934,1033,4
28935,1034,5
28936,1035,6
28937,1036,7
28938,1037,8
28939,1038,9
28940,1039,10
28941,1040,1
28942,1041,2
28943,1042,3
28944,1043,4
28945,1044,5
28946,1045,6
28947,1046,7
28948,1047,8
28949,1048,9
28950,1049,10
28951,1050,1
28952,1051,2
28953,1052,3
28954,1053,4
28955,1054,5
28956,1055,6
28957,1056,7
28958,1057,8
28959,1058,9
28960,1059,10
28961,1060,1
28962,1061,2
28963,1062,3
28964,1063,4
28965,1064,5
28966,1065,6
28967,1066,7
28968,1067,8
28969,1068,9
28970,1069,10
28971,1070,1
28972,1071,2
28973,1072,3
28974,1073,4
28975,1074,5
28976,1075,6
28977,1076,7
28978,1077,8
28979,1078,9
28980,1079,10
28981,1080,1
28982,1081,2
28983,1082,3
28984,1083,4
28985,1084,5
28986,1085,6
28987,1086,7
28988,1087,8
28989,1088,9
28990,1089,10
28991,1090,1
28992,1091,2
28993,1092,3
28994,1093,4
28995,1094,5
28996,1095,6
28997,1096,7
28998,1097,8
28999,1098,9
29000,1099,10
29001,100,1
29002,101,2
29003,102,3
29004,103,4
29005,104,5
29006,105,6
29007,106,7
29008,107,8
29009,108,9
29010,109,10
29011,110,1
29012,111,2
29013,112,3
29014,113,4
29015,114,5
29016,115,6
29017,116,7
29018,117,8
29019,118,9
29020,119,10
29021,120,1
29022,121,2
29023,122,3
29024,123,4
29025,124,5
29026,125,6
29027,126,7
29028,127,8
29029,128,9
29030,129,10
29031,130,1
29032,131,2
29033,132,3
29034,133,4
29035,134,5
29036,135,6
29037,136,7
29038,137,8
29039,138,9
29040,139,10
29041,140,1
29042,141,2
29043,142,3
29044,143,4
29045,144,5
29046,145,6
29047,146,7
29048,147,8
29049,148,9
29050,149,10
29051,150,1
29052,151,2
29053,152,3
29054,153,4
29055,154,5
29056,155,6
29057,156,7
29058,157,8
29059,158,9
29060,159,10
29061,160,1
29062,161,2
29063,162,3
29064,163,4
29065,164,5
29066,165,6
29067,166,7
29068,167,8
29069,168,9
29070,169,10
29071,170,1
29072,171,2
29073,172,3
29074,173,4
29075,174,5
29076,175,6
29077,176,7
29078,177,8
29079,178,9
29080,179,10
29081,180,1
29082,181,2
29083,182,3
29084,183,4
29085,184,5
29086,185,6
29087,186,7
29088,187,8
29089,188,9
29090,189,10
29091,190,1
29092,191,2
29093,192,3
29094,193,4
29095,194,5
29096,195,6
29097,196,7
29098,197,8
29099,198,9
29100,199,10
29101,200,1
29102,201,2
29103,202,3
29104,203,4
29105,204,5
29106,205,6
29107,206,7
29108,207,8
29109,208,9
29110,209,10
29111,210,1
29112,211,2
29113,212,3
29114,213,4
29115,214,5
29116,215,6
29117,216,7
29118,217,8
29119,218,9
29120,219,10
29121,220,1
29122,221,2
29123,222,3
29124,223,4
29125,224,5
29126,225,6
29127,226,7
29128,227,8
29129,228,9
29130,229,10
29131,230,1
29132,231,2
29133,232,3
29134,233,4
29135,234,5
29136,235,6
29137,236,7
29138,237,8
29139,238,9
29140,239,10
29141,240,1
29142,241,2
29143,242,3
29144,243,4
29145,244,5
29146,245,6
29147,246,7
29148,247,8
29149,248,9
29150,249,10
29151,250,1
29152,251,2
29153,252,3
29154,253,4
29155,254,5
29156,255,6
29157,256,7
29158,257,8
29159,258,9
29160,259,10
29161,260,1
29162,261,2
29163,262,3
29164,263,4
29165,264,5
29166,265,6
29167,266,7
29168,267,8
29169,268,9
29170,269,10
29171,270,1
29172,271,2
29173,272,3
29174,273,4
29175,274,5
29176,275,6
29177,276,7
29178,277,8
29179,278,9
29180,279,10
29181,280,1
29182,281,2
29183,282,3
29184,283,4
29185,284,5
29186,285,6
29187,286,7
29188,287,8
29189,288,9
29190,289,10
29191,290,1
29192,291,2
29193,292,3
29194,293,4
29195,294,5
29196,295,6
29197,296,7
29198,297,8
29199,298,9
29200,299,10
29201,300,1
29202,301,2
29203,302,3
29204,303,4
29205,304,5
29206,305,6
29207,306,7
29208,307,8
29209,308,9
29210,309,10
29211,310,1
29212,311,2
29213,312,3
29214,313,4
29215,314,5
29216,315,6
29217,316,7
29218,317,8
29219,318,9
29220,319,10
29221,320,1
29222,321,2
29223,322,3
29224,323,4
29225,324,5
29226,325,6
29227,326,7
29228,327,8
29229,328,9
29230,329,10
29231,330,1
29232,331,2
29233,332,3
29234,333,4
29235,334,5
29236,335,6
29237,336,7
29238,337,8
29239,338,9
29240,339,10
29241,340,1
29242,341,2
29243,342,3
29244,343,4
29245,344,5
29246,345,6
29247,346,7
29248,347,8
29249,348,9
29250,349,10
29251,350,1
29252,351,2
29253,352,3
29254,353,4
29255,354,5
29256,355,6
29257,356,7
29258,357,8
29259,358,9
29260,359,10
29261,360,1
29262,361,2
29263,362,3
29264,363,4
29265,364,5
29266,365,6
29267,366,7
29268,367,8
29269,368,9
29270,369,10
29271,370,1
29272,371,2
29273,372,3
29274,373,4
29275,374,5
29276,375,6
29277,376,7
29278,377,8
29279,378,9
29280,379,10
29281,380,1
29282,381,2
29283,382,3
29284,383,4
29285,384,5
29286,385,6
29287,386,7
29288,387,8
29289,388,9
29290,389,10
29291,390,1
29292,391,2
29293,392,3
29294,393,4
29295,394,5
29296,395,6
29297,396,7
29298,397,8
29299,398,9
29300,399,10
29301,400,1
29302,401,2
29303,402,3
29304,403,4
29305,404,5
29306,405,6
29307,406,7
29308,407,8
29309,408,9
29310,409,10
29311,410,1
29312,411,2
29313,412,3
29314,413,4
29315,414,5
29316,415,6
29317,416,7
29318,417,8
29319,418,9
29320,419,10
29321,420,1
29322,421,2
29323,422,3
29324,423,4
29325,424,5
29326,425,6
29327,426,7
29328,427,8
29329,428,9
29330,429,10
29331,430,1
29332,431,2
29333,432,3
29334,433,4
29335,434,5
29336,435,6
29337,436,7
29338,437,8
29339,438,9
29340,439,10
29341,440,1
29342,441,2
29343,442,3
29344,443,4
29345,444,5
29346,445,6
29347,446,7
29348,447,8
29349,448,9
29350,449,10
29351,450,1
29352,451,2
29353,452,3
29354,453,4
29355,454,5
29356,455,6
29357,456,7
29358,457,8
29359,458,9
29360,459,10
29361,460,1
29362,461,2
29363,462,3
29364,463,4
29365,464,5
29366,465,6
29367,466,7
29368,467,8
29369,468,9
29370,469,10
29371,470,1
29372,471,2
29373,472,3
29374,473,4
29375,474,5
29376,475,6
29377,476,7
29378,477,8
29379,478,9
29380,479,10
29381,480,1
29382,481,2
29383,482,3
29384,483,4
29385,484,5
29386,485,6
29387,486,7
29388,487,8
29389,488,9
29390,489,10
29391,490,1
29392,491,2
29393,492,3
29394,493,4
29395,494,5
29396,495,6
29397,496,7
29398,497,8
29399,498,9
29400,499,10
29401,500,1
29402,501,2
29403,502,3
29404,503,4
29405,504,5
29406,505,6
29407,506,7
29408,507,8
29409,508,9
29410,509,10
29411,510,1
29412,511,2
29413,512,3
29414,513,4
29415,514,5
29416,515,6
29417,516,7
29418,517,8
29419,518,9
29420,519,10
29421,520,1
29422,521,2
29423,522,3
29424,523,4
29425,524,5
29426,525,6
29427,526,7
29428,527,8
29429,528,9
29430,529,10
29431,530,1
29432,531,2
29433,532,3
29434,533,4
29435,534,5
29436,535,6
29437,536,7
29438,537,8
29439,538,9
29440,539,10
29441,540,1
29442,541,2
29443,542,3
29444,543,4
29445,544,5
29446,545,6
29447,546,7
29448,547,8
29449,548,9
29450,549,10
29451,550,1
29452,551,2
29453,552,3
29454,553,4
29455,554,5
29456,555,6
29457,556,7
29458,557,8
29459,558,9
29460,559,10
29461,560,1
29462,561,2
29463,562,3
29464,563,4
29465,564,5
29466,565,6
29467,566,7
29468,567,8
29469,568,9
29470,569,10
29471,570,1
29472,571,2
29473,572,3
29474,573,4
29475,574,5
29476,575,6
29477,576,7
29478,577,8
29479,578,9
29480,579,10
29481,580,1
29482,581,2
29483,582,3
29484,583,4
29485,584,5
29486,585,6
29487,586,7
29488,587,8
29489,588,9
29490,589,10
29491,590,1
29492,591,2
29493,592,3
29494,593,4
29495,594,5
29496,595,6
29497,596,7
29498,597,8
29499,598,9
29500,599,10
29501,600,1
29502,601,2
29503,602,3
29504,603,4
29505,604,5
29506,605,6
29507,606,7
29508,607,8
29509,608,9
29510,609,10
29511,610,1
29512,611,2
29513,612,3
29514,613,4
29515,614,5
29516,615,6
29517,616,7
29518,617,8
29519,618,9
29520,619,10
29521,620,1
29522,621,2
29523,622,3
29524,623,4
29525,624,5
29526,625,6
29527,626,7
29528,627,8
29529,628,9
29530,629,10
29531,630,1
29532,631,2
29533,632,3
29534,633,4
29535,634,5
29536,635,6
29537,636,7
29538,637,8
29539,638,9
29540,639,10
29541,640,1
29542,641,2
29543,642,3
29544,643,4
29545,644,5
29546,645,6
29547,646,7
29548,647,8
29549,648,9
29550,649,10
29551,650,1
29552,651,2
29553,652,3
29554,653,4
29555,654,5
29556,655,6
29557,656,7
29558,657,8
29559,658,9
29560,659,10
29561,660,1
29562,661,2
29563,662,3
29564,663,4
29565,664,5
29566,665,6
29567,666,7
29568,667,8
29569,668,9
29570,669,10
29571,670,1
29572,671,2
29573,672,3
29574,673,4
29575,674,5
29576,675,6
29577,676,7
29578,677,8
29579,678,9
29580,679,10
29581,680,1
29582,681,2
29583,682,3
29584,683,4
29585,684,5
29586,685,6
29587,686,7
29588,687,8
29589,688,9
29590,689,10
29591,690,1
29592,691,2
29593,692,3
29594,693,4
29595,694,5
29596,695,6
29597,696,7
29598,697,8
29599,698,9
29600,699,10
29601,700,1
29602,701,2
29603,702,3
29604,703,4
29605,704,5
29606,705,6
29607,706,7
29608,707,8
29609,708,9
29610,709,10
29611,710,1
29612,711,2
29613,712,3
29614,713,4
29615,714,5
29616,715,6
29617,716,7
29618,717,8
29619,718,9
29620,719,10
29621,720,1
29622,721,2
29623,722,3
29624,723,4
29625,724,5
29626,725,6
29627,726,7
29628,727,8
29629,728,9
29630,729,10
29631,730,1
29632,731,2
29633,732,3
29634,733,4
29635,734,5
29636,735,6
29637,736,7
29638,737,8
29639,738,9
29640,739,10
29641,740,1
29642,741,2
29643,742,3
29644,743,4
29645,744,5
29646,745,6
29647,746,7
29648,747,8
29649,748,9
29650,749,10
29651,750,1
29652,751,2
29653,752,3
29654,753,4
29655,754,5
29656,755,6
29657,756,7
29658,757,8
29659,758,9
29660,759,10
29661,760,1
29662,761,2
29663,762,3
29664,763,4
29665,764,5
29666,765,6
29667,766,7
29668,767,8
29669,768,9
29670,769,10
29671,770,1
29672,771,2
29673,772,3
29674,773,4
29675,774,5
29676,775,6
29677,776,7
29678,777,8
29679,778,9
29680,779,10
29681,780,1
29682,781,2
29683,782,3
29684,783,4
29685,784,5
29686,785,6
29687,786,7
29688,787,8
29689,788,9
29690,789,10
29691,790,1
29692,791,2
29693,792,3
29694,793,4
29695,794,5
29696,795,6
29697,796,7
29698,797,8
29699,798,9
29700,799,10
29701,800,1
29702,801,2
29703,802,3
29704,803,4
29705,804,5
29706,805,6
29707,806,7
29708,807,8
29709,808,9
29710,809,10
29711,810,1
29712,811,2
29713,812,3
29714,813,4
29715,814,5
29716,815,6
29717,816,7
29718,817,8
29719,818,9
29720,819,10
29721,820,1
29722,821,2
29723,822,3
29724,823,4
29725,824,5
29726,825,6
29727,826,7
29728,827,8
29729,828,9
29730,829,10
29731,830,1
29732,831,2
29733,832,3
29734,833,4
29735,834,5
29736,835,6
29737,836,7
29738,837,8
29739,838,9
29740,839,10
29741,840,1
29742,841,2
29743,842,3
29744,843,4
29745,844,5
29746,845,6
29747,846,7
29748,847,8
29749,848,9
29750,849,10
29751,850,1
29752,851,2
29753,852,3
29754,853,4
29755,854,5
29756,855,6
29757,856,7
29758,857,8
29759,858,9
29760,859,10
29761,860,1
29762,861,2
29763,862,3
29764,863,4
29765,864,5
29766,865,6
29767,866,7
29768,867,8
29769,868,9
29770,869,10
29771,870,1
29772,871,2
29773,872,3
29774,873,4
29775,874,5
29776,875,6
29777,876,7
29778,877,8
29779,878,9
29780,879,10
29781,880,1
29782,881,2
29783,882,3
29784,883,4
29785,884,5
29786,885,6
29787,886,7
29788,887,8
29789,888,9
29790,889,10
29791,890,1
29792,891,2
29793,892,3
29794,893,4
29795,894,5
29796,895,6
29797,896,7
29798,897,8
29799,898,9
29800,899,10
29801,900,1
29802,901,2
29803,902,3
29804,903,4
29805,904,5
29806,905,6
29807,906,7
29808,907,8
29809,908,9
29810,909,10
29811,910,1
29812,911,2
29813,912,3
29814,913,4
29815,914,5
29816,915,6
29817,916,7
29818,917,8
29819,918,9
29820,919,10
29821,920,1
29822,921,2
29823,922,3
29824,923,4
29825,924,5
29826,925,6
29827,926,7
29828,927,8
29829,928,9
29830,929,10
29831,930,1
29832,931,2
29833,932,3
29834,933,4
29835,934,5
29836,935,6
29837,936,7
29838,937,8
29839,938,9
29840,939,10
29841,940,1
29842,941,2
29843,942,3
29844,943,4
29845,944,5
29846,945,6
29847,946,7
29848,947,8
29849,948,9
29850,949,10
29851,950,1
29852,951,2
29853,952,3
29854,953,4
29855,954,5
29856,955,6
29857,956,7
29858,957,8
29859,958,9
29860,959,10
29861,960,1
29862,961,2
29863,962,3
29864,963,4
29865,964,5
29866,965,6
29867,966,7
29868,967,8
29869,968,9
29870,969,10
29871,970,1
29872,971,2
29873,972,3
29874,973,4
29875,974,5
29876,975,6
29877,976,7
29878,977,8
29879,978,9
29880,979,10
29881,980,1
29882,981,2
29883,982,3
29884,983,4
29885,984,5
29886,985,6
29887,986,7
29888,987,8
29889,988,9
29890,989,10
29891,990,1
29892,991,2
29893,992,3
29894,993,4
29895,994,5
29896,995,6
29897,996,7
29898,997,8
29899,998,9
29900,999,10
29901,1000,1
29902,1001,2
29903,1002,3
29904,1003,4
29905,1004,5
29906,1005,6
29907,1006,7
29908,1007,8
29909,1008,9
29910,1009,10
29911,1010,1
29912,1011,2
29913,1012,3
29914,1013,4
29915,1014,5
29916,1015,6
29917,1016,7
29918,1017,8
29919,1018,9
29920,1019,10
29921,1020,1
29922,1021,2
29923,1022,3
29924,1023,4
29925,1024,5
29926,1025,6
29927,1026,7
29928,1027,8
29929,1028,9
29930,1029,10
29931,1030,1
29932,1031,2
29933,1032,3
29934,1033,4
29935,1034,5
29936,1035,6
29937,1036,7
29938,1037,8
29939,1038,9
29940,1039,10
29941,1040,1
29942,1041,2
29943,1042,3
29944,1043,4
29945,1044,5
29946,1045,6
29947,1046,7
29948,1047,8
29949,1048,9
29950,1049,10
29951,1050,1
29952,1051,2
29953,1052,3
29954,1053,4
29955,1054,5
29956,1055,6
29957,1056,7
29958,1057,8
29959,1058,9
29960,1059,10
29961,1060,1
29962,1061,2
29963,1062,3
29964,1063,4
29965,1064,5
29966,1065,6
29967,1066,7
29968,1067,8
29969,1068,9
29970,1069,10
29971,1070,1
29972,1071,2
29973,1072,3
29974,1073,4
29975,1074,5
29976,1075,6
29977,1076,7
29978,1077,8
29979,1078,9
29980,1079,10
29981,1080,1
29982,1081,2
29983,1082,3
29984,1083,4
29985,1084,5
29986,1085,6
29987,1086,7
29988,1087,8
29989,1088,9
29990,1089,10
29991,1090,1
29992,1091,2
29993,1092,3
29994,1093,4
29995,1094,5
29996,1095,6
29997,1096,7
29998,1097,8
29999,1098,9
30000,1099,10
30001,100,1
30002,101,2
30003,102,3
30004,103,4
30005,104,5
30006,105,6
30007,106,7
30008,107,8
30009,108,9
30010,109,10
30011,110,1
30012,111,2
30013,112,3
30014,113,4
30015,114,5
30016,115,6
30017,116,7
30018,117,8
30019,118,9
30020,119,10
30021,120,1
30022,121,2
30023,122,3
30024,123,4
30025,124,5
30026,125,6
30027,126,7
30028,127,8
30029,128,9
30030,129,10
30031,130,1
30032,131,2
30033,132,3
30034,133,4
30035,134,5
30036,135,6
30037,136,7
30038,137,8
30039,138,9
30040,139,10
30041,140,1
30042,141,2
30043,142,3
30044,143,4
30045,144,5
30046,145,6
30047,146,7
30048,147,8
30049,148,9
30050,149,10
30051,150,1
30052,151,2
30053,152,3
30054,153,4
30055,154,5
30056,155,6
30057,156,7
30058,157,8
30059,158,9
30060,159,10
30061,160,1
30062,161,2
30063,162,3
30064,163,4
30065,164,5
30066,165,6
30067,166,7
30068,167,8
30069,168,9
30070,169,10
30071,170,1
30072,171,2
30073,172,3
30074,173,4
30075,174,5
30076,175,6
30077,176,7
30078,177,8
30079,178,9
30080,179,10
30081,180,1
30082,181,2
30083,182,3
30084,183,4
30085,184,5
30086,185,6
30087,186,7
30088,187,8
30089,188,9
30090,189,10
30091,190,1
30092,191,2
30093,192,3
30094,193,4
30095,194,5
30096,195,6
30097,196,7
30098,197,8
30099,198,9
30100,199,10
30101,200,1
30102,201,2
30103,202,3
30104,203,4
30105,204,5
30106,205,6
30107,206,7
30108,207,8
30109,208,9
30110,209,10
30111,210,1
30112,211,2
30113,212,3
30114,213,4
30115,214,5
30116,215,6
30117,216,7
30118,217,8
30119,218,9
30120,219,10
30121,220,1
30122,221,2
30123,222,3
30124,223,4
30125,224,5
30126,225,6
30127,226,7
30128,227,8
30129,228,9
30130,229,10
30131,230,1
30132,231,2
30133,232,3
30134,233,4
30135,234,5
30136,235,6
30137,236,7
30138,237,8
30139,238,9
30140,239,10
30141,240,1
30142,241,2
30143,242,3
30144,243,4
30145,244,5
30146,245,6
30147,246,7
30148,247,8
30149,248,9
30150,249,10
30151,250,1
30152,251,2
30153,252,3
30154,253,4
30155,254,5
30156,255,6
30157,256,7
30158,257,8
30159,258,9
30160,259,10
30161,260,1
30162,261,2
30163,262,3
30164,263,4
30165,264,5
30166,265,6
30167,266,7
30168,267,8
30169,268,9
30170,269,10
30171,270,1
30172,271,2
30173,272,3
30174,273,4
30175,274,5
30176,275,6
30177,276,7
30178,277,8
30179,278,9
30180,279,10
30181,280,1
30182,281,2
30183,282,3
30184,283,4
30185,284,5
30186,285,6
30187,286,7
30188,287,8
30189,288,9
30190,289,10
30191,290,1
30192,291,2
30193,292,3
30194,293,4
30195,294,5
30196,295,6
30197,296,7
30198,297,8
30199,298,9
30200,299,10
30201,300,1
30202,301,2
30203,302,3
30204,303,4
30205,304,5
30206,305,6
30207,306,7
30208,307,8
30209,308,9
30210,309,10
30211,310,1
30212,311,2
30213,312,3
30214,313,4
30215,314,5
30216,315,6
30217,316,7
30218,317,8
30219,318,9
30220,319,10
30221,320,1
30222,321,2
30223,322,3
30224,323,4
30225,324,5
30226,325,6
30227,326,7
30228,327,8
30229,328,9
30230,329,10
30231,330,1
30232,331,2
30233,332,3
30234,333,4
30235,334,5
30236,335,6
30237,336,7
30238,337,8
30239,338,9
30240,339,10
30241,340,1
30242,341,2
30243,342,3
30244,343,4
30245,344,5
30246,345,6
30247,346,7
30248,347,8
30249,348,9
30250,349,10
30251,350,1
30252,351,2
30253,352,3
30254,353,4
30255,354,5
30256,355,6
30257,356,7
30258,357,8
30259,358,9
30260,359,10
30261,360,1
30262,361,2
30263,362,3
30264,363,4
30265,364,5
30266,365,6
30267,366,7
30268,367,8
30269,368,9
30270,369,10
30271,370,1
30272,371,2
30273,372,3
30274,373,4
30275,374,5
30276,375,6
30277,376,7
30278,377,8
30279,378,9
30280,379,10
30281,380,1
30282,381,2
30283,382,3
30284,383,4
30285,384,5
30286,385,6
30287,386,7
30288,387,8
30289,388,9
30290,389,10
30291,390,1
30292,391,2
30293,392,3
30294,393,4
30295,394,5
30296,395,6
30297,396,7
30298,397,8
30299,398,9
30300,399,10
30301,400,1
30302,401,2
30303,402,3
30304,403,4
30305,404,5
30306,405,6
30307,406,7
30308,407,8
30309,408,9
30310,409,10
30311,410,1
30312,411,2
30313,412,3
30314,413,4
30315,414,5
30316,415,6
30317,416,7
30318,417,8
30319,418,9
30320,419,10
30321,420,1
30322,421,2
30323,422,3
30324,423,4
30325,424,5
30326,425,6
30327,426,7
30328,427,8
30329,428,9
30330,429,10
30331,430,1
30332,431,2
30333,432,3
30334,433,4
30335,434,5
30336,435,6
30337,436,7
30338,437,8
30339,438,9
30340,439,10
30341,440,1
30342,441,2
30343,442,3
30344,443,4
30345,444,5
30346,445,6
30347,446,7
30348,447,8
30349,448,9
30350,449,10
30351,450,1
30352,451,2
30353,452,3
30354,453,4
30355,454,5
30356,455,6
30357,456,7
30358,457,8
30359,458,9
30360,459,10
30361,460,1
30362,461,2
30363,462,3
30364,463,4
30365,464,5
30366,465,6
30367,466,7
30368,467,8
30369,468,9
30370,469,10
30371,470,1
30372,471,2
30373,472,3
30374,473,4
30375,474,5
30376,475,6
30377,476,7
30378,477,8
30379,478,9
30380,479,10
30381,480,1
30382,481,2
30383,482,3
30384,483,4
30385,484,5
30386,485,6
30387,486,7
30388,487,8
30389,488,9
30390,489,10
30391,490,1
30392,491,2
30393,492,3
30394,493,4
30395,494,5
30396,495,6
30397,496,7
30398,497,8
30399,498,9
30400,499,10
30401,500,1
30402,501,2
30403,502,3
30404,503,4
30405,504,5
30406,505,6
30407,506,7
30408,507,8
30409,508,9
30410,509,10
30411,510,1
30412,511,2
30413,512,3
30414,513,4
30415,514,5
30416,515,6
30417,516,7
30418,517,8
30419,518,9
30420,519,10
30421,520,1
30422,521,2
30423,522,3
30424,523,4
30425,524,5
30426,525,6
30427,526,7
30428,527,8
30429,528,9
30430,529,10
30431,530,1
30432,531,2
30433,532,3
30434,533,4
30435,534,5
30436,535,6
30437,536,7
30438,537,8
30439,538,9
30440,539,10
30441,540,1
30442,541,2
30443,542,3
30444,543,4
30445,544,5
30446,545,6
30447,546,7
30448,547,8
30449,548,9
30450,549,10
30451,550,1
30452,551,2
30453,552,3
30454,553,4
30455,554,5
30456,555,6
30457,556,7
30458,557,8
30459,558,9
30460,559,10
30461,560,1
30462,561,2
30463,562,3
30464,563,4
30465,564,5
30466,565,6
30467,566,7
30468,567,8
30469,568,9
30470,569,10
30471,570,1
30472,571,2
30473,572,3
30474,573,4
30475,574,5
30476,575,6
30477,576,7
30478,577,8
30479,578,9
30480,579,10
30481,580,1
30482,581,2
30483,582,3
30484,583,4
30485,584,5
30486,585,6
30487,586,7
30488,587,8
30489,588,9
30490,589,10
30491,590,1
30492,591,2
30493,592,3
30494,593,4
30495,594,5
30496,595,6
30497,596,7
30498,597,8
30499,598,9
30500,599,10
30501,600,1
30502,601,2
30503,602,3
30504,603,4
30505,604,5
30506,605,6
30507,606,7
30508,607,8
30509,608,9
30510,609,10
30511,610,1
30512,611,2
30513,612,3
30514,613,4
30515,614,5
30516,615,6
30517,616,7
30518,617,8
30519,618,9
30520,619,10
30521,620,1
30522,621,2
30523,622,3
30524,623,4
30525,624,5
30526,625,6
30527,626,7
30528,627,8
30529,628,9
30530,629,10
30531,630,1
30532,631,2
30533,632,3
30534,633,4
30535,634,5
30536,635,6
30537,636,7
30538,637,8
30539,638,9
30540,639,10
30541,640,1
30542,641,2
30543,642,3
30544,643,4
30545,644,5
30546,645,6
30547,646,7
30548,647,8
30549,648,9
30550,649,10
30551,650,1
30552,651,2
30553,652,3
30554,653,4
30555,654,5
30556,655,6
30557,656,7
30558,657,8
30559,658,9
30560,659,10
30561,660,1
30562,661,2
30563,662,3
30564,663,4
30565,664,5
30566,665,6
30567,666,7
30568,667,8
30569,668,9
30570,669,10
30571,670,1
30572,671,2
30573,672,3
30574,673,4
30575,674,5
30576,675,6
30577,676,7
30578,677,8
30579,678,9
30580,679,10
30581,680,1
30582,681,2
30583,682,3
30584,683,4
30585,684,5
30586,685,6
30587,686,7
30588,687,8
30589,688,9
30590,689,10
30591,690,1
30592,691,2
30593,692,3
30594,693,4
30595,694,5
30596,695,6
30597,696,7
30598,697,8
30599,698,9
30600,699,10
30601,700,1
30602,701,2
30603,702,3
30604,703,4
30605,704,5
30606,705,6
30607,706,7
30608,707,8
30609,708,9
30610,709,10
30611,710,1
30612,711,2
30613,712,3
30614,713,4
30615,714,5
30616,715,6
30617,716,7
30618,717,8
30619,718,9
30620,719,10
30621,720,1
30622,721,2
30623,722,3
30624,723,4
30625,724,5
30626,725,6
30627,726,7
30628,727,8
30629,728,9
30630,729,10
30631,730,1
30632,731,2
30633,732,3
30634,733,4
30635,734,5
30636,735,6
30637,736,7
30638,737,8
30639,738,9
30640,739,10
30641,740,1
30642,741,2
30643,742,3
30644,743,4
30645,744,5
30646,745,6
30647,746,7
30648,747,8
30649,748,9
30650,749,10
30651,750,1
30652,751,2
30653,752,3
30654,753,4
30655,754,5
30656,755,6
30657,756,7
30658,757,8
30659,758,9
30660,759,10
30661,760,1
30662,761,2
30663,762,3
30664,763,4
30665,764,5
30666,765,6
30667,766,7
30668,767,8
30669,768,9
30670,769,10
30671,770,1
30672,771,2
30673,772,3
30674,773,4
30675,774,5
30676,775,6
30677,776,7
30678,777,8
30679,778,9
30680,779,10
30681,780,1
30682,781,2
30683,782,3
30684,783,4
30685,784,5
30686,785,6
30687,786,7
30688,787,8
30689,788,9
30690,789,10
30691,790,1
30692,791,2
30693,792,3
30694,793,4
30695,794,5
30696,795,6
30697,796,7
30698,797,8
30699,798,9
30700,799,10
30701,800,1
30702,801,2
30703,802,3
30704,803,4
30705,804,5
30706,805,6
30707,806,7
30708,807,8
30709,808,9
30710,809,10
30711,810,1
30712,811,2
30713,812,3
30714,813,4
30715,814,5
30716,815,6
30717,816,7
30718,817,8
30719,818,9
30720,819,10
30721,820,1
30722,821,2
30723,822,3
30724,823,4
30725,824,5
30726,825,6
30727,826,7
30728,827,8
30729,828,9
30730,829,10
30731,830,1
30732,831,2
30733,832,3
30734,833,4
30735,834,5
30736,835,6
30737,836,7
30738,837,8
30739,838,9
30740,839,10
30741,840,1
30742,841,2
30743,842,3
30744,843,4
30745,844,5
30746,845,6
30747,846,7
30748,847,8
30749,848,9
30750,849,10
30751,850,1
30752,851,2
30753,852,3
30754,853,4
30755,854,5
30756,855,6
30757,856,7
30758,857,8
30759,858,9
30760,859,10
30761,860,1
30762,861,2
30763,862,3
30764,863,4
30765,864,5
30766,865,6
30767,866,7
30768,867,8
30769,868,9
30770,869,10
30771,870,1
30772,871,2
30773,872,3
30774,873,4
30775,874,5
30776,875,6
30777,876,7
30778,877,8
30779,878,9
30780,879,10
30781,880,1
30782,881,2
30783,882,3
30784,883,4
30785,884,5
30786,885,6
30787,886,7
30788,887,8
30789,888,9
30790,889,10
30791,890,1
30792,891,2
30793,892,3
30794,893,4
30795,894,5
30796,895,6
30797,896,7
30798,897,8
30799,898,9
30800,899,10
30801,900,1
30802,901,2
30803,902,3
30804,903,4
30805,904,5
30806,905,6
30807,906,7
30808,907,8
30809,908,9
30810,909,10
30811,910,1
30812,911,2
30813,912,3
30814,913,4
30815,914,5
30816,915,6
30817,916,7
30818,917,8
30819,918,9
30820,919,10
30821,920,1
30822,921,2
30823,922,3
30824,923,4
30825,924,5
30826,925,6
30827,926,7
30828,927,8
30829,928,9
30830,929,10
30831,930,1
30832,931,2
30833,932,3
30834,933,4
30835,934,5
30836,935,6
30837,936,7
30838,937,8
30839,938,9
30840,939,10
30841,940,1
30842,941,2
30843,942,3
30844,943,4
30845,944,5
30846,945,6
30847,946,7
30848,947,8
30849,948,9
30850,949,10
30851,950,1
30852,951,2
30853,952,3
30854,953,4
30855,954,5
30856,955,6
30857,956,7
30858,957,8
30859,958,9
30860,959,10
30861,960,1
30862,961,2
30863,962,3
30864,963,4
30865,964,5
30866,965,6
30867,966,7
30868,967,8
30869,968,9
30870,969,10
30871,970,1
30872,971,2
30873,972,3
30874,973,4
30875,974,5
30876,975,6
30877,976,7
30878,977,8
30879,978,9
30880,979,10
30881,980,1
30882,981,2
30883,982,3
30884,983,4
30885,984,5
30886,985,6
30887,986,7
30888,987,8
30889,988,9
30890,989,10
30891,990,1
30892,991,2
30893,992,3
30894,993,4
30895,994,5
30896,995,6
30897,996,7
30898,997,8
30899,998,9
30900,999,10
30901,1000,1
30902,1001,2
30903,1002,3
30904,1003,4
30905,1004,5
30906,1005,6
30907,1006,7
30908,1007,8
30909,1008,9
30910,1009,10
30911,1010,1
30912,1011,2
30913,1012,3
30914,1013,4
30915,1014,5
30916,1015,6
30917,1016,7
30918,1017,8
30919,1018,9
30920,1019,10
30921,1020,1
30922,1021,2
30923,1022,3
30924,1023,4
30925,1024,5
30926,1025,6
30927,1026,7
30928,1027,8
30929,1028,9
30930,1029,10
30931,1030,1
30932,1031,2
30933,1032,3
30934,1033,4
30935,1034,5
30936,1035,6
30937,1036,7
30938,1037,8
30939,1038,9
30940,1039,10
30941,1040,1
30942,1041,2
30943,1042,3
30944,1043,4
30945,1044,5
30946,1045,6
30947,1046,7
30948,1047,8
30949,1048,9
30950,1049,10
30951,1050,1
30952,1051,2
30953,1052,3
30954,1053,4
30955,1054,5
30956,1055,6
30957,1056,7
30958,1057,8
30959,1058,9
30960,1059,10
30961,1060,1
30962,1061,2
30963,1062,3
30964,1063,4
30965,1064,5
30966,1065,6
30967,1066,7
30968,1067,8
30969,1068,9
30970,1069,10
30971,1070,1
30972,1071,2
30973,1072,3
30974,1073,4
30975,1074,5
30976,1075,6
30977,1076,7
30978,1077,8
30979,1078,9
30980,1079,10
30981,1080,1
30982,1081,2
30983,1082,3
30984,1083,4
30985,1084,5
30986,1085,6
30987,1086,7
30988,1087,8
30989,1088,9
30990,1089,10
30991,1090,1
30992,1091,2
30993,1092,3
30994,1093,4
30995,1094,5
30996,1095,6
30997,1096,7
30998,1097,8
30999,1098,9
31000,1099,10
31001,100,1
31002,101,2
31003,102,3
31004,103,4
31005,104,5
31006,105,6
31007,106,7
31008,107,8
31009,108,9
31010,109,10
31011,110,1
31012,111,2
31013,112,3
31014,113,4
31015,114,5
31016,115,6
31017,116,7
31018,117,8
31019,118,9
31020,119,10
31021,120,1
31022,121,2
31023,122,3
31024,123,4
31025,124,5
31026,125,6
31027,126,7
31028,127,8
31029,128,9
31030,129,10
31031,130,1
31032,131,2
31033,132,3
31034,133,4
31035,134,5
31036,135,6
31037,136,7
31038,137,8
31039,138,9
31040,139,10
31041,140,1
31042,141,2
31043,142,3
31044,143,4
31045,144,5
31046,145,6
31047,146,7
31048,147,8
31049,148,9
31050,149,10
31051,150,1
31052,151,2
31053,152,3
31054,153,4
31055,154,5
31056,155,6
31057,156,7
31058,157,8
31059,158,9
31060,159,10
31061,160,1
31062,161,2
31063,162,3
31064,163,4
31065,164,5
31066,165,6
31067,166,7
31068,167,8
31069,168,9
31070,169,10
31071,170,1
31072,171,2
31073,172,3
31074,173,4
31075,174,5
31076,175,6
31077,176,7
31078,177,8
31079,178,9
31080,179,10
31081,180,1
31082,181,2
31083,182,3
31084,183,4
31085,184,5
31086,185,6
31087,186,7
31088,187,8
31089,188,9
31090,189,10
31091,190,1
31092,191,2
31093,192,3
31094,193,4
31095,194,5
31096,195,6
31097,196,7
31098,197,8
31099,198,9
31100,199,10
31101,200,1
31102,201,2
31103,202,3
31104,203,4
31105,204,5
31106,205,6
31107,206,7
31108,207,8
31109,208,9
31110,209,10
31111,210,1
31112,211,2
31113,212,3
31114,213,4
31115,214,5
31116,215,6
31117,216,7
31118,217,8
31119,218,9
31120,219,10
31121,220,1
31122,221,2
31123,222,3
31124,223,4
31125,224,5
31126,225,6
31127,226,7
31128,227,8
31129,228,9
31130,229,10
31131,230,1
31132,231,2
31133,232,3
31134,233,4
31135,234,5
31136,235,6
31137,236,7
31138,237,8
31139,238,9
31140,239,10
31141,240,1
31142,241,2
31143,242,3
31144,243,4
31145,244,5
31146,245,6
31147,246,7
31148,247,8
31149,248,9
31150,249,10
31151,250,1
31152,251,2
31153,252,3
31154,253,4
31155,254,5
31156,255,6
31157,256,7
31158,257,8
31159,258,9
31160,259,10
31161,260,1
31162,261,2
31163,262,3
31164,263,4
31165,264,5
31166,265,6
31167,266,7
31168,267,8
31169,268,9
31170,269,10
31171,270,1
31172,271,2
31173,272,3
31174,273,4
31175,274,5
31176,275,6
31177,276,7
31178,277,8
31179,278,9
31180,279,10
31181,280,1
31182,281,2
31183,282,3
31184,283,4
31185,284,5
31186,285,6
31187,286,7
31188,287,8
31189,288,9
31190,289,10
31191,290,1
31192,291,2
31193,292,3
31194,293,4
31195,294,5
31196,295,6
31197,296,7
31198,297,8
31199,298,9
31200,299,10
31201,300,1
31202,301,2
31203,302,3
31204,303,4
31205,304,5
31206,305,6
31207,306,7
31208,307,8
31209,308,9
31210,309,10
31211,310,1
31212,311,2
31213,312,3
31214,313,4
31215,314,5
31216,315,6
31217,316,7
31218,317,8
31219,318,9
31220,319,10
31221,320,1
31222,321,2
31223,322,3
31224,323,4
31225,324,5
31226,325,6
31227,326,7
31228,327,8
31229,328,9
31230,329,10
31231,330,1
31232,331,2
31233,332,3
31234,333,4
31235,334,5
31236,335,6
31237,336,7
31238,337,8
31239,338,9
31240,339,10
31241,340,1
31242,341,2
31243,342,3
31244,343,4
31245,344,5
31246,345,6
31247,346,7
31248,347,8
31249,348,9
31250,349,10
31251,350,1
31252,351,2
31253,352,3
31254,353,4
31255,354,5
31256,355,6
31257,356,7
31258,357,8
31259,358,9
31260,359,10
31261,360,1
31262,361,2
31263,362,3
31264,363,4
31265,364,5
31266,365,6
31267,366,7
31268,367,8
31269,368,9
31270,369,10
31271,370,1
31272,371,2
31273,372,3
31274,373,4
31275,374,5
31276,375,6
31277,376,7
31278,377,8
31279,378,9
31280,379,10
31281,380,1
31282,381,2
31283,382,3
31284,383,4
31285,384,5
31286,385,6
31287,386,7
31288,387,8
31289,388,9
31290,389,10
31291,390,1
31292,391,2
31293,392,3
31294,393,4
31295,394,5
31296,395,6
31297,396,7
31298,397,8
31299,398,9
31300,399,10
31301,400,1
31302,401,2
31303,402,3
31304,403,4
31305,404,5
31306,405,6
31307,406,7
31308,407,8
31309,408,9
31310,409,10
31311,410,1
31312,411,2
31313,412,3
31314,413,4
31315,414,5
31316,415,6
31317,416,7
31318,417,8
31319,418,9
31320,419,10
31321,420,1
31322,421,2
31323,422,3
31324,423,4
31325,424,5
31326,425,6
31327,426,7
31328,427,8
31329,428,9
31330,429,10
31331,430,1
31332,431,2
31333,432,3
31334,433,4
31335,434,5
31336,435,6
31337,436,7
31338,437,8
31339,438,9
31340,439,10
31341,440,1
31342,441,2
31343,442,3
31344,443,4
31345,444,5
31346,445,6
31347,446,7
31348,447,8
31349,448,9
31350,449,10
31351,450,1
31352,451,2
31353,452,3
31354,453,4
31355,454,5
31356,455,6
31357,456,7
31358,457,8
31359,458,9
31360,459,10
31361,460,1
31362,461,2
31363,462,3
31364,463,4
31365,464,5
31366,465,6
31367,466,7
31368,467,8
31369,468,9
31370,469,10
31371,470,1
31372,471,2
31373,472,3
31374,473,4
31375,474,5
31376,475,6
31377,476,7
31378,477,8
31379,478,9
31380,479,10
31381,480,1
31382,481,2
31383,482,3
31384,483,4
31385,484,5
31386,485,6
31387,486,7
31388,487,8
31389,488,9
31390,489,10
31391,490,1
31392,491,2
31393,492,3
31394,493,4
31395,494,5
31396,495,6
31397,496,7
31398,497,8
31399,498,9
31400,499,10
31401,500,1
31402,501,2
31403,502,3
31404,503,4
31405,504,5
31406,505,6
31407,506,7
31408,507,8
31409,508,9
31410,509,10
31411,510,1
31412,511,2
31413,512,3
31414,513,4
31415,514,5
31416,515,6
31417,516,7
31418,517,8
31419,518,9
31420,519,10
31421,520,1
31422,521,2
31423,522,3
31424,523,4
31425,524,5
31426,525,6
31427,526,7
31428,527,8
31429,528,9
31430,529,10
31431,530,1
31432,531,2
31433,532,3
31434,533,4
31435,534,5
31436,535,6
31437,536,7
31438,537,8
31439,538,9
31440,539,10
31441,540,1
31442,541,2
31443,542,3
31444,543,4
31445,544,5
31446,545,6
31447,546,7
31448,547,8
31449,548,9
31450,549,10
31451,550,1
31452,551,2
31453,552,3
31454,553,4
31455,554,5
31456,555,6
31457,556,7
31458,557,8
31459,558,9
31460,559,10
31461,560,1
31462,561,2
31463,562,3
31464,563,4
31465,564,5
31466,565,6
31467,566,7
31468,567,8
31469,568,9
31470,569,10
31471,570,1
31472,571,2
31473,572,3
31474,573,4
31475,574,5
31476,575,6
31477,576,7
31478,577,8
31479,578,9
31480,579,10
31481,580,1
31482,581,2
31483,582,3
31484,583,4
31485,584,5
31486,585,6
31487,586,7
31488,587,8
31489,588,9
31490,589,10
31491,590,1
31492,591,2
31493,592,3
31494,593,4
31495,594,5
31496,595,6
31497,596,7
31498,597,8
31499,598,9
31500,599,10
31501,600,1
31502,601,2
31503,602,3
31504,603,4
31505,604,5
31506,605,6
31507,606,7
31508,607,8
31509,608,9
31510,609,10
31511,610,1
31512,611,2
31513,612,3
31514,613,4
31515,614,5
31516,615,6
31517,616,7
31518,617,8
31519,618,9
31520,619,10
31521,620,1
31522,621,2
31523,622,3
31524,623,4
31525,624,5
31526,625,6
31527,626,7
31528,627,8
31529,628,9
31530,629,10
31531,630,1
31532,631,2
31533,632,3
31534,633,4
31535,634,5
31536,635,6
31537,636,7
31538,637,8
31539,638,9
31540,639,10
31541,640,1
31542,641,2
31543,642,3
31544,643,4
31545,644,5
31546,645,6
31547,646,7
31548,647,8
31549,648,9
31550,649,10
31551,650,1
31552,651,2
31553,652,3
31554,653,4
31555,654,5
31556,655,6
31557,656,7
31558,657,8
31559,658,9
31560,659,10
31561,660,1
31562,661,2
31563,662,3
31564,663,4
31565,664,5
31566,665,6
31567,666,7
31568,667,8
31569,668,9
31570,669,10
31571,670,1
31572,671,2
31573,672,3
31574,673,4
31575,674,5
31576,675,6
31577,676,7
31578,677,8
31579,678,9
31580,679,10
31581,680,1
31582,681,2
31583,682,3
31584,683,4
31585,684,5
31586,685,6
31587,686,7
31588,687,8
31589,688,9
31590,689,10
31591,690,1
31592,691,2
31593,692,3
31594,693,4
31595,694,5
31596,695,6
31597,696,7
31598,697,8
31599,698,9
31600,699,10
31601,700,1
31602,701,2
31603,702,3
31604,703,4
31605,704,5
31606,705,6
31607,706,7
31608,707,8
31609,708,9
31610,709,10
31611,710,1
31612,711,2
31613,712,3
31614,713,4
31615,714,5
31616,715,6
31617,716,7
31618,717,8
31619,718,9
31620,719,10
31621,720,1
31622,721,2
31623,722,3
31624,723,4
31625,724,5
31626,725,6
31627,726,7
31628,727,8
31629,728,9
31630,729,10
31631,730,1
31632,731,2
31633,732,3
31634,733,4
31635,734,5
31636,735,6
31637,736,7
31638,737,8
31639,738,9
31640,739,10
31641,740,1
31642,741,2
31643,742,3
31644,743,4
31645,744,5
31646,745,6
31647,746,7
31648,747,8
31649,748,9
31650,749,10
31651,750,1
31652,751,2
31653,752,3
31654,753,4
31655,754,5
31656,755,6
31657,756,7
31658,757,8
31659,758,9
31660,759,10
31661,760,1
31662,761,2
31663,762,3
31664,763,4
31665,764,5
31666,765,6
31667,766,7
31668,767,8
31669,768,9
31670,769,10
31671,770,1
31672,771,2
31673,772,3
31674,773,4
31675,774,5
31676,775,6
31677,776,7
31678,777,8
31679,778,9
31680,779,10
31681,780,1
31682,781,2
31683,782,3
31684,783,4
31685,784,5
31686,785,6
31687,786,7
31688,787,8
31689,788,9
31690,789,10
31691,790,1
31692,791,2
31693,792,3
31694,793,4
31695,794,5
31696,795,6
31697,796,7
31698,797,8
31699,798,9
31700,799,10
31701,800,1
31702,801,2
31703,802,3
31704,803,4
31705,804,5
31706,805,6
31707,806,7
31708,807,8
31709,808,9
31710,809,10
31711,810,1
31712,811,2
31713,812,3
31714,813,4
31715,814,5
31716,815,6
31717,816,7
31718,817,8
31719,818,9
31720,819,10
31721,820,1
31722,821,2
31723,822,3
31724,823,4
31725,824,5
31726,825,6
31727,826,7
31728,827,8
31729,828,9
31730,829,10
31731,830,1
31732,831,2
31733,832,3
31734,833,4
31735,834,5
31736,835,6
31737,836,7
31738,837,8
31739,838,9
31740,839,10
31741,840,1
31742,841,2
31743,842,3
31744,843,4
31745,844,5
31746,845,6
31747,846,7
31748,847,8
31749,848,9
31750,849,10
31751,850,1
31752,851,2
31753,852,3
31754,853,4
31755,854,5
31756,855,6
31757,856,7
31758,857,8
31759,858,9
31760,859,10
31761,860,1
31762,861,2
31763,862,3
31764,863,4
31765,864,5
31766,865,6
31767,866,7
31768,867,8
31769,868,9
31770,869,10
31771,870,1
31772,871,2
31773,872,3
31774,873,4
31775,874,5
31776,875,6
31777,876,7
31778,877,8
31779,878,9
31780,879,10
31781,880,1
31782,881,2
31783,882,3
31784,883,4
31785,884,5
31786,885,6
31787,886,7
31788,887,8
31789,888,9
31790,889,10
31791,890,1
31792,891,2
31793,892,3
31794,893,4
31795,894,5
31796,895,6
31797,896,7
31798,897,8
31799,898,9
31800,899,10
31801,900,1
31802,901,2
31803,902,3
31804,903,4
31805,904,5
31806,905,6
31807,906,7
31808,907,8
31809,908,9
31810,909,10
31811,910,1
31812,911,2
31813,912,3
31814,913,4
31815,914,5
31816,915,6
31817,916,7
31818,917,8
31819,918,9
31820,919,10
31821,920,1
31822,921,2
31823,922,3
31824,923,4
31825,924,5
31826,925,6
31827,926,7
31828,927,8
31829,928,9
31830,929,10
31831,930,1
31832,931,2
31833,932,3
31834,933,4
31835,934,5
31836,935,6
31837,936,7
31838,937,8
31839,938,9
31840,939,10
31841,940,1
31842,941,2
31843,942,3
31844,943,4
31845,944,5
31846,945,6
31847,946,7
31848,947,8
31849,948,9
31850,949,10
31851,950,1
31852,951,2
31853,952,3
31854,953,4
31855,954,5
31856,955,6
31857,956,7
31858,957,8
31859,958,9
31860,959,10
31861,960,1
31862,961,2
31863,962,3
31864,963,4
31865,964,5
31866,965,6
31867,966,7
31868,967,8
31869,968,9
31870,969,10
31871,970,1
31872,971,2
31873,972,3
31874,973,4
31875,974,5
31876,975,6
31877,976,7
31878,977,8
31879,978,9
31880,979,10
31881,980,1
31882,981,2
31883,982,3
31884,983,4
31885,984,5
31886,985,6
31887,986,7
31888,987,8
31889,988,9
31890,989,10
31891,990,1
31892,991,2
31893,992,3
31894,993,4
31895,994,5
31896,995,6
31897,996,7
31898,997,8
31899,998,9
31900,999,10
31901,1000,1
31902,1001,2
31903,1002,3
31904,1003,4
31905,1004,5
31906,1005,6
31907,1006,7
31908,1007,8
31909,1008,9
31910,1009,10
31911,1010,1
31912,1011,2
31913,1012,3
31914,1013,4
31915,1014,5
31916,1015,6
31917,1016,7
31918,1017,8
31919,1018,9
31920,1019,10
31921,1020,1
31922,1021,2
31923,1022,3
31924,1023,4
31925,1024,5
31926,1025,6
31927,1026,7
31928,1027,8
31929,1028,9
31930,1029,10
31931,1030,1
31932,1031,2
31933,1032,3
31934,1033,4
31935,1034,5
31936,1035,6
31937,1036,7
31938,1037,8
31939,1038,9
31940,1039,10
31941,1040,1
31942,1041,2
31943,1042,3
31944,1043,4
31945,1044,5
31946,1045,6
31947,1046,7
31948,1047,8
31949,1048,9
31950,1049,10
31951,1050,1
31952,1051,2
31953,1052,3
31954,1053,4
31955,1054,5
31956,1055,6
31957,1056,7
31958,1057,8
31959,1058,9
31960,1059,10
31961,1060,1
31962,1061,2
31963,1062,3
31964,1063,4
31965,1064,5
31966,1065,6
31967,1066,7
31968,1067,8
31969,1068,9
31970,1069,10
31971,1070,1
31972,1071,2
31973,1072,3
31974,1073,4
31975,1074,5
31976,1075,6
31977,1076,7
31978,1077,8
31979,1078,9
31980,1079,10
31981,1080,1
31982,1081,2
31983,1082,3
31984,1083,4
31985,1084,5
31986,1085,6
31987,1086,7
31988,1087,8
31989,1088,9
31990,1089,10
31991,1090,1
31992,1091,2
31993,1092,3
31994,1093,4
31995,1094,5
31996,1095,6
31997,1096,7
31998,1097,8
31999,1098,9
32000,1099,10
32001,100,1
32002,101,2
32003,102,3
32004,103,4
32005,104,5
32006,105,6
32007,106,7
32008,107,8
32009,108,9
32010,109,10
32011,110,1
32012,111,2
32013,112,3
32014,113,4
32015,114,5
32016,115,6
32017,116,7
32018,117,8
32019,118,9
32020,119,10
32021,120,1
32022,121,2
32023,122,3
32024,123,4
32025,124,5
32026,125,6
32027,126,7
32028,127,8
32029,128,9
32030,129,10
32031,130,1
32032,131,2
32033,132,3
32034,133,4
32035,134,5
32036,135,6
32037,136,7
32038,137,8
32039,138,9
32040,139,10
32041,140,1
32042,141,2
32043,142,3
32044,143,4
32045,144,5
32046,145,6
32047,146,7
32048,147,8
32049,148,9
32050,149,10
32051,150,1
32052,151,2
32053,152,3
32054,153,4
32055,154,5
32056,155,6
32057,156,7
32058,157,8
32059,158,9
32060,159,10
32061,160,1
32062,161,2
32063,162,3
32064,163,4
32065,164,5
32066,165,6
32067,166,7
32068,167,8
32069,168,9
32070,169,10
32071,170,1
32072,171,2
32073,172,3
32074,173,4
32075,174,5
32076,175,6
32077,176,7
32078,177,8
32079,178,9
32080,179,10
32081,180,1
32082,181,2
32083,182,3
32084,183,4
32085,184,5
32086,185,6
32087,186,7
32088,187,8
32089,188,9
32090,189,10
32091,190,1
32092,191,2
32093,192,3
32094,193,4
32095,194,5
32096,195,6
32097,196,7
32098,197,8
32099,198,9
32100,199,10
32101,200,1
32102,201,2
32103,202,3
32104,203,4
32105,204,5
32106,205,6
32107,206,7
32108,207,8
32109,208,9
32110,209,10
32111,210,1
32112,211,2
32113,212,3
32114,213,4
32115,214,5
32116,215,6
32117,216,7
32118,217,8
32119,218,9
32120,219,10
32121,220,1
32122,221,2
32123,222,3
32124,223,4
32125,224,5
32126,225,6
32127,226,7
32128,227,8
32129,228,9
32130,229,10
32131,230,1
32132,231,2
32133,232,3
32134,233,4
32135,234,5
32136,235,6
32137,236,7
32138,237,8
32139,238,9
32140,239,10
32141,240,1
32142,241,2
32143,242,3
32144,243,4
32145,244,5
32146,245,6
32147,246,7
32148,247,8
32149,248,9
32150,249,10
32151,250,1
32152,251,2
32153,252,3
32154,253,4
32155,254,5
32156,255,6
32157,256,7
32158,257,8
32159,258,9
32160,259,10
32161,260,1
32162,261,2
32163,262,3
32164,263,4
32165,264,5
32166,265,6
32167,266,7
32168,267,8
32169,268,9
32170,269,10
32171,270,1
32172,271,2
32173,272,3
32174,273,4
32175,274,5
32176,275,6
32177,276,7
32178,277,8
32179,278,9
32180,279,10
32181,280,1
32182,281,2
32183,282,3
32184,283,4
32185,284,5
32186,285,6
32187,286,7
32188,287,8
32189,288,9
32190,289,10
32191,290,1
32192,291,2
32193,292,3
32194,293,4
32195,294,5
32196,295,6
32197,296,7
32198,297,8
32199,298,9
32200,299,10
32201,300,1
32202,301,2
32203,302,3
32204,303,4
32205,304,5
32206,305,6
32207,306,7
32208,307,8
32209,308,9
32210,309,10
32211,310,1
32212,311,2
32213,312,3
32214,313,4
32215,314,5
32216,315,6
32217,316,7
32218,317,8
32219,318,9
32220,319,10
32221,320,1
32222,321,2
32223,322,3
32224,323,4
32225,324,5
32226,325,6
32227,326,7
32228,327,8
32229,328,9
32230,329,10
32231,330,1
32232,331,2
32233,332,3
32234,333,4
32235,334,5
32236,335,6
32237,336,7
32238,337,8
32239,338,9
32240,339,10
32241,340,1
32242,341,2
32243,342,3
32244,343,4
32245,344,5
32246,345,6
32247,346,7
32248,347,8
32249,348,9
32250,349,10
32251,350,1
32252,351,2
32253,352,3
32254,353,4
32255,354,5
32256,355,6
32257,356,7
32258,357,8
32259,358,9
32260,359,10
32261,360,1
32262,361,2
32263,362,3
32264,363,4
32265,364,5
32266,365,6
32267,366,7
32268,367,8
32269,368,9
32270,369,10
32271,370,1
32272,371,2
32273,372,3
32274,373,4
32275,374,5
32276,375,6
32277,376,7
32278,377,8
32279,378,9
32280,379,10
32281,380,1
32282,381,2
32283,382,3
32284,383,4
32285,384,5
32286,385,6
32287,386,7
32288,387,8
32289,388,9
32290,389,10
32291,390,1
32292,391,2
32293,392,3
32294,393,4
32295,394,5
32296,395,6
32297,396,7
32298,397,8
32299,398,9
32300,399,10
32301,400,1
32302,401,2
32303,402,3
32304,403,4
32305,404,5
32306,405,6
32307,406,7
32308,407,8
32309,408,9
32310,409,10
32311,410,1
32312,411,2
32313,412,3
32314,413,4
32315,414,5
32316,415,6
32317,416,7
32318,417,8
32319,418,9
32320,419,10
32321,420,1
32322,421,2
32323,422,3
32324,423,4
32325,424,5
32326,425,6
32327,426,7
32328,427,8
32329,428,9
32330,429,10
32331,430,1
32332,431,2
32333,432,3
32334,433,4
32335,434,5
32336,435,6
32337,436,7
32338,437,8
32339,438,9
32340,439,10
32341,440,1
32342,441,2
32343,442,3
32344,443,4
32345,444,5
32346,445,6
32347,446,7
32348,447,8
32349,448,9
32350,449,10
32351,450,1
32352,451,2
32353,452,3
32354,453,4
32355,454,5
32356,455,6
32357,456,7
32358,457,8
32359,458,9
32360,459,10
32361,460,1
32362,461,2
32363,462,3
32364,463,4
32365,464,5
32366,465,6
32367,466,7
32368,467,8
32369,468,9
32370,469,10
32371,470,1
32372,471,2
32373,472,3
32374,473,4
32375,474,5
32376,475,6
32377,476,7
32378,477,8
32379,478,9
32380,479,10
32381,480,1
32382,481,2
32383,482,3
32384,483,4
32385,484,5
32386,485,6
32387,486,7
32388,487,8
32389,488,9
32390,489,10
32391,490,1
32392,491,2
32393,492,3
32394,493,4
32395,494,5
32396,495,6
32397,496,7
32398,497,8
32399,498,9
32400,499,10
32401,500,1
32402,501,2
32403,502,3
32404,503,4
32405,504,5
32406,505,6
32407,506,7
32408,507,8
32409,508,9
32410,509,10
32411,510,1
32412,511,2
32413,512,3
32414,513,4
32415,514,5
32416,515,6
32417,516,7
32418,517,8
32419,518,9
32420,519,10
32421,520,1
32422,521,2
32423,522,3
32424,523,4
32425,524,5
32426,525,6
32427,526,7
32428,527,8
32429,528,9
32430,529,10
32431,530,1
32432,531,2
32433,532,3
32434,533,4
32435,534,5
32436,535,6
32437,536,7
32438,537,8
32439,538,9
32440,539,10
32441,540,1
32442,541,2
32443,542,3
32444,543,4
32445,544,5
32446,545,6
32447,546,7
32448,547,8
32449,548,9
32450,549,10
32451,550,1
32452,551,2
32453,552,3
32454,553,4
32455,554,5
32456,555,6
32457,556,7
32458,557,8
32459,558,9
32460,559,10
32461,560,1
32462,561,2
32463,562,3
32464,563,4
32465,564,5
32466,565,6
32467,566,7
32468,567,8
32469,568,9
32470,569,10
32471,570,1
32472,571,2
32473,572,3
32474,573,4
32475,574,5
32476,575,6
32477,576,7
32478,577,8
32479,578,9
32480,579,10
32481,580,1
32482,581,2
32483,582,3
32484,583,4
32485,584,5
32486,585,6
32487,586,7
32488,587,8
32489,588,9
32490,589,10
32491,590,1
32492,591,2
32493,592,3
32494,593,4
32495,594,5
32496,595,6
32497,596,7
32498,597,8
32499,598,9
32500,599,10
32501,600,1
32502,601,2
32503,602,3
32504,603,4
32505,604,5
32506,605,6
32507,606,7
32508,607,8
32509,608,9
32510,609,10
32511,610,1
32512,611,2
32513,612,3
32514,613,4
32515,614,5
32516,615,6
32517,616,7
32518,617,8
32519,618,9
32520,619,10
32521,620,1
32522,621,2
32523,622,3
32524,623,4
32525,624,5
32526,625,6
32527,626,7
32528,627,8
32529,628,9
32530,629,10
32531,630,1
32532,631,2
32533,632,3
32534,633,4
32535,634,5
32536,635,6
32537,636,7
32538,637,8
32539,638,9
32540,639,10
32541,640,1
32542,641,2
32543,642,3
32544,643,4
32545,644,5
32546,645,6
32547,646,7
32548,647,8
32549,648,9
32550,649,10
32551,650,1
32552,651,2
32553,652,3
32554,653,4
32555,654,5
32556,655,6
32557,656,7
32558,657,8
32559,658,9
32560,659,10
32561,660,1
32562,661,2
32563,662,3
32564,663,4
32565,664,5
32566,665,6
32567,666,7
32568,667,8
32569,668,9
32570,669,10
32571,670,1
32572,671,2
32573,672,3
32574,673,4
32575,674,5
32576,675,6
32577,676,7
32578,677,8
32579,678,9
32580,679,10
32581,680,1
32582,681,2
32583,682,3
32584,683,4
32585,684,5
32586,685,6
32587,686,7
32588,687,8
32589,688,9
32590,689,10
32591,690,1
32592,691,2
32593,692,3
32594,693,4
32595,694,5
32596,695,6
32597,696,7
32598,697,8
32599,698,9
32600,699,10
32601,700,1
32602,701,2
32603,702,3
32604,703,4
32605,704,5
32606,705,6
32607,706,7
32608,707,8
32609,708,9
32610,709,10
32611,710,1
32612,711,2
32613,712,3
32614,713,4
32615,714,5
32616,715,6
32617,716,7
32618,717,8
32619,718,9
32620,719,10
32621,720,1
32622,721,2
32623,722,3
32624,723,4
32625,724,5
32626,725,6
32627,726,7
32628,727,8
32629,728,9
32630,729,10
32631,730,1
32632,731,2
32633,732,3
32634,733,4
32635,734,5
32636,735,6
32637,736,7
32638,737,8
32639,738,9
32640,739,10
32641,740,1
32642,741,2
32643,742,3
32644,743,4
32645,744,5
32646,745,6
32647,746,7
32648,747,8
32649,748,9
32650,749,10
32651,750,1
32652,751,2
32653,752,3
32654,753,4
32655,754,5
32656,755,6
32657,756,7
32658,757,8
32659,758,9
32660,759,10
32661,760,1
32662,761,2
32663,762,3
32664,763,4
32665,764,5
32666,765,6
32667,766,7
32668,767,8
32669,768,9
32670,769,10
32671,770,1
32672,771,2
32673,772,3
32674,773,4
32675,774,5
32676,775,6
32677,776,7
32678,777,8
32679,778,9
32680,779,10
32681,780,1
32682,781,2
32683,782,3
32684,783,4
32685,784,5
32686,785,6
32687,786,7
32688,787,8
32689,788,9
32690,789,10
32691,790,1
32692,791,2
32693,792,3
32694,793,4
32695,794,5
32696,795,6
32697,796,7
32698,797,8
32699,798,9
32700,799,10
32701,800,1
32702,801,2
32703,802,3
32704,803,4
32705,804,5
32706,805,6
32707,806,7
32708,807,8
32709,808,9
32710,809,10
32711,810,1
32712,811,2
32713,812,3
32714,813,4
32715,814,5
32716,815,6
32717,816,7
32718,817,8
32719,818,9
32720,819,10
32721,820,1
32722,821,2
32723,822,3
32724,823,4
32725,824,5
32726,825,6
32727,826,7
32728,827,8
32729,828,9
32730,829,10
32731,830,1
32732,831,2
32733,832,3
32734,833,4
32735,834,5
32736,835,6
32737,836,7
32738,837,8
32739,838,9
32740,839,10
32741,840,1
32742,841,2
32743,842,3
32744,843,4
32745,844,5
32746,845,6
32747,846,7
32748,847,8
32749,848,9
32750,849,10
32751,850,1
32752,851,2
32753,852,3
32754,853,4
32755,854,5
32756,855,6
32757,856,7
32758,857,8
32759,858,9
32760,859,10
32761,860,1
32762,861,2
32763,862,3
32764,863,4
32765,864,5
32766,865,6
32767,866,7
32768,867,8
32769,868,9
32770,869,10
32771,870,1
32772,871,2
32773,872,3
32774,873,4
32775,874,5
32776,875,6
32777,876,7
32778,877,8
32779,878,9
32780,879,10
32781,880,1
32782,881,2
32783,882,3
32784,883,4
32785,884,5
32786,885,6
32787,886,7
32788,887,8
32789,888,9
32790,889,10
32791,890,1
32792,891,2
32793,892,3
32794,893,4
32795,894,5
32796,895,6
32797,896,7
32798,897,8
32799,898,9
32800,899,10
32801,900,1
32802,901,2
32803,902,3
32804,903,4
32805,904,5
32806,905,6
32807,906,7
32808,907,8
32809,908,9
32810,909,10
32811,910,1
32812,911,2
32813,912,3
32814,913,4
32815,914,5
32816,915,6
32817,916,7
32818,917,8
32819,918,9
32820,919,10
32821,920,1
32822,921,2
32823,922,3
32824,923,4
32825,924,5
32826,925,6
32827,926,7
32828,927,8
32829,928,9
32830,929,10
32831,930,1
32832,931,2
32833,932,3
32834,933,4
32835,934,5
32836,935,6
32837,936,7
32838,937,8
32839,938,9
32840,939,10
32841,940,1
32842,941,2
32843,942,3
32844,943,4
32845,944,5
32846,945,6
32847,946,7
32848,947,8
32849,948,9
32850,949,10
32851,950,1
32852,951,2
32853,952,3
32854,953,4
32855,954,5
32856,955,6
32857,956,7
32858,957,8
32859,958,9
32860,959,10
32861,960,1
32862,961,2
32863,962,3
32864,963,4
32865,964,5
32866,965,6
32867,966,7
32868,967,8
32869,968,9
32870,969,10
32871,970,1
32872,971,2
32873,972,3
32874,973,4
32875,974,5
32876,975,6
32877,976,7
32878,977,8
32879,978,9
32880,979,10
32881,980,1
32882,981,2
32883,982,3
32884,983,4
32885,984,5
32886,985,6
32887,986,7
32888,987,8
32889,988,9
32890,989,10
32891,990,1
32892,991,2
32893,992,3
32894,993,4
32895,994,5
32896,995,6
32897,996,7
32898,997,8
32899,998,9
32900,999,10
32901,1000,1
32902,1001,2
32903,1002,3
32904,1003,4
32905,1004,5
32906,1005,6
32907,1006,7
32908,1007,8
32909,1008,9
32910,1009,10
32911,1010,1
32912,1011,2
32913,1012,3
32914,1013,4
32915,1014,5
32916,1015,6
32917,1016,7
32918,1017,8
32919,1018,9
32920,1019,10
32921,1020,1
32922,1021,2
32923,1022,3
32924,1023,4
32925,1024,5
32926,1025,6
32927,1026,7
32928,1027,8
32929,1028,9
32930,1029,10
32931,1030,1
32932,1031,2
32933,1032,3
32934,1033,4
32935,1034,5
32936,1035,6
32937,1036,7
32938,1037,8
32939,1038,9
32940,1039,10
32941,1040,1
32942,1041,2
32943,1042,3
32944,1043,4
32945,1044,5
32946,1045,6
32947,1046,7
32948,1047,8
32949,1048,9
32950,1049,10
32951,1050,1
32952,1051,2
32953,1052,3
32954,1053,4
32955,1054,5
32956,1055,6
32957,1056,7
32958,1057,8
32959,1058,9
32960,1059,10
32961,1060,1
32962,1061,2
32963,1062,3
32964,1063,4
32965,1064,5
32966,1065,6
32967,1066,7
32968,1067,8
32969,1068,9
32970,1069,10
32971,1070,1
32972,1071,2
32973,1072,3
32974,1073,4
32975,1074,5
32976,1075,6
32977,1076,7
32978,1077,8
32979,1078,9
32980,1079,10
32981,1080,1
32982,1081,2
32983,1082,3
32984,1083,4
32985,1084,5
32986,1085,6
32987,1086,7
32988,1087,8
32989,1088,9
32990,1089,10
32991,1090,1
32992,1091,2
32993,1092,3
32994,1093,4
32995,1094,5
32996,1095,6
32997,1096,7
32998,1097,8
32999,1098,9
33000,1099,10
33001,100,1
33002,101,2
33003,102,3
33004,103,4
33005,104,5
33006,105,6
33007,106,7
33008,107,8
33009,108,9
33010,109,10
33011,110,1
33012,111,2
33013,112,3
33014,113,4
33015,114,5
33016,115,6
33017,116,7
33018,117,8
33019,118,9
33020,119,10
33021,120,1
33022,121,2
33023,122,3
33024,123,4
33025,124,5
33026,125,6
33027,126,7
33028,127,8
33029,128,9
33030,129,10
33031,130,1
33032,131,2
33033,132,3
33034,133,4
33035,134,5
33036,135,6
33037,136,7
33038,137,8
33039,138,9
33040,139,10
33041,140,1
33042,141,2
33043,142,3
33044,143,4
33045,144,5
33046,145,6
33047,146,7
33048,147,8
33049,148,9
33050,149,10
33051,150,1
33052,151,2
33053,152,3
33054,153,4
33055,154,5
33056,155,6
33057,156,7
33058,157,8
33059,158,9
33060,159,10
33061,160,1
33062,161,2
33063,162,3
33064,163,4
33065,164,5
33066,165,6
33067,166,7
33068,167,8
33069,168,9
33070,169,10
33071,170,1
33072,171,2
33073,172,3
33074,173,4
33075,174,5
33076,175,6
33077,176,7
33078,177,8
33079,178,9
33080,179,10
33081,180,1
33082,181,2
33083,182,3
33084,183,4
33085,184,5
33086,185,6
33087,186,7
33088,187,8
33089,188,9
33090,189,10
33091,190,1
33092,191,2
33093,192,3
33094,193,4
33095,194,5
33096,195,6
33097,196,7
33098,197,8
33099,198,9
33100,199,10
33101,200,1
33102,201,2
33103,202,3
33104,203,4
33105,204,5
33106,205,6
33107,206,7
33108,207,8
33109,208,9
33110,209,10
33111,210,1
33112,211,2
33113,212,3
33114,213,4
33115,214,5
33116,215,6
33117,216,7
33118,217,8
33119,218,9
33120,219,10
33121,220,1
33122,221,2
33123,222,3
33124,223,4
33125,224,5
33126,225,6
33127,226,7
33128,227,8
33129,228,9
33130,229,10
33131,230,1
33132,231,2
33133,232,3
33134,233,4
33135,234,5
33136,235,6
33137,236,7
33138,237,8
33139,238,9
33140,239,10
33141,240,1
33142,241,2
33143,242,3
33144,243,4
33145,244,5
33146,245,6
33147,246,7
33148,247,8
33149,248,9
33150,249,10
33151,250,1
33152,251,2
33153,252,3
33154,253,4
33155,254,5
33156,255,6
33157,256,7
33158,257,8
33159,258,9
33160,259,10
33161,260,1
33162,261,2
33163,262,3
33164,263,4
33165,264,5
33166,265,6
33167,266,7
33168,267,8
33169,268,9
33170,269,10
33171,270,1
33172,271,2
33173,272,3
33174,273,4
33175,274,5
33176,275,6
33177,276,7
33178,277,8
33179,278,9
33180,279,10
33181,280,1
33182,281,2
33183,282,3
33184,283,4
33185,284,5
33186,285,6
33187,286,7
33188,287,8
33189,288,9
33190,289,10
33191,290,1
33192,291,2
33193,292,3
33194,293,4
33195,294,5
33196,295,6
33197,296,7
33198,297,8
33199,298,9
33200,299,10
33201,300,1
33202,301,2
33203,302,3
33204,303,4
33205,304,5
33206,305,6
33207,306,7
33208,307,8
33209,308,9
33210,309,10
33211,310,1
33212,311,2
33213,312,3
33214,313,4
33215,314,5
33216,315,6
33217,316,7
33218,317,8
33219,318,9
33220,319,10
33221,320,1
33222,321,2
33223,322,3
33224,323,4
33225,324,5
33226,325,6
33227,326,7
33228,327,8
33229,328,9
33230,329,10
33231,330,1
33232,331,2
33233,332,3
33234,333,4
33235,334,5
33236,335,6
33237,336,7
33238,337,8
33239,338,9
33240,339,10
33241,340,1
33242,341,2
33243,342,3
33244,343,4
33245,344,5
33246,345,6
33247,346,7
33248,347,8
33249,348,9
33250,349,10
33251,350,1
33252,351,2
33253,352,3
33254,353,4
33255,354,5
33256,355,6
33257,356,7
33258,357,8
33259,358,9
33260,359,10
33261,360,1
33262,361,2
33263,362,3
33264,363,4
33265,364,5
33266,365,6
33267,366,7
33268,367,8
33269,368,9
33270,369,10
33271,370,1
33272,371,2
33273,372,3
33274,373,4
33275,374,5
33276,375,6
33277,376,7
33278,377,8
33279,378,9
33280,379,10
33281,380,1
33282,381,2
33283,382,3
33284,383,4
33285,384,5
33286,385,6
33287,386,7
33288,387,8
33289,388,9
33290,389,10
33291,390,1
33292,391,2
33293,392,3
33294,393,4
33295,394,5
33296,395,6
33297,396,7
33298,397,8
33299,398,9
33300,399,10
33301,400,1
33302,401,2
33303,402,3
33304,403,4
33305,404,5
33306,405,6
33307,406,7
33308,407,8
33309,408,9
33310,409,10
33311,410,1
33312,411,2
33313,412,3
33314,413,4
33315,414,5
33316,415,6
33317,416,7
33318,417,8
33319,418,9
33320,419,10
33321,420,1
33322,421,2
33323,422,3
33324,423,4
33325,424,5
33326,425,6
33327,426,7
33328,427,8
33329,428,9
33330,429,10
33331,430,1
33332,431,2
33333,432,3
33334,433,4
33335,434,5
33336,435,6
33337,436,7
33338,437,8
33339,438,9
33340,439,10
33341,440,1
33342,441,2
33343,442,3
33344,443,4
33345,444,5
33346,445,6
33347,446,7
33348,447,8
33349,448,9
33350,449,10
33351,450,1
33352,451,2
33353,452,3
33354,453,4
33355,454,5
33356,455,6
33357,456,7
33358,457,8
33359,458,9
33360,459,10
33361,460,1
33362,461,2
33363,462,3
33364,463,4
33365,464,5
33366,465,6
33367,466,7
33368,467,8
33369,468,9
33370,469,10
33371,470,1
33372,471,2
33373,472,3
33374,473,4
33375,474,5
33376,475,6
33377,476,7
33378,477,8
33379,478,9
33380,479,10
33381,480,1
33382,481,2
33383,482,3
33384,483,4
33385,484,5
33386,485,6
33387,486,7
33388,487,8
33389,488,9
33390,489,10
33391,490,1
33392,491,2
33393,492,3
33394,493,4
33395,494,5
33396,495,6
33397,496,7
33398,497,8
33399,498,9
33400,499,10
33401,500,1
33402,501,2
33403,502,3
33404,503,4
33405,504,5
33406,505,6
33407,506,7
33408,507,8
33409,508,9
33410,509,10
33411,510,1
33412,511,2
33413,512,3
33414,513,4
33415,514,5
33416,515,6
33417,516,7
33418,517,8
33419,518,9
33420,519,10
33421,520,1
33422,521,2
33423,522,3
33424,523,4
33425,524,5
33426,525,6
33427,526,7
33428,527,8
33429,528,9
33430,529,10
33431,530,1
33432,531,2
33433,532,3
33434,533,4
33435,534,5
33436,535,6
33437,536,7
33438,537,8
33439,538,9
33440,539,10
33441,540,1
33442,541,2
33443,542,3
33444,543,4
33445,544,5
33446,545,6
33447,546,7
33448,547,8
33449,548,9
33450,549,10
33451,550,1
33452,551,2
33453,552,3
33454,553,4
33455,554,5
33456,555,6
33457,556,7
33458,557,8
33459,558,9
33460,559,10
33461,560,1
33462,561,2
33463,562,3
33464,563,4
33465,564,5
33466,565,6
33467,566,7
33468,567,8
33469,568,9
33470,569,10
33471,570,1
33472,571,2
33473,572,3
33474,573,4
33475,574,5
33476,575,6
33477,576,7
33478,577,8
33479,578,9
33480,579,10
33481,580,1
33482,581,2
33483,582,3
33484,583,4
33485,584,5
33486,585,6
33487,586,7
33488,587,8
33489,588,9
33490,589,10
33491,590,1
33492,591,2
33493,592,3
33494,593,4
33495,594,5
33496,595,6
33497,596,7
33498,597,8
33499,598,9
33500,599,10
33501,600,1
33502,601,2
33503,602,3
33504,603,4
33505,604,5
33506,605,6
33507,606,7
33508,607,8
33509,608,9
33510,609,10
33511,610,1
33512,611,2
33513,612,3
33514,613,4
33515,614,5
33516,615,6
33517,616,7
33518,617,8
33519,618,9
33520,619,10
33521,620,1
33522,621,2
33523,622,3
33524,623,4
33525,624,5
33526,625,6
33527,626,7
33528,627,8
33529,628,9
33530,629,10
33531,630,1
33532,631,2
33533,632,3
33534,633,4
33535,634,5
33536,635,6
33537,636,7
33538,637,8
33539,638,9
33540,639,10
33541,640,1
33542,641,2
33543,642,3
33544,643,4
33545,644,5
33546,645,6
33547,646,7
33548,647,8
33549,648,9
33550,649,10
33551,650,1
33552,651,2
33553,652,3
33554,653,4
33555,654,5
33556,655,6
33557,656,7
33558,657,8
33559,658,9
33560,659,10
33561,660,1
33562,661,2
33563,662,3
33564,663,4
33565,664,5
33566,665,6
33567,666,7
33568,667,8
33569,668,9
33570,669,10
33571,670,1
33572,671,2
33573,672,3
33574,673,4
33575,674,5
33576,675,6
33577,676,7
33578,677,8
33579,678,9
33580,679,10
33581,680,1
33582,681,2
33583,682,3
33584,683,4
33585,684,5
33586,685,6
33587,686,7
33588,687,8
33589,688,9
33590,689,10
33591,690,1
33592,691,2
33593,692,3
33594,693,4
33595,694,5
33596,695,6
33597,696,7
33598,697,8
33599,698,9
33600,699,10
33601,700,1
33602,701,2
33603,702,3
33604,703,4
33605,704,5
33606,705,6
33607,706,7
33608,707,8
33609,708,9
33610,709,10
33611,710,1
33612,711,2
33613,712,3
33614,713,4
33615,714,5
33616,715,6
33617,716,7
33618,717,8
33619,718,9
33620,719,10
33621,720,1
33622,721,2
33623,722,3
33624,723,4
33625,724,5
33626,725,6
33627,726,7
33628,727,8
33629,728,9
33630,729,10
33631,730,1
33632,731,2
33633,732,3
33634,733,4
33635,734,5
33636,735,6
33637,736,7
33638,737,8
33639,738,9
33640,739,10
33641,740,1
33642,741,2
33643,742,3
33644,743,4
33645,744,5
33646,745,6
33647,746,7
33648,747,8
33649,748,9
33650,749,10
33651,750,1
33652,751,2
33653,752,3
33654,753,4
33655,754,5
33656,755,6
33657,756,7
33658,757,8
33659,758,9
33660,759,10
33661,760,1
33662,761,2
33663,762,3
33664,763,4
33665,764,5
33666,765,6
33667,766,7
33668,767,8
33669,768,9
33670,769,10
33671,770,1
33672,771,2
33673,772,3
33674,773,4
33675,774,5
33676,775,6
33677,776,7
33678,777,8
33679,778,9
33680,779,10
33681,780,1
33682,781,2
33683,782,3
33684,783,4
33685,784,5
33686,785,6
33687,786,7
33688,787,8
33689,788,9
33690,789,10
33691,790,1
33692,791,2
33693,792,3
33694,793,4
33695,794,5
33696,795,6
33697,796,7
33698,797,8
33699,798,9
33700,799,10
33701,800,1
33702,801,2
33703,802,3
33704,803,4
33705,804,5
33706,805,6
33707,806,7
33708,807,8
33709,808,9
33710,809,10
33711,810,1
33712,811,2
33713,812,3
33714,813,4
33715,814,5
33716,815,6
33717,816,7
33718,817,8
33719,818,9
33720,819,10
33721,820,1
33722,821,2
33723,822,3
33724,823,4
33725,824,5
33726,825,6
33727,826,7
33728,827,8
33729,828,9
33730,829,10
33731,830,1
33732,831,2
33733,832,3
33734,833,4
33735,834,5
33736,835,6
33737,836,7
33738,837,8
33739,838,9
33740,839,10
33741,840,1
33742,841,2
33743,842,3
33744,843,4
33745,844,5
33746,845,6
33747,846,7
33748,847,8
33749,848,9
33750,849,10
33751,850,1
33752,851,2
33753,852,3
33754,853,4
33755,854,5
33756,855,6
33757,856,7
33758,857,8
33759,858,9
33760,859,10
33761,860,1
33762,861,2
33763,862,3
33764,863,4
33765,864,5
33766,865,6
33767,866,7
33768,867,8
33769,868,9
33770,869,10
33771,870,1
33772,871,2
33773,872,3
33774,873,4
33775,874,5
33776,875,6
33777,876,7
33778,877,8
33779,878,9
33780,879,10
33781,880,1
33782,881,2
33783,882,3
33784,883,4
33785,884,5
33786,885,6
33787,886,7
33788,887,8
33789,888,9
33790,889,10
33791,890,1
33792,891,2
33793,892,3
33794,893,4
33795,894,5
33796,895,6
33797,896,7
33798,897,8
33799,898,9
33800,899,10
33801,900,1
33802,901,2
33803,902,3
33804,903,4
33805,904,5
33806,905,6
33807,906,7
33808,907,8
33809,908,9
33810,909,10
33811,910,1
33812,911,2
33813,912,3
33814,913,4
33815,914,5
33816,915,6
33817,916,7
33818,917,8
33819,918,9
33820,919,10
33821,920,1
33822,921,2
33823,922,3
33824,923,4
33825,924,5
33826,925,6
33827,926,7
33828,927,8
33829,928,9
33830,929,10
33831,930,1
33832,931,2
33833,932,3
33834,933,4
33835,934,5
33836,935,6
33837,936,7
33838,937,8
33839,938,9
33840,939,10
33841,940,1
33842,941,2
33843,942,3
33844,943,4
33845,944,5
33846,945,6
33847,946,7
33848,947,8
33849,948,9
33850,949,10
33851,950,1
33852,951,2
33853,952,3
33854,953,4
33855,954,5
33856,955,6
33857,956,7
33858,957,8
33859,958,9
33860,959,10
33861,960,1
33862,961,2
33863,962,3
33864,963,4
33865,964,5
33866,965,6
33867,966,7
33868,967,8
33869,968,9
33870,969,10
33871,970,1
33872,971,2
33873,972,3
33874,973,4
33875,974,5
33876,975,6
33877,976,7
33878,977,8
33879,978,9
33880,979,10
33881,980,1
33882,981,2
33883,982,3
33884,983,4
33885,984,5
33886,985,6
33887,986,7
33888,987,8
33889,988,9
33890,989,10
33891,990,1
33892,991,2
33893,992,3
33894,993,4
33895,994,5
33896,995,6
33897,996,7
33898,997,8
33899,998,9
33900,999,10
33901,1000,1
33902,1001,2
33903,1002,3
33904,1003,4
33905,1004,5
33906,1005,6
33907,1006,7
33908,1007,8
33909,1008,9
33910,1009,10
33911,1010,1
33912,1011,2
33913,1012,3
33914,1013,4
33915,1014,5
33916,1015,6
33917,1016,7
33918,1017,8
33919,1018,9
33920,1019,10
33921,1020,1
33922,1021,2
33923,1022,3
33924,1023,4
33925,1024,5
33926,1025,6
33927,1026,7
33928,1027,8
33929,1028,9
33930,1029,10
33931,1030,1
33932,1031,2
33933,1032,3
33934,1033,4
33935,1034,5
33936,1035,6
33937,1036,7
33938,1037,8
33939,1038,9
33940,1039,10
33941,1040,1
33942,1041,2
33943,1042,3
33944,1043,4
33945,1044,5
33946,1045,6
33947,1046,7
33948,1047,8
33949,1048,9
33950,1049,10
33951,1050,1
33952,1051,2
33953,1052,3
33954,1053,4
33955,1054,5
33956,1055,6
33957,1056,7
33958,1057,8
33959,1058,9
33960,1059,10
33961,1060,1
33962,1061,2
33963,1062,3
33964,1063,4
33965,1064,5
33966,1065,6
33967,1066,7
33968,1067,8
33969,1068,9
33970,1069,10
33971,1070,1
33972,1071,2
33973,1072,3
33974,1073,4
33975,1074,5
33976,1075,6
33977,1076,7
33978,1077,8
33979,1078,9
33980,1079,10
33981,1080,1
33982,1081,2
33983,1082,3
33984,1083,4
33985,1084,5
33986,1085,6
33987,1086,7
33988,1087,8
33989,1088,9
33990,1089,10
33991,1090,1
33992,1091,2
33993,1092,3
33994,1093,4
33995,1094,5
33996,1095,6
33997,1096,7
33998,1097,8
33999,1098,9
34000,1099,10
34001,100,1
34002,101,2
34003,102,3
34004,103,4
34005,104,5
34006,105,6
34007,106,7
34008,107,8
34009,108,9
34010,109,10
34011,110,1
34012,111,2
34013,112,3
34014,113,4
34015,114,5
34016,115,6
34017,116,7
34018,117,8
34019,118,9
34020,119,10
34021,120,1
34022,121,2
34023,122,3
34024,123,4
34025,124,5
34026,125,6
34027,126,7
34028,127,8
34029,128,9
34030,129,10
34031,130,1
34032,131,2
34033,132,3
34034,133,4
34035,134,5
34036,135,6
34037,136,7
34038,137,8
34039,138,9
34040,139,10
34041,140,1
34042,141,2
34043,142,3
34044,143,4
34045,144,5
34046,145,6
34047,146,7
34048,147,8
34049,148,9
34050,149,10
34051,150,1
34052,151,2
34053,152,3
34054,153,4
34055,154,5
34056,155,6
34057,156,7
34058,157,8
34059,158,9
34060,159,10
34061,160,1
34062,161,2
34063,162,3
34064,163,4
34065,164,5
34066,165,6
34067,166,7
34068,167,8
34069,168,9
34070,169,10
34071,170,1
34072,171,2
34073,172,3
34074,173,4
34075,174,5
34076,175,6
34077,176,7
34078,177,8
34079,178,9
34080,179,10
34081,180,1
34082,181,2
34083,182,3
34084,183,4
34085,184,5
34086,185,6
34087,186,7
34088,187,8
34089,188,9
34090,189,10
34091,190,1
34092,191,2
34093,192,3
34094,193,4
34095,194,5
34096,195,6
34097,196,7
34098,197,8
34099,198,9
34100,199,10
34101,200,1
34102,201,2
34103,202,3
34104,203,4
34105,204,5
34106,205,6
34107,206,7
34108,207,8
34109,208,9
34110,209,10
34111,210,1
34112,211,2
34113,212,3
34114,213,4
34115,214,5
34116,215,6
34117,216,7
34118,217,8
34119,218,9
34120,219,10
34121,220,1
34122,221,2
34123,222,3
34124,223,4
34125,224,5
34126,225,6
34127,226,7
34128,227,8
34129,228,9
34130,229,10
34131,230,1
34132,231,2
34133,232,3
34134,233,4
34135,234,5
34136,235,6
34137,236,7
34138,237,8
34139,238,9
34140,239,10
34141,240,1
34142,241,2
34143,242,3
34144,243,4
34145,244,5
34146,245,6
34147,246,7
34148,247,8
34149,248,9
34150,249,10
34151,250,1
34152,251,2
34153,252,3
34154,253,4
34155,254,5
34156,255,6
34157,256,7
34158,257,8
34159,258,9
34160,259,10
34161,260,1
34162,261,2
34163,262,3
34164,263,4
34165,264,5
34166,265,6
34167,266,7
34168,267,8
34169,268,9
34170,269,10
34171,270,1
34172,271,2
34173,272,3
34174,273,4
34175,274,5
34176,275,6
34177,276,7
34178,277,8
34179,278,9
34180,279,10
34181,280,1
34182,281,2
34183,282,3
34184,283,4
34185,284,5
34186,285,6
34187,286,7
34188,287,8
34189,288,9
34190,289,10
34191,290,1
34192,291,2
34193,292,3
34194,293,4
34195,294,5
34196,295,6
34197,296,7
34198,297,8
34199,298,9
34200,299,10
34201,300,1
34202,301,2
34203,302,3
34204,303,4
34205,304,5
34206,305,6
34207,306,7
34208,307,8
34209,308,9
34210,309,10
34211,310,1
34212,311,2
34213,312,3
34214,313,4
34215,314,5
34216,315,6
34217,316,7
34218,317,8
34219,318,9
34220,319,10
34221,320,1
34222,321,2
34223,322,3
34224,323,4
34225,324,5
34226,325,6
34227,326,7
34228,327,8
34229,328,9
34230,329,10
34231,330,1
34232,331,2
34233,332,3
34234,333,4
34235,334,5
34236,335,6
34237,336,7
34238,337,8
34239,338,9
34240,339,10
34241,340,1
34242,341,2
34243,342,3
34244,343,4
34245,344,5
34246,345,6
34247,346,7
34248,347,8
34249,348,9
34250,349,10
34251,350,1
34252,351,2
34253,352,3
34254,353,4
34255,354,5
34256,355,6
34257,356,7
34258,357,8
34259,358,9
34260,359,10
34261,360,1
34262,361,2
34263,362,3
34264,363,4
34265,364,5
34266,365,6
34267,366,7
34268,367,8
34269,368,9
34270,369,10
34271,370,1
34272,371,2
34273,372,3
34274,373,4
34275,374,5
34276,375,6
34277,376,7
34278,377,8
34279,378,9
34280,379,10
34281,380,1
34282,381,2
34283,382,3
34284,383,4
34285,384,5
34286,385,6
34287,386,7
34288,387,8
34289,388,9
34290,389,10
34291,390,1
34292,391,2
34293,392,3
34294,393,4
34295,394,5
34296,395,6
34297,396,7
34298,397,8
34299,398,9
34300,399,10
34301,400,1
34302,401,2
34303,402,3
34304,403,4
34305,404,5
34306,405,6
34307,406,7
34308,407,8
34309,408,9
34310,409,10
34311,410,1
34312,411,2
34313,412,3
34314,413,4
34315,414,5
34316,415,6
34317,416,7
34318,417,8
34319,418,9
34320,419,10
34321,420,1
34322,421,2
34323,422,3
34324,423,4
34325,424,5
34326,425,6
34327,426,7
34328,427,8
34329,428,9
34330,429,10
34331,430,1
34332,431,2
34333,432,3
34334,433,4
34335,434,5
34336,435,6
34337,436,7
34338,437,8
34339,438,9
34340,439,10
34341,440,1
34342,441,2
34343,442,3
34344,443,4
34345,444,5
34346,445,6
34347,446,7
34348,447,8
34349,448,9
34350,449,10
34351,450,1
34352,451,2
34353,452,3
34354,453,4
34355,454,5
34356,455,6
34357,456,7
34358,457,8
34359,458,9
34360,459,10
34361,460,1
34362,461,2
34363,462,3
34364,463,4
34365,464,5
34366,465,6
34367,466,7
34368,467,8
34369,468,9
34370,469,10
34371,470,1
34372,471,2
34373,472,3
34374,473,4
34375,474,5
34376,475,6
34377,476,7
34378,477,8
34379,478,9
34380,479,10
34381,480,1
34382,481,2
34383,482,3
34384,483,4
34385,484,5
34386,485,6
34387,486,7
34388,487,8
34389,488,9
34390,489,10
34391,490,1
34392,491,2
34393,492,3
34394,493,4
34395,494,5
34396,495,6
34397,496,7
34398,497,8
34399,498,9
34400,499,10
34401,500,1
34402,501,2
34403,502,3
34404,503,4
34405,504,5
34406,505,6
34407,506,7
34408,507,8
34409,508,9
34410,509,10
34411,510,1
34412,511,2
34413,512,3
34414,513,4
34415,514,5
34416,515,6
34417,516,7
34418,517,8
34419,518,9
34420,519,10
34421,520,1
34422,521,2
34423,522,3
34424,523,4
34425,524,5
34426,525,6
34427,526,7
34428,527,8
34429,528,9
34430,529,10
34431,530,1
34432,531,2
34433,532,3
34434,533,4
34435,534,5
34436,535,6
34437,536,7
34438,537,8
34439,538,9
34440,539,10
34441,540,1
34442,541,2
34443,542,3
34444,543,4
34445,544,5
34446,545,6
34447,546,7
34448,547,8
34449,548,9
34450,549,10
34451,550,1
34452,551,2
34453,552,3
34454,553,4
34455,554,5
34456,555,6
34457,556,7
34458,557,8
34459,558,9
34460,559,10
34461,560,1
34462,561,2
34463,562,3
34464,563,4
34465,564,5
34466,565,6
34467,566,7
34468,567,8
34469,568,9
34470,569,10
34471,570,1
34472,571,2
34473,572,3
34474,573,4
34475,574,5
34476,575,6
34477,576,7
34478,577,8
34479,578,9
34480,579,10
34481,580,1
34482,581,2
34483,582,3
34484,583,4
34485,584,5
34486,585,6
34487,586,7
34488,587,8
34489,588,9
34490,589,10
34491,590,1
34492,591,2
34493,592,3
34494,593,4
34495,594,5
34496,595,6
34497,596,7
34498,597,8
34499,598,9
34500,599,10
34501,600,1
34502,601,2
34503,602,3
34504,603,4
34505,604,5
34506,605,6
34507,606,7
34508,607,8
34509,608,9
34510,609,10
34511,610,1
34512,611,2
34513,612,3
34514,613,4
34515,614,5
34516,615,6
34517,616,7
34518,617,8
34519,618,9
34520,619,10
34521,620,1
34522,621,2
34523,622,3
34524,623,4
34525,624,5
34526,625,6
34527,626,7
34528,627,8
34529,628,9
34530,629,10
34531,630,1
34532,631,2
34533,632,3
34534,633,4
34535,634,5
34536,635,6
34537,636,7
34538,637,8
34539,638,9
34540,639,10
34541,640,1
34542,641,2
34543,642,3
34544,643,4
34545,644,5
34546,645,6
34547,646,7
34548,647,8
34549,648,9
34550,649,10
34551,650,1
34552,651,2
34553,652,3
34554,653,4
34555,654,5
34556,655,6
34557,656,7
34558,657,8
34559,658,9
34560,659,10
34561,660,1
34562,661,2
34563,662,3
34564,663,4
34565,664,5
34566,665,6
34567,666,7
34568,667,8
34569,668,9
34570,669,10
34571,670,1
34572,671,2
34573,672,3
34574,673,4
34575,674,5
34576,675,6
34577,676,7
34578,677,8
34579,678,9
34580,679,10
34581,680,1
34582,681,2
34583,682,3
34584,683,4
34585,684,5
34586,685,6
34587,686,7
34588,687,8
34589,688,9
34590,689,10
34591,690,1
34592,691,2
34593,692,3
34594,693,4
34595,694,5
34596,695,6
34597,696,7
34598,697,8
34599,698,9
34600,699,10
34601,700,1
34602,701,2
34603,702,3
34604,703,4
34605,704,5
34606,705,6
34607,706,7
34608,707,8
34609,708,9
34610,709,10
34611,710,1
34612,711,2
34613,712,3
34614,713,4
34615,714,5
34616,715,6
34617,716,7
34618,717,8
34619,718,9
34620,719,10
34621,720,1
34622,721,2
34623,722,3
34624,723,4
34625,724,5
34626,725,6
34627,726,7
34628,727,8
34629,728,9
34630,729,10
34631,730,1
34632,731,2
34633,732,3
34634,733,4
34635,734,5
34636,735,6
34637,736,7
34638,737,8
34639,738,9
34640,739,10
34641,740,1
34642,741,2
34643,742,3
34644,743,4
34645,744,5
34646,745,6
34647,746,7
34648,747,8
34649,748,9
34650,749,10
34651,750,1
34652,751,2
34653,752,3
34654,753,4
34655,754,5
34656,755,6
34657,756,7
34658,757,8
34659,758,9
34660,759,10
34661,760,1
34662,761,2
34663,762,3
34664,763,4
34665,764,5
34666,765,6
34667,766,7
34668,767,8
34669,768,9
34670,769,10
34671,770,1
34672,771,2
34673,772,3
34674,773,4
34675,774,5
34676,775,6
34677,776,7
34678,777,8
34679,778,9
34680,779,10
34681,780,1
34682,781,2
34683,782,3
34684,783,4
34685,784,5
34686,785,6
34687,786,7
34688,787,8
34689,788,9
34690,789,10
34691,790,1
34692,791,2
34693,792,3
34694,793,4
34695,794,5
34696,795,6
34697,796,7
34698,797,8
34699,798,9
34700,799,10
34701,800,1
34702,801,2
34703,802,3
34704,803,4
34705,804,5
34706,805,6
34707,806,7
34708,807,8
34709,808,9
34710,809,10
34711,810,1
34712,811,2
34713,812,3
34714,813,4
34715,814,5
34716,815,6
34717,816,7
34718,817,8
34719,818,9
34720,819,10
34721,820,1
34722,821,2
34723,822,3
34724,823,4
34725,824,5
34726,825,6
34727,826,7
34728,827,8
34729,828,9
34730,829,10
34731,830,1
34732,831,2
34733,832,3
34734,833,4
34735,834,5
34736,835,6
34737,836,7
34738,837,8
34739,838,9
34740,839,10
34741,840,1
34742,841,2
34743,842,3
34744,843,4
34745,844,5
34746,845,6
34747,846,7
34748,847,8
34749,848,9
34750,849,10
34751,850,1
34752,851,2
34753,852,3
34754,853,4
34755,854,5
34756,855,6
34757,856,7
34758,857,8
34759,858,9
34760,859,10
34761,860,1
34762,861,2
34763,862,3
34764,863,4
34765,864,5
34766,865,6
34767,866,7
34768,867,8
34769,868,9
34770,869,10
34771,870,1
34772,871,2
34773,872,3
34774,873,4
34775,874,5
34776,875,6
34777,876,7
34778,877,8
34779,878,9
34780,879,10
34781,880,1
34782,881,2
34783,882,3
34784,883,4
34785,884,5
34786,885,6
34787,886,7
34788,887,8
34789,888,9
34790,889,10
34791,890,1
34792,891,2
34793,892,3
34794,893,4
34795,894,5
34796,895,6
34797,896,7
34798,897,8
34799,898,9
34800,899,10
34801,900,1
34802,901,2
34803,902,3
34804,903,4
34805,904,5
34806,905,6
34807,906,7
34808,907,8
34809,908,9
34810,909,10
34811,910,1
34812,911,2
34813,912,3
34814,913,4
34815,914,5
34816,915,6
34817,916,7
34818,917,8
34819,918,9
34820,919,10
34821,920,1
34822,921,2
34823,922,3
34824,923,4
34825,924,5
34826,925,6
34827,926,7
34828,927,8
34829,928,9
34830,929,10
34831,930,1
34832,931,2
34833,932,3
34834,933,4
34835,934,5
34836,935,6
34837,936,7
34838,937,8
34839,938,9
34840,939,10
34841,940,1
34842,941,2
34843,942,3
34844,943,4
34845,944,5
34846,945,6
34847,946,7
34848,947,8
34849,948,9
34850,949,10
34851,950,1
34852,951,2
34853,952,3
34854,953,4
34855,954,5
34856,955,6
34857,956,7
34858,957,8
34859,958,9
34860,959,10
34861,960,1
34862,961,2
34863,962,3
34864,963,4
34865,964,5
34866,965,6
34867,966,7
34868,967,8
34869,968,9
34870,969,10
34871,970,1
34872,971,2
34873,972,3
34874,973,4
34875,974,5
34876,975,6
34877,976,7
34878,977,8
34879,978,9
34880,979,10
34881,980,1
34882,981,2
34883,982,3
34884,983,4
34885,984,5
34886,985,6
34887,986,7
34888,987,8
34889,988,9
34890,989,10
34891,990,1
34892,991,2
34893,992,3
34894,993,4
34895,994,5
34896,995,6
34897,996,7
34898,997,8
34899,998,9
34900,999,10
34901,1000,1
34902,1001,2
34903,1002,3
34904,1003,4
34905,1004,5
34906,1005,6
34907,1006,7
34908,1007,8
34909,1008,9
34910,1009,10
34911,1010,1
34912,1011,2
34913,1012,3
34914,1013,4
34915,1014,5
34916,1015,6
34917,1016,7
34918,1017,8
34919,1018,9
34920,1019,10
34921,1020,1
34922,1021,2
34923,1022,3
34924,1023,4
34925,1024,5
34926,1025,6
34927,1026,7
34928,1027,8
34929,1028,9
34930,1029,10
34931,1030,1
34932,1031,2
34933,1032,3
34934,1033,4
34935,1034,5
34936,1035,6
34937,1036,7
34938,1037,8
34939,1038,9
34940,1039,10
34941,1040,1
34942,1041,2
34943,1042,3
34944,1043,4
34945,1044,5
34946,1045,6
34947,1046,7
34948,1047,8
34949,1048,9
34950,1049,10
34951,1050,1
34952,1051,2
34953,1052,3
34954,1053,4
34955,1054,5
34956,1055,6
34957,1056,7
34958,1057,8
34959,1058,9
34960,1059,10
34961,1060,1
34962,1061,2
34963,1062,3
34964,1063,4
34965,1064,5
34966,1065,6
34967,1066,7
34968,1067,8
34969,1068,9
34970,1069,10
34971,1070,1
34972,1071,2
34973,1072,3
34974,1073,4
34975,1074,5
34976,1075,6
34977,1076,7
34978,1077,8
34979,1078,9
34980,1079,10
34981,1080,1
34982,1081,2
34983,1082,3
34984,1083,4
34985,1084,5
34986,1085,6
34987,1086,7
34988,1087,8
34989,1088,9
34990,1089,10
34991,1090,1
34992,1091,2
34993,1092,3
34994,1093,4
34995,1094,5
34996,1095,6
34997,1096,7
34998,1097,8
34999,1098,9
35000,1099,10
35001,100,1
35002,101,2
35003,102,3
35004,103,4
35005,104,5
35006,105,6
35007,106,7
35008,107,8
35009,108,9
35010,109,10
35011,110,1
35012,111,2
35013,112,3
35014,113,4
35015,114,5
35016,115,6
35017,116,7
35018,117,8
35019,118,9
35020,119,10
35021,120,1
35022,121,2
35023,122,3
35024,123,4
35025,124,5
35026,125,6
35027,126,7
35028,127,8
35029,128,9
35030,129,10
35031,130,1
35032,131,2
35033,132,3
35034,133,4
35035,134,5
35036,135,6
35037,136,7
35038,137,8
35039,138,9
35040,139,10
35041,140,1
35042,141,2
35043,142,3
35044,143,4
35045,144,5
35046,145,6
35047,146,7
35048,147,8
35049,148,9
35050,149,10
35051,150,1
35052,151,2
35053,152,3
35054,153,4
35055,154,5
35056,155,6
35057,156,7
35058,157,8
35059,158,9
35060,159,10
35061,160,1
35062,161,2
35063,162,3
35064,163,4
35065,164,5
35066,165,6
35067,166,7
35068,167,8
35069,168,9
35070,169,10
35071,170,1
35072,171,2
35073,172,3
35074,173,4
35075,174,5
35076,175,6
35077,176,7
35078,177,8
35079,178,9
35080,179,10
35081,180,1
35082,181,2
35083,182,3
35084,183,4
35085,184,5
35086,185,6
35087,186,7
35088,187,8
35089,188,9
35090,189,10
35091,190,1
35092,191,2
35093,192,3
35094,193,4
35095,194,5
35096,195,6
35097,196,7
35098,197,8
35099,198,9
35100,199,10
35101,200,1
35102,201,2
35103,202,3
35104,203,4
35105,204,5
35106,205,6
35107,206,7
35108,207,8
35109,208,9
35110,209,10
35111,210,1
35112,211,2
35113,212,3
35114,213,4
35115,214,5
35116,215,6
35117,216,7
35118,217,8
35119,218,9
35120,219,10
35121,220,1
35122,221,2
35123,222,3
35124,223,4
35125,224,5
35126,225,6
35127,226,7
35128,227,8
35129,228,9
35130,229,10
35131,230,1
35132,231,2
35133,232,3
35134,233,4
35135,234,5
35136,235,6
35137,236,7
35138,237,8
35139,238,9
35140,239,10
35141,240,1
35142,241,2
35143,242,3
35144,243,4
35145,244,5
35146,245,6
35147,246,7
35148,247,8
35149,248,9
35150,249,10
35151,250,1
35152,251,2
35153,252,3
35154,253,4
35155,254,5
35156,255,6
35157,256,7
35158,257,8
35159,258,9
35160,259,10
35161,260,1
35162,261,2
35163,262,3
35164,263,4
35165,264,5
35166,265,6
35167,266,7
35168,267,8
35169,268,9
35170,269,10
35171,270,1
35172,271,2
35173,272,3
35174,273,4
35175,274,5
35176,275,6
35177,276,7
35178,277,8
35179,278,9
35180,279,10
35181,280,1
35182,281,2
35183,282,3
35184,283,4
35185,284,5
35186,285,6
35187,286,7
35188,287,8
35189,288,9
35190,289,10
35191,290,1
35192,291,2
35193,292,3
35194,293,4
35195,294,5
35196,295,6
35197,296,7
35198,297,8
35199,298,9
35200,299,10
35201,300,1
35202,301,2
35203,302,3
35204,303,4
35205,304,5
35206,305,6
35207,306,7
35208,307,8
35209,308,9
35210,309,10
35211,310,1
35212,311,2
35213,312,3
35214,313,4
35215,314,5
35216,315,6
35217,316,7
35218,317,8
35219,318,9
35220,319,10
35221,320,1
35222,321,2
35223,322,3
35224,323,4
35225,324,5
35226,325,6
35227,326,7
35228,327,8
35229,328,9
35230,329,10
35231,330,1
35232,331,2
35233,332,3
35234,333,4
35235,334,5
35236,335,6
35237,336,7
35238,337,8
35239,338,9
35240,339,10
35241,340,1
35242,341,2
35243,342,3
35244,343,4
35245,344,5
35246,345,6
35247,346,7
35248,347,8
35249,348,9
35250,349,10
35251,350,1
35252,351,2
35253,352,3
35254,353,4
35255,354,5
35256,355,6
35257,356,7
35258,357,8
35259,358,9
35260,359,10
35261,360,1
35262,361,2
35263,362,3
35264,363,4
35265,364,5
35266,365,6
35267,366,7
35268,367,8
35269,368,9
35270,369,10
35271,370,1
35272,371,2
35273,372,3
35274,373,4
35275,374,5
35276,375,6
35277,376,7
35278,377,8
35279,378,9
35280,379,10
35281,380,1
35282,381,2
35283,382,3
35284,383,4
35285,384,5
35286,385,6
35287,386,7
35288,387,8
35289,388,9
35290,389,10
35291,390,1
35292,391,2
35293,392,3
35294,393,4
35295,394,5
35296,395,6
35297,396,7
35298,397,8
35299,398,9
35300,399,10
35301,400,1
35302,401,2
35303,402,3
35304,403,4
35305,404,5
35306,405,6
35307,406,7
35308,407,8
35309,408,9
35310,409,10
35311,410,1
35312,411,2
35313,412,3
35314,413,4
35315,414,5
35316,415,6
35317,416,7
35318,417,8
35319,418,9
35320,419,10
35321,420,1
35322,421,2
35323,422,3
35324,423,4
35325,424,5
35326,425,6
35327,426,7
35328,427,8
35329,428,9
35330,429,10
35331,430,1
35332,431,2
35333,432,3
35334,433,4
35335,434,5
35336,435,6
35337,436,7
35338,437,8
35339,438,9
35340,439,10
35341,440,1
35342,441,2
35343,442,3
35344,443,4
35345,444,5
35346,445,6
35347,446,7
35348,447,8
35349,448,9
35350,449,10
35351,450,1
35352,451,2
35353,452,3
35354,453,4
35355,454,5
35356,455,6
35357,456,7
35358,457,8
35359,458,9
35360,459,10
35361,460,1
35362,461,2
35363,462,3
35364,463,4
35365,464,5
35366,465,6
35367,466,7
35368,467,8
35369,468,9
35370,469,10
35371,470,1
35372,471,2
35373,472,3
35374,473,4
35375,474,5
35376,475,6
35377,476,7
35378,477,8
35379,478,9
35380,479,10
35381,480,1
35382,481,2
35383,482,3
35384,483,4
35385,484,5
35386,485,6
35387,486,7
35388,487,8
35389,488,9
35390,489,10
35391,490,1
35392,491,2
35393,492,3
35394,493,4
35395,494,5
35396,495,6
35397,496,7
35398,497,8
35399,498,9
35400,499,10
35401,500,1
35402,501,2
35403,502,3
35404,503,4
35405,504,5
35406,505,6
35407,506,7
35408,507,8
35409,508,9
35410,509,10
35411,510,1
35412,511,2
35413,512,3
35414,513,4
35415,514,5
35416,515,6
35417,516,7
35418,517,8
35419,518,9
35420,519,10
35421,520,1
35422,521,2
35423,522,3
35424,523,4
35425,524,5
35426,525,6
35427,526,7
35428,527,8
35429,528,9
35430,529,10
35431,530,1
35432,531,2
35433,532,3
35434,533,4
35435,534,5
35436,535,6
35437,536,7
35438,537,8
35439,538,9
35440,539,10
35441,540,1
35442,541,2
35443,542,3
35444,543,4
35445,544,5
35446,545,6
35447,546,7
35448,547,8
35449,548,9
35450,549,10
35451,550,1
35452,551,2
35453,552,3
35454,553,4
35455,554,5
35456,555,6
35457,556,7
35458,557,8
35459,558,9
35460,559,10
35461,560,1
35462,561,2
35463,562,3
35464,563,4
35465,564,5
35466,565,6
35467,566,7
35468,567,8
35469,568,9
35470,569,10
35471,570,1
35472,571,2
35473,572,3
35474,573,4
35475,574,5
35476,575,6
35477,576,7
35478,577,8
35479,578,9
35480,579,10
35481,580,1
35482,581,2
35483,582,3
35484,583,4
35485,584,5
35486,585,6
35487,586,7
35488,587,8
35489,588,9
35490,589,10
35491,590,1
35492,591,2
35493,592,3
35494,593,4
35495,594,5
35496,595,6
35497,596,7
35498,597,8
35499,598,9
35500,599,10
35501,600,1
35502,601,2
35503,602,3
35504,603,4
35505,604,5
35506,605,6
35507,606,7
35508,607,8
35509,608,9
35510,609,10
35511,610,1
35512,611,2
35513,612,3
35514,613,4
35515,614,5
35516,615,6
35517,616,7
35518,617,8
35519,618,9
35520,619,10
35521,620,1
35522,621,2
35523,622,3
35524,623,4
35525,624,5
35526,625,6
35527,626,7
35528,627,8
35529,628,9
35530,629,10
35531,630,1
35532,631,2
35533,632,3
35534,633,4
35535,634,5
35536,635,6
35537,636,7
35538,637,8
35539,638,9
35540,639,10
35541,640,1
35542,641,2
35543,642,3
35544,643,4
35545,644,5
35546,645,6
35547,646,7
35548,647,8
35549,648,9
35550,649,10
35551,650,1
35552,651,2
35553,652,3
35554,653,4
35555,654,5
35556,655,6
35557,656,7
35558,657,8
35559,658,9
35560,659,10
35561,660,1
35562,661,2
35563,662,3
35564,663,4
35565,664,5
35566,665,6
35567,666,7
35568,667,8
35569,668,9
35570,669,10
35571,670,1
35572,671,2
35573,672,3
35574,673,4
35575,674,5
35576,675,6
35577,676,7
35578,677,8
35579,678,9
35580,679,10
35581,680,1
35582,681,2
35583,682,3
35584,683,4
35585,684,5
35586,685,6
35587,686,7
35588,687,8
35589,688,9
35590,689,10
35591,690,1
35592,691,2
35593,692,3
35594,693,4
35595,694,5
35596,695,6
35597,696,7
35598,697,8
35599,698,9
35600,699,10
35601,700,1
35602,701,2
35603,702,3
35604,703,4
35605,704,5
35606,705,6
35607,706,7
35608,707,8
35609,708,9
35610,709,10
35611,710,1
35612,711,2
35613,712,3
35614,713,4
35615,714,5
35616,715,6
35617,716,7
35618,717,8
35619,718,9
35620,719,10
35621,720,1
35622,721,2
35623,722,3
35624,723,4
35625,724,5
35626,725,6
35627,726,7
35628,727,8
35629,728,9
35630,729,10
35631,730,1
35632,731,2
35633,732,3
35634,733,4
35635,734,5
35636,735,6
35637,736,7
35638,737,8
35639,738,9
35640,739,10
35641,740,1
35642,741,2
35643,742,3
35644,743,4
35645,744,5
35646,745,6
35647,746,7
35648,747,8
35649,748,9
35650,749,10
35651,750,1
35652,751,2
35653,752,3
35654,753,4
35655,754,5
35656,755,6
35657,756,7
35658,757,8
35659,758,9
35660,759,10
35661,760,1
35662,761,2
35663,762,3
35664,763,4
35665,764,5
35666,765,6
35667,766,7
35668,767,8
35669,768,9
35670,769,10
35671,770,1
35672,771,2
35673,772,3
35674,773,4
35675,774,5
35676,775,6
35677,776,7
35678,777,8
35679,778,9
35680,779,10
35681,780,1
35682,781,2
35683,782,3
35684,783,4
35685,784,5
35686,785,6
35687,786,7
35688,787,8
35689,788,9
35690,789,10
35691,790,1
35692,791,2
35693,792,3
35694,793,4
35695,794,5
35696,795,6
35697,796,7
35698,797,8
35699,798,9
35700,799,10
35701,800,1
35702,801,2
35703,802,3
35704,803,4
35705,804,5
35706,805,6
35707,806,7
35708,807,8
35709,808,9
35710,809,10
35711,810,1
35712,811,2
35713,812,3
35714,813,4
35715,814,5
35716,815,6
35717,816,7
35718,817,8
35719,818,9
35720,819,10
35721,820,1
35722,821,2
35723,822,3
35724,823,4
35725,824,5
35726,825,6
35727,826,7
35728,827,8
35729,828,9
35730,829,10
35731,830,1
35732,831,2
35733,832,3
35734,833,4
35735,834,5
35736,835,6
35737,836,7
35738,837,8
35739,838,9
35740,839,10
35741,840,1
35742,841,2
35743,842,3
35744,843,4
35745,844,5
35746,845,6
35747,846,7
35748,847,8
35749,848,9
35750,849,10
35751,850,1
35752,851,2
35753,852,3
35754,853,4
35755,854,5
35756,855,6
35757,856,7
35758,857,8
35759,858,9
35760,859,10
35761,860,1
35762,861,2
35763,862,3
35764,863,4
35765,864,5
35766,865,6
35767,866,7
35768,867,8
35769,868,9
35770,869,10
35771,870,1
35772,871,2
35773,872,3
35774,873,4
35775,874,5
35776,875,6
35777,876,7
35778,877,8
35779,878,9
35780,879,10
35781,880,1
35782,881,2
35783,882,3
35784,883,4
35785,884,5
35786,885,6
35787,886,7
35788,887,8
35789,888,9
35790,889,10
35791,890,1
35792,891,2
35793,892,3
35794,893,4
35795,894,5
35796,895,6
35797,896,7
35798,897,8
35799,898,9
35800,899,10
35801,900,1
35802,901,2
35803,902,3
35804,903,4
35805,904,5
35806,905,6
35807,906,7
35808,907,8
35809,908,9
35810,909,10
35811,910,1
35812,911,2
35813,912,3
35814,913,4
35815,914,5
35816,915,6
35817,916,7
35818,917,8
35819,918,9
35820,919,10
35821,920,1
35822,921,2
35823,922,3
35824,923,4
35825,924,5
35826,925,6
35827,926,7
35828,927,8
35829,928,9
35830,929,10
35831,930,1
35832,931,2
35833,932,3
35834,933,4
35835,934,5
35836,935,6
35837,936,7
35838,937,8
35839,938,9
35840,939,10
35841,940,1
35842,941,2
35843,942,3
35844,943,4
35845,944,5
35846,945,6
35847,946,7
35848,947,8
35849,948,9
35850,949,10
35851,950,1
35852,951,2
35853,952,3
35854,953,4
35855,954,5
35856,955,6
35857,956,7
35858,957,8
35859,958,9
35860,959,10
35861,960,1
35862,961,2
35863,962,3
35864,963,4
35865,964,5
35866,965,6
35867,966,7
35868,967,8
35869,968,9
35870,969,10
35871,970,1
35872,971,2
35873,972,3
35874,973,4
35875,974,5
35876,975,6
35877,976,7
35878,977,8
35879,978,9
35880,979,10
35881,980,1
35882,981,2
35883,982,3
35884,983,4
35885,984,5
35886,985,6
35887,986,7
35888,987,8
35889,988,9
35890,989,10
35891,990,1
35892,991,2
35893,992,3
35894,993,4
35895,994,5
35896,995,6
35897,996,7
35898,997,8
35899,998,9
35900,999,10
35901,1000,1
35902,1001,2
35903,1002,3
35904,1003,4
35905,1004,5
35906,1005,6
35907,1006,7
35908,1007,8
35909,1008,9
35910,1009,10
35911,1010,1
35912,1011,2
35913,1012,3
35914,1013,4
35915,1014,5
35916,1015,6
35917,1016,7
35918,1017,8
35919,1018,9
35920,1019,10
35921,1020,1
35922,1021,2
35923,1022,3
35924,1023,4
35925,1024,5
35926,1025,6
35927,1026,7
35928,1027,8
35929,1028,9
35930,1029,10
35931,1030,1
35932,1031,2
35933,1032,3
35934,1033,4
35935,1034,5
35936,1035,6
35937,1036,7
35938,1037,8
35939,1038,9
35940,1039,10
35941,1040,1
35942,1041,2
35943,1042,3
35944,1043,4
35945,1044,5
35946,1045,6
35947,1046,7
35948,1047,8
35949,1048,9
35950,1049,10
35951,1050,1
35952,1051,2
35953,1052,3
35954,1053,4
35955,1054,5
35956,1055,6
35957,1056,7
35958,1057,8
35959,1058,9
35960,1059,10
35961,1060,1
35962,1061,2
35963,1062,3
35964,1063,4
35965,1064,5
35966,1065,6
35967,1066,7
35968,1067,8
35969,1068,9
35970,1069,10
35971,1070,1
35972,1071,2
35973,1072,3
35974,1073,4
35975,1074,5
35976,1075,6
35977,1076,7
35978,1077,8
35979,1078,9
35980,1079,10
35981,1080,1
35982,1081,2
35983,1082,3
35984,1083,4
35985,1084,5
35986,1085,6
35987,1086,7
35988,1087,8
35989,1088,9
35990,1089,10
35991,1090,1
35992,1091,2
35993,1092,3
35994,1093,4
35995,1094,5
35996,1095,6
35997,1096,7
35998,1097,8
35999,1098,9
36000,1099,10
36001,100,1
36002,101,2
36003,102,3
36004,103,4
36005,104,5
36006,105,6
36007,106,7
36008,107,8
36009,108,9
36010,109,10
36011,110,1
36012,111,2
36013,112,3
36014,113,4
36015,114,5
36016,115,6
36017,116,7
36018,117,8
36019,118,9
36020,119,10
36021,120,1
36022,121,2
36023,122,3
36024,123,4
36025,124,5
36026,125,6
36027,126,7
36028,127,8
36029,128,9
36030,129,10
36031,130,1
36032,131,2
36033,132,3
36034,133,4
36035,134,5
36036,135,6
36037,136,7
36038,137,8
36039,138,9
36040,139,10
36041,140,1
36042,141,2
36043,142,3
36044,143,4
36045,144,5
36046,145,6
36047,146,7
36048,147,8
36049,148,9
36050,149,10
36051,150,1
36052,151,2
36053,152,3
36054,153,4
36055,154,5
36056,155,6
36057,156,7
36058,157,8
36059,158,9
36060,159,10
36061,160,1
36062,161,2
36063,162,3
36064,163,4
36065,164,5
36066,165,6
36067,166,7
36068,167,8
36069,168,9
36070,169,10
36071,170,1
36072,171,2
36073,172,3
36074,173,4
36075,174,5
36076,175,6
36077,176,7
36078,177,8
36079,178,9
36080,179,10
36081,180,1
36082,181,2
36083,182,3
36084,183,4
36085,184,5
36086,185,6
36087,186,7
36088,187,8
36089,188,9
36090,189,10
36091,190,1
36092,191,2
36093,192,3
36094,193,4
36095,194,5
36096,195,6
36097,196,7
36098,197,8
36099,198,9
36100,199,10
36101,200,1
36102,201,2
36103,202,3
36104,203,4
36105,204,5
36106,205,6
36107,206,7
36108,207,8
36109,208,9
36110,209,10
36111,210,1
36112,211,2
36113,212,3
36114,213,4
36115,214,5
36116,215,6
36117,216,7
36118,217,8
36119,218,9
36120,219,10
36121,220,1
36122,221,2
36123,222,3
36124,223,4
36125,224,5
36126,225,6
36127,226,7
36128,227,8
36129,228,9
36130,229,10
36131,230,1
36132,231,2
36133,232,3
36134,233,4
36135,234,5
36136,235,6
36137,236,7
36138,237,8
36139,238,9
36140,239,10
36141,240,1
36142,241,2
36143,242,3
36144,243,4
36145,244,5
36146,245,6
36147,246,7
36148,247,8
36149,248,9
36150,249,10
36151,250,1
36152,251,2
36153,252,3
36154,253,4
36155,254,5
36156,255,6
36157,256,7
36158,257,8
36159,258,9
36160,259,10
36161,260,1
36162,261,2
36163,262,3
36164,263,4
36165,264,5
36166,265,6
36167,266,7
36168,267,8
36169,268,9
36170,269,10
36171,270,1
36172,271,2
36173,272,3
36174,273,4
36175,274,5
36176,275,6
36177,276,7
36178,277,8
36179,278,9
36180,279,10
36181,280,1
36182,281,2
36183,282,3
36184,283,4
36185,284,5
36186,285,6
36187,286,7
36188,287,8
36189,288,9
36190,289,10
36191,290,1
36192,291,2
36193,292,3
36194,293,4
36195,294,5
36196,295,6
36197,296,7
36198,297,8
36199,298,9
36200,299,10
36201,300,1
36202,301,2
36203,302,3
36204,303,4
36205,304,5
36206,305,6
36207,306,7
36208,307,8
36209,308,9
36210,309,10
36211,310,1
36212,311,2
36213,312,3
36214,313,4
36215,314,5
36216,315,6
36217,316,7
36218,317,8
36219,318,9
36220,319,10
36221,320,1
36222,321,2
36223,322,3
36224,323,4
36225,324,5
36226,325,6
36227,326,7
36228,327,8
36229,328,9
36230,329,10
36231,330,1
36232,331,2
36233,332,3
36234,333,4
36235,334,5
36236,335,6
36237,336,7
36238,337,8
36239,338,9
36240,339,10
36241,340,1
36242,341,2
36243,342,3
36244,343,4
36245,344,5
36246,345,6
36247,346,7
36248,347,8
36249,348,9
36250,349,10
36251,350,1
36252,351,2
36253,352,3
36254,353,4
36255,354,5
36256,355,6
36257,356,7
36258,357,8
36259,358,9
36260,359,10
36261,360,1
36262,361,2
36263,362,3
36264,363,4
36265,364,5
36266,365,6
36267,366,7
36268,367,8
36269,368,9
36270,369,10
36271,370,1
36272,371,2
36273,372,3
36274,373,4
36275,374,5
36276,375,6
36277,376,7
36278,377,8
36279,378,9
36280,379,10
36281,380,1
36282,381,2
36283,382,3
36284,383,4
36285,384,5
36286,385,6
36287,386,7
36288,387,8
36289,388,9
36290,389,10
36291,390,1
36292,391,2
36293,392,3
36294,393,4
36295,394,5
36296,395,6
36297,396,7
36298,397,8
36299,398,9
36300,399,10
36301,400,1
36302,401,2
36303,402,3
36304,403,4
36305,404,5
36306,405,6
36307,406,7
36308,407,8
36309,408,9
36310,409,10
36311,410,1
36312,411,2
36313,412,3
36314,413,4
36315,414,5
36316,415,6
36317,416,7
36318,417,8
36319,418,9
36320,419,10
36321,420,1
36322,421,2
36323,422,3
36324,423,4
36325,424,5
36326,425,6
36327,426,7
36328,427,8
36329,428,9
36330,429,10
36331,430,1
36332,431,2
36333,432,3
36334,433,4
36335,434,5
36336,435,6
36337,436,7
36338,437,8
36339,438,9
36340,439,10
36341,440,1
36342,441,2
36343,442,3
36344,443,4
36345,444,5
36346,445,6
36347,446,7
36348,447,8
36349,448,9
36350,449,10
36351,450,1
36352,451,2
36353,452,3
36354,453,4
36355,454,5
36356,455,6
36357,456,7
36358,457,8
36359,458,9
36360,459,10
36361,460,1
36362,461,2
36363,462,3
36364,463,4
36365,464,5
36366,465,6
36367,466,7
36368,467,8
36369,468,9
36370,469,10
36371,470,1
36372,471,2
36373,472,3
36374,473,4
36375,474,5
36376,475,6
36377,476,7
36378,477,8
36379,478,9
36380,479,10
36381,480,1
36382,481,2
36383,482,3
36384,483,4
36385,484,5
36386,485,6
36387,486,7
36388,487,8
36389,488,9
36390,489,10
36391,490,1
36392,491,2
36393,492,3
36394,493,4
36395,494,5
36396,495,6
36397,496,7
36398,497,8
36399,498,9
36400,499,10
36401,500,1
36402,501,2
36403,502,3
36404,503,4
36405,504,5
36406,505,6
36407,506,7
36408,507,8
36409,508,9
36410,509,10
36411,510,1
36412,511,2
36413,512,3
36414,513,4
36415,514,5
36416,515,6
36417,516,7
36418,517,8
36419,518,9
36420,519,10
36421,520,1
36422,521,2
36423,522,3
36424,523,4
36425,524,5
36426,525,6
36427,526,7
36428,527,8
36429,528,9
36430,529,10
36431,530,1
36432,531,2
36433,532,3
36434,533,4
36435,534,5
36436,535,6
36437,536,7
36438,537,8
36439,538,9
36440,539,10
36441,540,1
36442,541,2
36443,542,3
36444,543,4
36445,544,5
36446,545,6
36447,546,7
36448,547,8
36449,548,9
36450,549,10
36451,550,1
36452,551,2
36453,552,3
36454,553,4
36455,554,5
36456,555,6
36457,556,7
36458,557,8
36459,558,9
36460,559,10
36461,560,1
36462,561,2
36463,562,3
36464,563,4
36465,564,5
36466,565,6
36467,566,7
36468,567,8
36469,568,9
36470,569,10
36471,570,1
36472,571,2
36473,572,3
36474,573,4
36475,574,5
36476,575,6
36477,576,7
36478,577,8
36479,578,9
36480,579,10
36481,580,1
36482,581,2
36483,582,3
36484,583,4
36485,584,5
36486,585,6
36487,586,7
36488,587,8
36489,588,9
36490,589,10
36491,590,1
36492,591,2
36493,592,3
36494,593,4
36495,594,5
36496,595,6
36497,596,7
36498,597,8
36499,598,9
36500,599,10
36501,600,1
36502,601,2
36503,602,3
36504,603,4
36505,604,5
36506,605,6
36507,606,7
36508,607,8
36509,608,9
36510,609,10
36511,610,1
36512,611,2
36513,612,3
36514,613,4
36515,614,5
36516,615,6
36517,616,7
36518,617,8
36519,618,9
36520,619,10
36521,620,1
36522,621,2
36523,622,3
36524,623,4
36525,624,5
36526,625,6
36527,626,7
36528,627,8
36529,628,9
36530,629,10
36531,630,1
36532,631,2
36533,632,3
36534,633,4
36535,634,5
36536,635,6
36537,636,7
36538,637,8
36539,638,9
36540,639,10
36541,640,1
36542,641,2
36543,642,3
36544,643,4
36545,644,5
36546,645,6
36547,646,7
36548,647,8
36549,648,9
36550,649,10
36551,650,1
36552,651,2
36553,652,3
36554,653,4
36555,654,5
36556,655,6
36557,656,7
36558,657,8
36559,658,9
36560,659,10
36561,660,1
36562,661,2
36563,662,3
36564,663,4
36565,664,5
36566,665,6
36567,666,7
36568,667,8
36569,668,9
36570,669,10
36571,670,1
36572,671,2
36573,672,3
36574,673,4
36575,674,5
36576,675,6
36577,676,7
36578,677,8
36579,678,9
36580,679,10
36581,680,1
36582,681,2
36583,682,3
36584,683,4
36585,684,5
36586,685,6
36587,686,7
36588,687,8
36589,688,9
36590,689,10
36591,690,1
36592,691,2
36593,692,3
36594,693,4
36595,694,5
36596,695,6
36597,696,7
36598,697,8
36599,698,9
36600,699,10
36601,700,1
36602,701,2
36603,702,3
36604,703,4
36605,704,5
36606,705,6
36607,706,7
36608,707,8
36609,708,9
36610,709,10
36611,710,1
36612,711,2
36613,712,3
36614,713,4
36615,714,5
36616,715,6
36617,716,7
36618,717,8
36619,718,9
36620,719,10
36621,720,1
36622,721,2
36623,722,3
36624,723,4
36625,724,5
36626,725,6
36627,726,7
36628,727,8
36629,728,9
36630,729,10
36631,730,1
36632,731,2
36633,732,3
36634,733,4
36635,734,5
36636,735,6
36637,736,7
36638,737,8
36639,738,9
36640,739,10
36641,740,1
36642,741,2
36643,742,3
36644,743,4
36645,744,5
36646,745,6
36647,746,7
36648,747,8
36649,748,9
36650,749,10
36651,750,1
36652,751,2
36653,752,3
36654,753,4
36655,754,5
36656,755,6
36657,756,7
36658,757,8
36659,758,9
36660,759,10
36661,760,1
36662,761,2
36663,762,3
36664,763,4
36665,764,5
36666,765,6
36667,766,7
36668,767,8
36669,768,9
36670,769,10
36671,770,1
36672,771,2
36673,772,3
36674,773,4
36675,774,5
36676,775,6
36677,776,7
36678,777,8
36679,778,9
36680,779,10
36681,780,1
36682,781,2
36683,782,3
36684,783,4
36685,784,5
36686,785,6
36687,786,7
36688,787,8
36689,788,9
36690,789,10
36691,790,1
36692,791,2
36693,792,3
36694,793,4
36695,794,5
36696,795,6
36697,796,7
36698,797,8
36699,798,9
36700,799,10
36701,800,1
36702,801,2
36703,802,3
36704,803,4
36705,804,5
36706,805,6
36707,806,7
36708,807,8
36709,808,9
36710,809,10
36711,810,1
36712,811,2
36713,812,3
36714,813,4
36715,814,5
36716,815,6
36717,816,7
36718,817,8
36719,818,9
36720,819,10
36721,820,1
36722,821,2
36723,822,3
36724,823,4
36725,824,5
36726,825,6
36727,826,7
36728,827,8
36729,828,9
36730,829,10
36731,830,1
36732,831,2
36733,832,3
36734,833,4
36735,834,5
36736,835,6
36737,836,7
36738,837,8
36739,838,9
36740,839,10
36741,840,1
36742,841,2
36743,842,3
36744,843,4
36745,844,5
36746,845,6
36747,846,7
36748,847,8
36749,848,9
36750,849,10
36751,850,1
36752,851,2
36753,852,3
36754,853,4
36755,854,5
36756,855,6
36757,856,7
36758,857,8
36759,858,9
36760,859,10
36761,860,1
36762,861,2
36763,862,3
36764,863,4
36765,864,5
36766,865,6
36767,866,7
36768,867,8
36769,868,9
36770,869,10
36771,870,1
36772,871,2
36773,872,3
36774,873,4
36775,874,5
36776,875,6
36777,876,7
36778,877,8
36779,878,9
36780,879,10
36781,880,1
36782,881,2
36783,882,3
36784,883,4
36785,884,5
36786,885,6
36787,886,7
36788,887,8
36789,888,9
36790,889,10
36791,890,1
36792,891,2
36793,892,3
36794,893,4
36795,894,5
36796,895,6
36797,896,7
36798,897,8
36799,898,9
36800,899,10
36801,900,1
36802,901,2
36803,902,3
36804,903,4
36805,904,5
36806,905,6
36807,906,7
36808,907,8
36809,908,9
36810,909,10
36811,910,1
36812,911,2
36813,912,3
36814,913,4
36815,914,5
36816,915,6
36817,916,7
36818,917,8
36819,918,9
36820,919,10
36821,920,1
36822,921,2
36823,922,3
36824,923,4
36825,924,5
36826,925,6
36827,926,7
36828,927,8
36829,928,9
36830,929,10
36831,930,1
36832,931,2
36833,932,3
36834,933,4
36835,934,5
36836,935,6
36837,936,7
36838,937,8
36839,938,9
36840,939,10
36841,940,1
36842,941,2
36843,942,3
36844,943,4
36845,944,5
36846,945,6
36847,946,7
36848,947,8
36849,948,9
36850,949,10
36851,950,1
36852,951,2
36853,952,3
36854,953,4
36855,954,5
36856,955,6
36857,956,7
36858,957,8
36859,958,9
36860,959,10
36861,960,1
36862,961,2
36863,962,3
36864,963,4
36865,964,5
36866,965,6
36867,966,7
36868,967,8
36869,968,9
36870,969,10
36871,970,1
36872,971,2
36873,972,3
36874,973,4
36875,974,5
36876,975,6
36877,976,7
36878,977,8
36879,978,9
36880,979,10
36881,980,1
36882,981,2
36883,982,3
36884,983,4
36885,984,5
36886,985,6
36887,986,7
36888,987,8
36889,988,9
36890,989,10
36891,990,1
36892,991,2
36893,992,3
36894,993,4
36895,994,5
36896,995,6
36897,996,7
36898,997,8
36899,998,9
36900,999,10
36901,1000,1
36902,1001,2
36903,1002,3
36904,1003,4
36905,1004,5
36906,1005,6
36907,1006,7
36908,1007,8
36909,1008,9
36910,1009,10
36911,1010,1
36912,1011,2
36913,1012,3
36914,1013,4
36915,1014,5
36916,1015,6
36917,1016,7
36918,1017,8
36919,1018,9
36920,1019,10
36921,1020,1
36922,1021,2
36923,1022,3
36924,1023,4
36925,1024,5
36926,1025,6
36927,1026,7
36928,1027,8
36929,1028,9
36930,1029,10
36931,1030,1
36932,1031,2
36933,1032,3
36934,1033,4
36935,1034,5
36936,1035,6
36937,1036,7
36938,1037,8
36939,1038,9
36940,1039,10
36941,1040,1
36942,1041,2
36943,1042,3
36944,1043,4
36945,1044,5
36946,1045,6
36947,1046,7
36948,1047,8
36949,1048,9
36950,1049,10
36951,1050,1
36952,1051,2
36953,1052,3
36954,1053,4
36955,1054,5
36956,1055,6
36957,1056,7
36958,1057,8
36959,1058,9
36960,1059,10
36961,1060,1
36962,1061,2
36963,1062,3
36964,1063,4
36965,1064,5
36966,1065,6
36967,1066,7
36968,1067,8
36969,1068,9
36970,1069,10
36971,1070,1
36972,1071,2
36973,1072,3
36974,1073,4
36975,1074,5
36976,1075,6
36977,1076,7
36978,1077,8
36979,1078,9
36980,1079,10
36981,1080,1
36982,1081,2
36983,1082,3
36984,1083,4
36985,1084,5
36986,1085,6
36987,1086,7
36988,1087,8
36989,1088,9
36990,1089,10
36991,1090,1
36992,1091,2
36993,1092,3
36994,1093,4
36995,1094,5
36996,1095,6
36997,1096,7
36998,1097,8
36999,1098,9
37000,1099,10
37001,100,1
37002,101,2
37003,102,3
37004,103,4
37005,104,5
37006,105,6
37007,106,7
37008,107,8
37009,108,9
37010,109,10
37011,110,1
37012,111,2
37013,112,3
37014,113,4
37015,114,5
37016,115,6
37017,116,7
37018,117,8
37019,118,9
37020,119,10
37021,120,1
37022,121,2
37023,122,3
37024,123,4
37025,124,5
37026,125,6
37027,126,7
37028,127,8
37029,128,9
37030,129,10
37031,130,1
37032,131,2
37033,132,3
37034,133,4
37035,134,5
37036,135,6
37037,136,7
37038,137,8
37039,138,9
37040,139,10
37041,140,1
37042,141,2
37043,142,3
37044,143,4
37045,144,5
37046,145,6
37047,146,7
37048,147,8
37049,148,9
37050,149,10
37051,150,1
37052,151,2
37053,152,3
37054,153,4
37055,154,5
37056,155,6
37057,156,7
37058,157,8
37059,158,9
37060,159,10
37061,160,1
37062,161,2
37063,162,3
37064,163,4
37065,164,5
37066,165,6
37067,166,7
37068,167,8
37069,168,9
37070,169,10
37071,170,1
37072,171,2
37073,172,3
37074,173,4
37075,174,5
37076,175,6
37077,176,7
37078,177,8
37079,178,9
37080,179,10
37081,180,1
37082,181,2
37083,182,3
37084,183,4
37085,184,5
37086,185,6
37087,186,7
37088,187,8
37089,188,9
37090,189,10
37091,190,1
37092,191,2
37093,192,3
37094,193,4
37095,194,5
37096,195,6
37097,196,7
37098,197,8
37099,198,9
37100,199,10
37101,200,1
37102,201,2
37103,202,3
37104,203,4
37105,204,5
37106,205,6
37107,206,7
37108,207,8
37109,208,9
37110,209,10
37111,210,1
37112,211,2
37113,212,3
37114,213,4
37115,214,5
37116,215,6
37117,216,7
37118,217,8
37119,218,9
37120,219,10
37121,220,1
37122,221,2
37123,222,3
37124,223,4
37125,224,5
37126,225,6
37127,226,7
37128,227,8
37129,228,9
37130,229,10
37131,230,1
37132,231,2
37133,232,3
37134,233,4
37135,234,5
37136,235,6
37137,236,7
37138,237,8
37139,238,9
37140,239,10
37141,240,1
37142,241,2
37143,242,3
37144,243,4
37145,244,5
37146,245,6
37147,246,7
37148,247,8
37149,248,9
37150,249,10
37151,250,1
37152,251,2
37153,252,3
37154,253,4
37155,254,5
37156,255,6
37157,256,7
37158,257,8
37159,258,9
37160,259,10
37161,260,1
37162,261,2
37163,262,3
37164,263,4
37165,264,5
37166,265,6
37167,266,7
37168,267,8
37169,268,9
37170,269,10
37171,270,1
37172,271,2
37173,272,3
37174,273,4
37175,274,5
37176,275,6
37177,276,7
37178,277,8
37179,278,9
37180,279,10
37181,280,1
37182,281,2
37183,282,3
37184,283,4
37185,284,5
37186,285,6
37187,286,7
37188,287,8
37189,288,9
37190,289,10
37191,290,1
37192,291,2
37193,292,3
37194,293,4
37195,294,5
37196,295,6
37197,296,7
37198,297,8
37199,298,9
37200,299,10
37201,300,1
37202,301,2
37203,302,3
37204,303,4
37205,304,5
37206,305,6
37207,306,7
37208,307,8
37209,308,9
37210,309,10
37211,310,1
37212,311,2
37213,312,3
37214,313,4
37215,314,5
37216,315,6
37217,316,7
37218,317,8
37219,318,9
37220,319,10
37221,320,1
37222,321,2
37223,322,3
37224,323,4
37225,324,5
37226,325,6
37227,326,7
37228,327,8
37229,328,9
37230,329,10
37231,330,1
37232,331,2
37233,332,3
37234,333,4
37235,334,5
37236,335,6
37237,336,7
37238,337,8
37239,338,9
37240,339,10
37241,340,1
37242,341,2
37243,342,3
37244,343,4
37245,344,5
37246,345,6
37247,346,7
37248,347,8
37249,348,9
37250,349,10
37251,350,1
37252,351,2
37253,352,3
37254,353,4
37255,354,5
37256,355,6
37257,356,7
37258,357,8
37259,358,9
37260,359,10
37261,360,1
37262,361,2
37263,362,3
37264,363,4
37265,364,5
37266,365,6
37267,366,7
37268,367,8
37269,368,9
37270,369,10
37271,370,1
37272,371,2
37273,372,3
37274,373,4
37275,374,5
37276,375,6
37277,376,7
37278,377,8
37279,378,9
37280,379,10
37281,380,1
37282,381,2
37283,382,3
37284,383,4
37285,384,5
37286,385,6
37287,386,7
37288,387,8
37289,388,9
37290,389,10
37291,390,1
37292,391,2
37293,392,3
37294,393,4
37295,394,5
37296,395,6
37297,396,7
37298,397,8
37299,398,9
37300,399,10
37301,400,1
37302,401,2
37303,402,3
37304,403,4
37305,404,5
37306,405,6
37307,406,7
37308,407,8
37309,408,9
37310,409,10
37311,410,1
37312,411,2
37313,412,3
37314,413,4
37315,414,5
37316,415,6
37317,416,7
37318,417,8
37319,418,9
37320,419,10
37321,420,1
37322,421,2
37323,422,3
37324,423,4
37325,424,5
37326,425,6
37327,426,7
37328,427,8
37329,428,9
37330,429,10
37331,430,1
37332,431,2
37333,432,3
37334,433,4
37335,434,5
37336,435,6
37337,436,7
37338,437,8
37339,438,9
37340,439,10
37341,440,1
37342,441,2
37343,442,3
37344,443,4
37345,444,5
37346,445,6
37347,446,7
37348,447,8
37349,448,9
37350,449,10
37351,450,1
37352,451,2
37353,452,3
37354,453,4
37355,454,5
37356,455,6
37357,456,7
37358,457,8
37359,458,9
37360,459,10
37361,460,1
37362,461,2
37363,462,3
37364,463,4
37365,464,5
37366,465,6
37367,466,7
37368,467,8
37369,468,9
37370,469,10
37371,470,1
37372,471,2
37373,472,3
37374,473,4
37375,474,5
37376,475,6
37377,476,7
37378,477,8
37379,478,9
37380,479,10
37381,480,1
37382,481,2
37383,482,3
37384,483,4
37385,484,5
37386,485,6
37387,486,7
37388,487,8
37389,488,9
37390,489,10
37391,490,1
37392,491,2
37393,492,3
37394,493,4
37395,494,5
37396,495,6
37397,496,7
37398,497,8
37399,498,9
37400,499,10
37401,500,1
37402,501,2
37403,502,3
37404,503,4
37405,504,5
37406,505,6
37407,506,7
37408,507,8
37409,508,9
37410,509,10
37411,510,1
37412,511,2
37413,512,3
37414,513,4
37415,514,5
37416,515,6
37417,516,7
37418,517,8
37419,518,9
37420,519,10
37421,520,1
37422,521,2
37423,522,3
37424,523,4
37425,524,5
37426,525,6
37427,526,7
37428,527,8
37429,528,9
37430,529,10
37431,530,1
37432,531,2
37433,532,3
37434,533,4
37435,534,5
37436,535,6
37437,536,7
37438,537,8
37439,538,9
37440,539,10
37441,540,1
37442,541,2
37443,542,3
37444,543,4
37445,544,5
37446,545,6
37447,546,7
37448,547,8
37449,548,9
37450,549,10
37451,550,1
37452,551,2
37453,552,3
37454,553,4
37455,554,5
37456,555,6
37457,556,7
37458,557,8
37459,558,9
37460,559,10
37461,560,1
37462,561,2
37463,562,3
37464,563,4
37465,564,5
37466,565,6
37467,566,7
37468,567,8
37469,568,9
37470,569,10
37471,570,1
37472,571,2
37473,572,3
37474,573,4
37475,574,5
37476,575,6
37477,576,7
37478,577,8
37479,578,9
37480,579,10
37481,580,1
37482,581,2
37483,582,3
37484,583,4
37485,584,5
37486,585,6
37487,586,7
37488,587,8
37489,588,9
37490,589,10
37491,590,1
37492,591,2
37493,592,3
37494,593,4
37495,594,5
37496,595,6
37497,596,7
37498,597,8
37499,598,9
37500,599,10
37501,600,1
37502,601,2
37503,602,3
37504,603,4
37505,604,5
37506,605,6
37507,606,7
37508,607,8
37509,608,9
37510,609,10
37511,610,1
37512,611,2
37513,612,3
37514,613,4
37515,614,5
37516,615,6
37517,616,7
37518,617,8
37519,618,9
37520,619,10
37521,620,1
37522,621,2
37523,622,3
37524,623,4
37525,624,5
37526,625,6
37527,626,7
37528,627,8
37529,628,9
37530,629,10
37531,630,1
37532,631,2
37533,632,3
37534,633,4
37535,634,5
37536,635,6
37537,636,7
37538,637,8
37539,638,9
37540,639,10
37541,640,1
37542,641,2
37543,642,3
37544,643,4
37545,644,5
37546,645,6
37547,646,7
37548,647,8
37549,648,9
37550,649,10
37551,650,1
37552,651,2
37553,652,3
37554,653,4
37555,654,5
37556,655,6
37557,656,7
37558,657,8
37559,658,9
37560,659,10
37561,660,1
37562,661,2
37563,662,3
37564,663,4
37565,664,5
37566,665,6
37567,666,7
37568,667,8
37569,668,9
37570,669,10
37571,670,1
37572,671,2
37573,672,3
37574,673,4
37575,674,5
37576,675,6
37577,676,7
37578,677,8
37579,678,9
37580,679,10
37581,680,1
37582,681,2
37583,682,3
37584,683,4
37585,684,5
37586,685,6
37587,686,7
37588,687,8
37589,688,9
37590,689,10
37591,690,1
37592,691,2
37593,692,3
37594,693,4
37595,694,5
37596,695,6
37597,696,7
37598,697,8
37599,698,9
37600,699,10
37601,700,1
37602,701,2
37603,702,3
37604,703,4
37605,704,5
37606,705,6
37607,706,7
37608,707,8
37609,708,9
37610,709,10
37611,710,1
37612,711,2
37613,712,3
37614,713,4
37615,714,5
37616,715,6
37617,716,7
37618,717,8
37619,718,9
37620,719,10
37621,720,1
37622,721,2
37623,722,3
37624,723,4
37625,724,5
37626,725,6
37627,726,7
37628,727,8
37629,728,9
37630,729,10
37631,730,1
37632,731,2
37633,732,3
37634,733,4
37635,734,5
37636,735,6
37637,736,7
37638,737,8
37639,738,9
37640,739,10
37641,740,1
37642,741,2
37643,742,3
37644,743,4
37645,744,5
37646,745,6
37647,746,7
37648,747,8
37649,748,9
37650,749,10
37651,750,1
37652,751,2
37653,752,3
37654,753,4
37655,754,5
37656,755,6
37657,756,7
37658,757,8
37659,758,9
37660,759,10
37661,760,1
37662,761,2
37663,762,3
37664,763,4
37665,764,5
37666,765,6
37667,766,7
37668,767,8
37669,768,9
37670,769,10
37671,770,1
37672,771,2
37673,772,3
37674,773,4
37675,774,5
37676,775,6
37677,776,7
37678,777,8
37679,778,9
37680,779,10
37681,780,1
37682,781,2
37683,782,3
37684,783,4
37685,784,5
37686,785,6
37687,786,7
37688,787,8
37689,788,9
37690,789,10
37691,790,1
37692,791,2
37693,792,3
37694,793,4
37695,794,5
37696,795,6
37697,796,7
37698,797,8
37699,798,9
37700,799,10
37701,800,1
37702,801,2
37703,802,3
37704,803,4
37705,804,5
37706,805,6
37707,806,7
37708,807,8
37709,808,9
37710,809,10
37711,810,1
37712,811,2
37713,812,3
37714,813,4
37715,814,5
37716,815,6
37717,816,7
37718,817,8
37719,818,9
37720,819,10
37721,820,1
37722,821,2
37723,822,3
37724,823,4
37725,824,5
37726,825,6
37727,826,7
37728,827,8
37729,828,9
37730,829,10
37731,830,1
37732,831,2
37733,832,3
37734,833,4
37735,834,5
37736,835,6
37737,836,7
37738,837,8
37739,838,9
37740,839,10
37741,840,1
37742,841,2
37743,842,3
37744,843,4
37745,844,5
37746,845,6
37747,846,7
37748,847,8
37749,848,9
37750,849,10
37751,850,1
37752,851,2
37753,852,3
37754,853,4
37755,854,5
37756,855,6
37757,856,7
37758,857,8
37759,858,9
37760,859,10
37761,860,1
37762,861,2
37763,862,3
37764,863,4
37765,864,5
37766,865,6
37767,866,7
37768,867,8
37769,868,9
37770,869,10
37771,870,1
37772,871,2
37773,872,3
37774,873,4
37775,874,5
37776,875,6
37777,876,7
37778,877,8
37779,878,9
37780,879,10
37781,880,1
37782,881,2
37783,882,3
37784,883,4
37785,884,5
37786,885,6
37787,886,7
37788,887,8
37789,888,9
37790,889,10
37791,890,1
37792,891,2
37793,892,3
37794,893,4
37795,894,5
37796,895,6
37797,896,7
37798,897,8
37799,898,9
37800,899,10
37801,900,1
37802,901,2
37803,902,3
37804,903,4
37805,904,5
37806,905,6
37807,906,7
37808,907,8
37809,908,9
37810,909,10
37811,910,1
37812,911,2
37813,912,3
37814,913,4
37815,914,5
37816,915,6
37817,916,7
37818,917,8
37819,918,9
37820,919,10
37821,920,1
37822,921,2
37823,922,3
37824,923,4
37825,924,5
37826,925,6
37827,926,7
37828,927,8
37829,928,9
37830,929,10
37831,930,1
37832,931,2
37833,932,3
37834,933,4
37835,934,5
37836,935,6
37837,936,7
37838,937,8
37839,938,9
37840,939,10
37841,940,1
37842,941,2
37843,942,3
37844,943,4
37845,944,5
37846,945,6
37847,946,7
37848,947,8
37849,948,9
37850,949,10
37851,950,1
37852,951,2
37853,952,3
37854,953,4
37855,954,5
37856,955,6
37857,956,7
37858,957,8
37859,958,9
37860,959,10
37861,960,1
37862,961,2
37863,962,3
37864,963,4
37865,964,5
37866,965,6
37867,966,7
37868,967,8
37869,968,9
37870,969,10
37871,970,1
37872,971,2
37873,972,3
37874,973,4
37875,974,5
37876,975,6
37877,976,7
37878,977,8
37879,978,9
37880,979,10
37881,980,1
37882,981,2
37883,982,3
37884,983,4
37885,984,5
37886,985,6
37887,986,7
37888,987,8
37889,988,9
37890,989,10
37891,990,1
37892,991,2
37893,992,3
37894,993,4
37895,994,5
37896,995,6
37897,996,7
37898,997,8
37899,998,9
37900,999,10
37901,1000,1
37902,1001,2
37903,1002,3
37904,1003,4
37905,1004,5
37906,1005,6
37907,1006,7
37908,1007,8
37909,1008,9
37910,1009,10
37911,1010,1
37912,1011,2
37913,1012,3
37914,1013,4
37915,1014,5
37916,1015,6
37917,1016,7
37918,1017,8
37919,1018,9
37920,1019,10
37921,1020,1
37922,1021,2
37923,1022,3
37924,1023,4
37925,1024,5
37926,1025,6
37927,1026,7
37928,1027,8
37929,1028,9
37930,1029,10
37931,1030,1
37932,1031,2
37933,1032,3
37934,1033,4
37935,1034,5
37936,1035,6
37937,1036,7
37938,1037,8
37939,1038,9
37940,1039,10
37941,1040,1
37942,1041,2
37943,1042,3
37944,1043,4
37945,1044,5
37946,1045,6
37947,1046,7
37948,1047,8
37949,1048,9
37950,1049,10
37951,1050,1
37952,1051,2
37953,1052,3
37954,1053,4
37955,1054,5
37956,1055,6
37957,1056,7
37958,1057,8
37959,1058,9
37960,1059,10
37961,1060,1
37962,1061,2
37963,1062,3
37964,1063,4
37965,1064,5
37966,1065,6
37967,1066,7
37968,1067,8
37969,1068,9
37970,1069,10
37971,1070,1
37972,1071,2
37973,1072,3
37974,1073,4
37975,1074,5
37976,1075,6
37977,1076,7
37978,1077,8
37979,1078,9
37980,1079,10
37981,1080,1
37982,1081,2
37983,1082,3
37984,1083,4
37985,1084,5
37986,1085,6
37987,1086,7
37988,1087,8
37989,1088,9
37990,1089,10
37991,1090,1
37992,1091,2
37993,1092,3
37994,1093,4
37995,1094,5
37996,1095,6
37997,1096,7
37998,1097,8
37999,1098,9
38000,1099,10
38001,100,1
38002,101,2
38003,102,3
38004,103,4
38005,104,5
38006,105,6
38007,106,7
38008,107,8
38009,108,9
38010,109,10
38011,110,1
38012,111,2
38013,112,3
38014,113,4
38015,114,5
38016,115,6
38017,116,7
38018,117,8
38019,118,9
38020,119,10
38021,120,1
38022,121,2
38023,122,3
38024,123,4
38025,124,5
38026,125,6
38027,126,7
38028,127,8
38029,128,9
38030,129,10
38031,130,1
38032,131,2
38033,132,3
38034,133,4
38035,134,5
38036,135,6
38037,136,7
38038,137,8
38039,138,9
38040,139,10
38041,140,1
38042,141,2
38043,142,3
38044,143,4
38045,144,5
38046,145,6
38047,146,7
38048,147,8
38049,148,9
38050,149,10
38051,150,1
38052,151,2
38053,152,3
38054,153,4
38055,154,5
38056,155,6
38057,156,7
38058,157,8
38059,158,9
38060,159,10
38061,160,1
38062,161,2
38063,162,3
38064,163,4
38065,164,5
38066,165,6
38067,166,7
38068,167,8
38069,168,9
38070,169,10
38071,170,1
38072,171,2
38073,172,3
38074,173,4
38075,174,5
38076,175,6
38077,176,7
38078,177,8
38079,178,9
38080,179,10
38081,180,1
38082,181,2
38083,182,3
38084,183,4
38085,184,5
38086,185,6
38087,186,7
38088,187,8
38089,188,9
38090,189,10
38091,190,1
38092,191,2
38093,192,3
38094,193,4
38095,194,5
38096,195,6
38097,196,7
38098,197,8
38099,198,9
38100,199,10
38101,200,1
38102,201,2
38103,202,3
38104,203,4
38105,204,5
38106,205,6
38107,206,7
38108,207,8
38109,208,9
38110,209,10
38111,210,1
38112,211,2
38113,212,3
38114,213,4
38115,214,5
38116,215,6
38117,216,7
38118,217,8
38119,218,9
38120,219,10
38121,220,1
38122,221,2
38123,222,3
38124,223,4
38125,224,5
38126,225,6
38127,226,7
38128,227,8
38129,228,9
38130,229,10
38131,230,1
38132,231,2
38133,232,3
38134,233,4
38135,234,5
38136,235,6
38137,236,7
38138,237,8
38139,238,9
38140,239,10
38141,240,1
38142,241,2
38143,242,3
38144,243,4
38145,244,5
38146,245,6
38147,246,7
38148,247,8
38149,248,9
38150,249,10
38151,250,1
38152,251,2
38153,252,3
38154,253,4
38155,254,5
38156,255,6
38157,256,7
38158,257,8
38159,258,9
38160,259,10
38161,260,1
38162,261,2
38163,262,3
38164,263,4
38165,264,5
38166,265,6
38167,266,7
38168,267,8
38169,268,9
38170,269,10
38171,270,1
38172,271,2
38173,272,3
38174,273,4
38175,274,5
38176,275,6
38177,276,7
38178,277,8
38179,278,9
38180,279,10
38181,280,1
38182,281,2
38183,282,3
38184,283,4
38185,284,5
38186,285,6
38187,286,7
38188,287,8
38189,288,9
38190,289,10
38191,290,1
38192,291,2
38193,292,3
38194,293,4
38195,294,5
38196,295,6
38197,296,7
38198,297,8
38199,298,9
38200,299,10
38201,300,1
38202,301,2
38203,302,3
38204,303,4
38205,304,5
38206,305,6
38207,306,7
38208,307,8
38209,308,9
38210,309,10
38211,310,1
38212,311,2
38213,312,3
38214,313,4
38215,314,5
38216,315,6
38217,316,7
38218,317,8
38219,318,9
38220,319,10
38221,320,1
38222,321,2
38223,322,3
38224,323,4
38225,324,5
38226,325,6
38227,326,7
38228,327,8
38229,328,9
38230,329,10
38231,330,1
38232,331,2
38233,332,3
38234,333,4
38235,334,5
38236,335,6
38237,336,7
38238,337,8
38239,338,9
38240,339,10
38241,340,1
38242,341,2
38243,342,3
38244,343,4
38245,344,5
38246,345,6
38247,346,7
38248,347,8
38249,348,9
38250,349,10
38251,350,1
38252,351,2
38253,352,3
38254,353,4
38255,354,5
38256,355,6
38257,356,7
38258,357,8
38259,358,9
38260,359,10
38261,360,1
38262,361,2
38263,362,3
38264,363,4
38265,364,5
38266,365,6
38267,366,7
38268,367,8
38269,368,9
38270,369,10
38271,370,1
38272,371,2
38273,372,3
38274,373,4
38275,374,5
38276,375,6
38277,376,7
38278,377,8
38279,378,9
38280,379,10
38281,380,1
38282,381,2
38283,382,3
38284,383,4
38285,384,5
38286,385,6
38287,386,7
38288,387,8
38289,388,9
38290,389,10
38291,390,1
38292,391,2
38293,392,3
38294,393,4
38295,394,5
38296,395,6
38297,396,7
38298,397,8
38299,398,9
38300,399,10
38301,400,1
38302,401,2
38303,402,3
38304,403,4
38305,404,5
38306,405,6
38307,406,7
38308,407,8
38309,408,9
38310,409,10
38311,410,1
38312,411,2
38313,412,3
38314,413,4
38315,414,5
38316,415,6
38317,416,7
38318,417,8
38319,418,9
38320,419,10
38321,420,1
38322,421,2
38323,422,3
38324,423,4
38325,424,5
38326,425,6
38327,426,7
38328,427,8
38329,428,9
38330,429,10
38331,430,1
38332,431,2
38333,432,3
38334,433,4
38335,434,5
38336,435,6
38337,436,7
38338,437,8
38339,438,9
38340,439,10
38341,440,1
38342,441,2
38343,442,3
38344,443,4
38345,444,5
38346,445,6
38347,446,7
38348,447,8
38349,448,9
38350,449,10
38351,450,1
38352,451,2
38353,452,3
38354,453,4
38355,454,5
38356,455,6
38357,456,7
38358,457,8
38359,458,9
38360,459,10
38361,460,1
38362,461,2
38363,462,3
38364,463,4
38365,464,5
38366,465,6
38367,466,7
38368,467,8
38369,468,9
38370,469,10
38371,470,1
38372,471,2
38373,472,3
38374,473,4
38375,474,5
38376,475,6
38377,476,7
38378,477,8
38379,478,9
38380,479,10
38381,480,1
38382,481,2
38383,482,3
38384,483,4
38385,484,5
38386,485,6
38387,486,7
38388,487,8
38389,488,9
38390,489,10
38391,490,1
38392,491,2
38393,492,3
38394,493,4
38395,494,5
38396,495,6
38397,496,7
38398,497,8
38399,498,9
38400,499,10
38401,500,1
38402,501,2
38403,502,3
38404,503,4
38405,504,5
38406,505,6
38407,506,7
38408,507,8
38409,508,9
38410,509,10
38411,510,1
38412,511,2
38413,512,3
38414,513,4
38415,514,5
38416,515,6
38417,516,7
38418,517,8
38419,518,9
38420,519,10
38421,520,1
38422,521,2
38423,522,3
38424,523,4
38425,524,5
38426,525,6
38427,526,7
38428,527,8
38429,528,9
38430,529,10
38431,530,1
38432,531,2
38433,532,3
38434,533,4
38435,534,5
38436,535,6
38437,536,7
38438,537,8
38439,538,9
38440,539,10
38441,540,1
38442,541,2
38443,542,3
38444,543,4
38445,544,5
38446,545,6
38447,546,7
38448,547,8
38449,548,9
38450,549,10
38451,550,1
38452,551,2
38453,552,3
38454,553,4
38455,554,5
38456,555,6
38457,556,7
38458,557,8
38459,558,9
38460,559,10
38461,560,1
38462,561,2
38463,562,3
38464,563,4
38465,564,5
38466,565,6
38467,566,7
38468,567,8
38469,568,9
38470,569,10
38471,570,1
38472,571,2
38473,572,3
38474,573,4
38475,574,5
38476,575,6
38477,576,7
38478,577,8
38479,578,9
38480,579,10
38481,580,1
38482,581,2
38483,582,3
38484,583,4
38485,584,5
38486,585,6
38487,586,7
38488,587,8
38489,588,9
38490,589,10
38491,590,1
38492,591,2
38493,592,3
38494,593,4
38495,594,5
38496,595,6
38497,596,7
38498,597,8
38499,598,9
38500,599,10
38501,600,1
38502,601,2
38503,602,3
38504,603,4
38505,604,5
38506,605,6
38507,606,7
38508,607,8
38509,608,9
38510,609,10
38511,610,1
38512,611,2
38513,612,3
38514,613,4
38515,614,5
38516,615,6
38517,616,7
38518,617,8
38519,618,9
38520,619,10
38521,620,1
38522,621,2
38523,622,3
38524,623,4
38525,624,5
38526,625,6
38527,626,7
38528,627,8
38529,628,9
38530,629,10
38531,630,1
38532,631,2
38533,632,3
38534,633,4
38535,634,5
38536,635,6
38537,636,7
38538,637,8
38539,638,9
38540,639,10
38541,640,1
38542,641,2
38543,642,3
38544,643,4
38545,644,5
38546,645,6
38547,646,7
38548,647,8
38549,648,9
38550,649,10
38551,650,1
38552,651,2
38553,652,3
38554,653,4
38555,654,5
38556,655,6
38557,656,7
38558,657,8
38559,658,9
38560,659,10
38561,660,1
38562,661,2
38563,662,3
38564,663,4
38565,664,5
38566,665,6
38567,666,7
38568,667,8
38569,668,9
38570,669,10
38571,670,1
38572,671,2
38573,672,3
38574,673,4
38575,674,5
38576,675,6
38577,676,7
38578,677,8
38579,678,9
38580,679,10
38581,680,1
38582,681,2
38583,682,3
38584,683,4
38585,684,5
38586,685,6
38587,686,7
38588,687,8
38589,688,9
38590,689,10
38591,690,1
38592,691,2
38593,692,3
38594,693,4
38595,694,5
38596,695,6
38597,696,7
38598,697,8
38599,698,9
38600,699,10
38601,700,1
38602,701,2
38603,702,3
38604,703,4
38605,704,5
38606,705,6
38607,706,7
38608,707,8
38609,708,9
38610,709,10
38611,710,1
38612,711,2
38613,712,3
38614,713,4
38615,714,5
38616,715,6
38617,716,7
38618,717,8
38619,718,9
38620,719,10
38621,720,1
38622,721,2
38623,722,3
38624,723,4
38625,724,5
38626,725,6
38627,726,7
38628,727,8
38629,728,9
38630,729,10
38631,730,1
38632,731,2
38633,732,3
38634,733,4
38635,734,5
38636,735,6
38637,736,7
38638,737,8
38639,738,9
38640,739,10
38641,740,1
38642,741,2
38643,742,3
38644,743,4
38645,744,5
38646,745,6
38647,746,7
38648,747,8
38649,748,9
38650,749,10
38651,750,1
38652,751,2
38653,752,3
38654,753,4
38655,754,5
38656,755,6
38657,756,7
38658,757,8
38659,758,9
38660,759,10
38661,760,1
38662,761,2
38663,762,3
38664,763,4
38665,764,5
38666,765,6
38667,766,7
38668,767,8
38669,768,9
38670,769,10
38671,770,1
38672,771,2
38673,772,3
38674,773,4
38675,774,5
38676,775,6
38677,776,7
38678,777,8
38679,778,9
38680,779,10
38681,780,1
38682,781,2
38683,782,3
38684,783,4
38685,784,5
38686,785,6
38687,786,7
38688,787,8
38689,788,9
38690,789,10
38691,790,1
38692,791,2
38693,792,3
38694,793,4
38695,794,5
38696,795,6
38697,796,7
38698,797,8
38699,798,9
38700,799,10
38701,800,1
38702,801,2
38703,802,3
38704,803,4
38705,804,5
38706,805,6
38707,806,7
38708,807,8
38709,808,9
38710,809,10
38711,810,1
38712,811,2
38713,812,3
38714,813,4
38715,814,5
38716,815,6
38717,816,7
38718,817,8
38719,818,9
38720,819,10
38721,820,1
38722,821,2
38723,822,3
38724,823,4
38725,824,5
38726,825,6
38727,826,7
38728,827,8
38729,828,9
38730,829,10
38731,830,1
38732,831,2
38733,832,3
38734,833,4
38735,834,5
38736,835,6
38737,836,7
38738,837,8
38739,838,9
38740,839,10
38741,840,1
38742,841,2
38743,842,3
38744,843,4
38745,844,5
38746,845,6
38747,846,7
38748,847,8
38749,848,9
38750,849,10
38751,850,1
38752,851,2
38753,852,3
38754,853,4
38755,854,5
38756,855,6
38757,856,7
38758,857,8
38759,858,9
38760,859,10
38761,860,1
38762,861,2
38763,862,3
38764,863,4
38765,864,5
38766,865,6
38767,866,7
38768,867,8
38769,868,9
38770,869,10
38771,870,1
38772,871,2
38773,872,3
38774,873,4
38775,874,5
38776,875,6
38777,876,7
38778,877,8
38779,878,9
38780,879,10
38781,880,1
38782,881,2
38783,882,3
38784,883,4
38785,884,5
38786,885,6
38787,886,7
38788,887,8
38789,888,9
38790,889,10
38791,890,1
38792,891,2
38793,892,3
38794,893,4
38795,894,5
38796,895,6
38797,896,7
38798,897,8
38799,898,9
38800,899,10
38801,900,1
38802,901,2
38803,902,3
38804,903,4
38805,904,5
38806,905,6
38807,906,7
38808,907,8
38809,908,9
38810,909,10
38811,910,1
38812,911,2
38813,912,3
38814,913,4
38815,914,5
38816,915,6
38817,916,7
38818,917,8
38819,918,9
38820,919,10
38821,920,1
38822,921,2
38823,922,3
38824,923,4
38825,924,5
38826,925,6
38827,926,7
38828,927,8
38829,928,9
38830,929,10
38831,930,1
38832,931,2
38833,932,3
38834,933,4
38835,934,5
38836,935,6
38837,936,7
38838,937,8
38839,938,9
38840,939,10
38841,940,1
38842,941,2
38843,942,3
38844,943,4
38845,944,5
38846,945,6
38847,946,7
38848,947,8
38849,948,9
38850,949,10
38851,950,1
38852,951,2
38853,952,3
38854,953,4
38855,954,5
38856,955,6
38857,956,7
38858,957,8
38859,958,9
38860,959,10
38861,960,1
38862,961,2
38863,962,3
38864,963,4
38865,964,5
38866,965,6
38867,966,7
38868,967,8
38869,968,9
38870,969,10
38871,970,1
38872,971,2
38873,972,3
38874,973,4
38875,974,5
38876,975,6
38877,976,7
38878,977,8
38879,978,9
38880,979,10
38881,980,1
38882,981,2
38883,982,3
38884,983,4
38885,984,5
38886,985,6
38887,986,7
38888,987,8
38889,988,9
38890,989,10
38891,990,1
38892,991,2
38893,992,3
38894,993,4
38895,994,5
38896,995,6
38897,996,7
38898,997,8
38899,998,9
38900,999,10
38901,1000,1
38902,1001,2
38903,1002,3
38904,1003,4
38905,1004,5
38906,1005,6
38907,1006,7
38908,1007,8
38909,1008,9
38910,1009,10
38911,1010,1
38912,1011,2
38913,1012,3
38914,1013,4
38915,1014,5
38916,1015,6
38917,1016,7
38918,1017,8
38919,1018,9
38920,1019,10
38921,1020,1
38922,1021,2
38923,1022,3
38924,1023,4
38925,1024,5
38926,1025,6
38927,1026,7
38928,1027,8
38929,1028,9
38930,1029,10
38931,1030,1
38932,1031,2
38933,1032,3
38934,1033,4
38935,1034,5
38936,1035,6
38937,1036,7
38938,1037,8
38939,1038,9
38940,1039,10
38941,1040,1
38942,1041,2
38943,1042,3
38944,1043,4
38945,1044,5
38946,1045,6
38947,1046,7
38948,1047,8
38949,1048,9
38950,1049,10
38951,1050,1
38952,1051,2
38953,1052,3
38954,1053,4
38955,1054,5
38956,1055,6
38957,1056,7
38958,1057,8
38959,1058,9
38960,1059,10
38961,1060,1
38962,1061,2
38963,1062,3
38964,1063,4
38965,1064,5
38966,1065,6
38967,1066,7
38968,1067,8
38969,1068,9
38970,1069,10
38971,1070,1
38972,1071,2
38973,1072,3
38974,1073,4
38975,1074,5
38976,1075,6
38977,1076,7
38978,1077,8
38979,1078,9
38980,1079,10
38981,1080,1
38982,1081,2
38983,1082,3
38984,1083,4
38985,1084,5
38986,1085,6
38987,1086,7
38988,1087,8
38989,1088,9
38990,1089,10
38991,1090,1
38992,1091,2
38993,1092,3
38994,1093,4
38995,1094,5
38996,1095,6
38997,1096,7
38998,1097,8
38999,1098,9
39000,1099,10
39001,100,1
39002,101,2
39003,102,3
39004,103,4
39005,104,5
39006,105,6
39007,106,7
39008,107,8
39009,108,9
39010,109,10
39011,110,1
39012,111,2
39013,112,3
39014,113,4
39015,114,5
39016,115,6
39017,116,7
39018,117,8
39019,118,9
39020,119,10
39021,120,1
39022,121,2
39023,122,3
39024,123,4
39025,124,5
39026,125,6
39027,126,7
39028,127,8
39029,128,9
39030,129,10
39031,130,1
39032,131,2
39033,132,3
39034,133,4
39035,134,5
39036,135,6
39037,136,7
39038,137,8
39039,138,9
39040,139,10
39041,140,1
39042,141,2
39043,142,3
39044,143,4
39045,144,5
39046,145,6
39047,146,7
39048,147,8
39049,148,9
39050,149,10
39051,150,1
39052,151,2
39053,152,3
39054,153,4
39055,154,5
39056,155,6
39057,156,7
39058,157,8
39059,158,9
39060,159,10
39061,160,1
39062,161,2
39063,162,3
39064,163,4
39065,164,5
39066,165,6
39067,166,7
39068,167,8
39069,168,9
39070,169,10
39071,170,1
39072,171,2
39073,172,3
39074,173,4
39075,174,5
39076,175,6
39077,176,7
39078,177,8
39079,178,9
39080,179,10
39081,180,1
39082,181,2
39083,182,3
39084,183,4
39085,184,5
39086,185,6
39087,186,7
39088,187,8
39089,188,9
39090,189,10
39091,190,1
39092,191,2
39093,192,3
39094,193,4
39095,194,5
39096,195,6
39097,196,7
39098,197,8
39099,198,9
39100,199,10
39101,200,1
39102,201,2
39103,202,3
39104,203,4
39105,204,5
39106,205,6
39107,206,7
39108,207,8
39109,208,9
39110,209,10
39111,210,1
39112,211,2
39113,212,3
39114,213,4
39115,214,5
39116,215,6
39117,216,7
39118,217,8
39119,218,9
39120,219,10
39121,220,1
39122,221,2
39123,222,3
39124,223,4
39125,224,5
39126,225,6
39127,226,7
39128,227,8
39129,228,9
39130,229,10
39131,230,1
39132,231,2
39133,232,3
39134,233,4
39135,234,5
39136,235,6
39137,236,7
39138,237,8
39139,238,9
39140,239,10
39141,240,1
39142,241,2
39143,242,3
39144,243,4
39145,244,5
39146,245,6
39147,246,7
39148,247,8
39149,248,9
39150,249,10
39151,250,1
39152,251,2
39153,252,3
39154,253,4
39155,254,5
39156,255,6
39157,256,7
39158,257,8
39159,258,9
39160,259,10
39161,260,1
39162,261,2
39163,262,3
39164,263,4
39165,264,5
39166,265,6
39167,266,7
39168,267,8
39169,268,9
39170,269,10
39171,270,1
39172,271,2
39173,272,3
39174,273,4
39175,274,5
39176,275,6
39177,276,7
39178,277,8
39179,278,9
39180,279,10
39181,280,1
39182,281,2
39183,282,3
39184,283,4
39185,284,5
39186,285,6
39187,286,7
39188,287,8
39189,288,9
39190,289,10
39191,290,1
39192,291,2
39193,292,3
39194,293,4
39195,294,5
39196,295,6
39197,296,7
39198,297,8
39199,298,9
39200,299,10
39201,300,1
39202,301,2
39203,302,3
39204,303,4
39205,304,5
39206,305,6
39207,306,7
39208,307,8
39209,308,9
39210,309,10
39211,310,1
39212,311,2
39213,312,3
39214,313,4
39215,314,5
39216,315,6
39217,316,7
39218,317,8
39219,318,9
39220,319,10
39221,320,1
39222,321,2
39223,322,3
39224,323,4
39225,324,5
39226,325,6
39227,326,7
39228,327,8
39229,328,9
39230,329,10
39231,330,1
39232,331,2
39233,332,3
39234,333,4
39235,334,5
39236,335,6
39237,336,7
39238,337,8
39239,338,9
39240,339,10
39241,340,1
39242,341,2
39243,342,3
39244,343,4
39245,344,5
39246,345,6
39247,346,7
39248,347,8
39249,348,9
39250,349,10
39251,350,1
39252,351,2
39253,352,3
39254,353,4
39255,354,5
39256,355,6
39257,356,7
39258,357,8
39259,358,9
39260,359,10
39261,360,1
39262,361,2
39263,362,3
39264,363,4
39265,364,5
39266,365,6
39267,366,7
39268,367,8
39269,368,9
39270,369,10
39271,370,1
39272,371,2
39273,372,3
39274,373,4
39275,374,5
39276,375,6
39277,376,7
39278,377,8
39279,378,9
39280,379,10
39281,380,1
39282,381,2
39283,382,3
39284,383,4
39285,384,5
39286,385,6
39287,386,7
39288,387,8
39289,388,9
39290,389,10
39291,390,1
39292,391,2
39293,392,3
39294,393,4
39295,394,5
39296,395,6
39297,396,7
39298,397,8
39299,398,9
39300,399,10
39301,400,1
39302,401,2
39303,402,3
39304,403,4
39305,404,5
39306,405,6
39307,406,7
39308,407,8
39309,408,9
39310,409,10
39311,410,1
39312,411,2
39313,412,3
39314,413,4
39315,414,5
39316,415,6
39317,416,7
39318,417,8
39319,418,9
39320,419,10
39321,420,1
39322,421,2
39323,422,3
39324,423,4
39325,424,5
39326,425,6
39327,426,7
39328,427,8
39329,428,9
39330,429,10
39331,430,1
39332,431,2
39333,432,3
39334,433,4
39335,434,5
39336,435,6
39337,436,7
39338,437,8
39339,438,9
39340,439,10
39341,440,1
39342,441,2
39343,442,3
39344,443,4
39345,444,5
39346,445,6
39347,446,7
39348,447,8
39349,448,9
39350,449,10
39351,450,1
39352,451,2
39353,452,3
39354,453,4
39355,454,5
39356,455,6
39357,456,7
39358,457,8
39359,458,9
39360,459,10
39361,460,1
39362,461,2
39363,462,3
39364,463,4
39365,464,5
39366,465,6
39367,466,7
39368,467,8
39369,468,9
39370,469,10
39371,470,1
39372,471,2
39373,472,3
39374,473,4
39375,474,5
39376,475,6
39377,476,7
39378,477,8
39379,478,9
39380,479,10
39381,480,1
39382,481,2
39383,482,3
39384,483,4
39385,484,5
39386,485,6
39387,486,7
39388,487,8
39389,488,9
39390,489,10
39391,490,1
39392,491,2
39393,492,3
39394,493,4
39395,494,5
39396,495,6
39397,496,7
39398,497,8
39399,498,9
39400,499,10
39401,500,1
39402,501,2
39403,502,3
39404,503,4
39405,504,5
39406,505,6
39407,506,7
39408,507,8
39409,508,9
39410,509,10
39411,510,1
39412,511,2
39413,512,3
39414,513,4
39415,514,5
39416,515,6
39417,516,7
39418,517,8
39419,518,9
39420,519,10
39421,520,1
39422,521,2
39423,522,3
39424,523,4
39425,524,5
39426,525,6
39427,526,7
39428,527,8
39429,528,9
39430,529,10
39431,530,1
39432,531,2
39433,532,3
39434,533,4
39435,534,5
39436,535,6
39437,536,7
39438,537,8
39439,538,9
39440,539,10
39441,540,1
39442,541,2
39443,542,3
39444,543,4
39445,544,5
39446,545,6
39447,546,7
39448,547,8
39449,548,9
39450,549,10
39451,550,1
39452,551,2
39453,552,3
39454,553,4
39455,554,5
39456,555,6
39457,556,7
39458,557,8
39459,558,9
39460,559,10
39461,560,1
39462,561,2
39463,562,3
39464,563,4
39465,564,5
39466,565,6
39467,566,7
39468,567,8
39469,568,9
39470,569,10
39471,570,1
39472,571,2
39473,572,3
39474,573,4
39475,574,5
39476,575,6
39477,576,7
39478,577,8
39479,578,9
39480,579,10
39481,580,1
39482,581,2
39483,582,3
39484,583,4
39485,584,5
39486,585,6
39487,586,7
39488,587,8
39489,588,9
39490,589,10
39491,590,1
39492,591,2
39493,592,3
39494,593,4
39495,594,5
39496,595,6
39497,596,7
39498,597,8
39499,598,9
39500,599,10
39501,600,1
39502,601,2
39503,602,3
39504,603,4
39505,604,5
39506,605,6
39507,606,7
39508,607,8
39509,608,9
39510,609,10
39511,610,1
39512,611,2
39513,612,3
39514,613,4
39515,614,5
39516,615,6
39517,616,7
39518,617,8
39519,618,9
39520,619,10
39521,620,1
39522,621,2
39523,622,3
39524,623,4
39525,624,5
39526,625,6
39527,626,7
39528,627,8
39529,628,9
39530,629,10
39531,630,1
39532,631,2
39533,632,3
39534,633,4
39535,634,5
39536,635,6
39537,636,7
39538,637,8
39539,638,9
39540,639,10
39541,640,1
39542,641,2
39543,642,3
39544,643,4
39545,644,5
39546,645,6
39547,646,7
39548,647,8
39549,648,9
39550,649,10
39551,650,1
39552,651,2
39553,652,3
39554,653,4
39555,654,5
39556,655,6
39557,656,7
39558,657,8
39559,658,9
39560,659,10
39561,660,1
39562,661,2
39563,662,3
39564,663,4
39565,664,5
39566,665,6
39567,666,7
39568,667,8
39569,668,9
39570,669,10
39571,670,1
39572,671,2
39573,672,3
39574,673,4
39575,674,5
39576,675,6
39577,676,7
39578,677,8
39579,678,9
39580,679,10
39581,680,1
39582,681,2
39583,682,3
39584,683,4
39585,684,5
39586,685,6
39587,686,7
39588,687,8
39589,688,9
39590,689,10
39591,690,1
39592,691,2
39593,692,3
39594,693,4
39595,694,5
39596,695,6
39597,696,7
39598,697,8
39599,698,9
39600,699,10
39601,700,1
39602,701,2
39603,702,3
39604,703,4
39605,704,5
39606,705,6
39607,706,7
39608,707,8
39609,708,9
39610,709,10
39611,710,1
39612,711,2
39613,712,3
39614,713,4
39615,714,5
39616,715,6
39617,716,7
39618,717,8
39619,718,9
39620,719,10
39621,720,1
39622,721,2
39623,722,3
39624,723,4
39625,724,5
39626,725,6
39627,726,7
39628,727,8
39629,728,9
39630,729,10
39631,730,1
39632,731,2
39633,732,3
39634,733,4
39635,734,5
39636,735,6
39637,736,7
39638,737,8
39639,738,9
39640,739,10
39641,740,1
39642,741,2
39643,742,3
39644,743,4
39645,744,5
39646,745,6
39647,746,7
39648,747,8
39649,748,9
39650,749,10
39651,750,1
39652,751,2
39653,752,3
39654,753,4
39655,754,5
39656,755,6
39657,756,7
39658,757,8
39659,758,9
39660,759,10
39661,760,1
39662,761,2
39663,762,3
39664,763,4
39665,764,5
39666,765,6
39667,766,7
39668,767,8
39669,768,9
39670,769,10
39671,770,1
39672,771,2
39673,772,3
39674,773,4
39675,774,5
39676,775,6
39677,776,7
39678,777,8
39679,778,9
39680,779,10
39681,780,1
39682,781,2
39683,782,3
39684,783,4
39685,784,5
39686,785,6
39687,786,7
39688,787,8
39689,788,9
39690,789,10
39691,790,1
39692,791,2
39693,792,3
39694,793,4
39695,794,5
39696,795,6
39697,796,7
39698,797,8
39699,798,9
39700,799,10
39701,800,1
39702,801,2
39703,802,3
39704,803,4
39705,804,5
39706,805,6
39707,806,7
39708,807,8
39709,808,9
39710,809,10
39711,810,1
39712,811,2
39713,812,3
39714,813,4
39715,814,5
39716,815,6
39717,816,7
39718,817,8
39719,818,9
39720,819,10
39721,820,1
39722,821,2
39723,822,3
39724,823,4
39725,824,5
39726,825,6
39727,826,7
39728,827,8
39729,828,9
39730,829,10
39731,830,1
39732,831,2
39733,832,3
39734,833,4
39735,834,5
39736,835,6
39737,836,7
39738,837,8
39739,838,9
39740,839,10
39741,840,1
39742,841,2
39743,842,3
39744,843,4
39745,844,5
39746,845,6
39747,846,7
39748,847,8
39749,848,9
39750,849,10
39751,850,1
39752,851,2
39753,852,3
39754,853,4
39755,854,5
39756,855,6
39757,856,7
39758,857,8
39759,858,9
39760,859,10
39761,860,1
39762,861,2
39763,862,3
39764,863,4
39765,864,5
39766,865,6
39767,866,7
39768,867,8
39769,868,9
39770,869,10
39771,870,1
39772,871,2
39773,872,3
39774,873,4
39775,874,5
39776,875,6
39777,876,7
39778,877,8
39779,878,9
39780,879,10
39781,880,1
39782,881,2
39783,882,3
39784,883,4
39785,884,5
39786,885,6
39787,886,7
39788,887,8
39789,888,9
39790,889,10
39791,890,1
39792,891,2
39793,892,3
39794,893,4
39795,894,5
39796,895,6
39797,896,7
39798,897,8
39799,898,9
39800,899,10
39801,900,1
39802,901,2
39803,902,3
39804,903,4
39805,904,5
39806,905,6
39807,906,7
39808,907,8
39809,908,9
39810,909,10
39811,910,1
39812,911,2
39813,912,3
39814,913,4
39815,914,5
39816,915,6
39817,916,7
39818,917,8
39819,918,9
39820,919,10
39821,920,1
39822,921,2
39823,922,3
39824,923,4
39825,924,5
39826,925,6
39827,926,7
39828,927,8
39829,928,9
39830,929,10
39831,930,1
39832,931,2
39833,932,3
39834,933,4
39835,934,5
39836,935,6
39837,936,7
39838,937,8
39839,938,9
39840,939,10
39841,940,1
39842,941,2
39843,942,3
39844,943,4
39845,944,5
39846,945,6
39847,946,7
39848,947,8
39849,948,9
39850,949,10
39851,950,1
39852,951,2
39853,952,3
39854,953,4
39855,954,5
39856,955,6
39857,956,7
39858,957,8
39859,958,9
39860,959,10
39861,960,1
39862,961,2
39863,962,3
39864,963,4
39865,964,5
39866,965,6
39867,966,7
39868,967,8
39869,968,9
39870,969,10
39871,970,1
39872,971,2
39873,972,3
39874,973,4
39875,974,5
39876,975,6
39877,976,7
39878,977,8
39879,978,9
39880,979,10
39881,980,1
39882,981,2
39883,982,3
39884,983,4
39885,984,5
39886,985,6
39887,986,7
39888,987,8
39889,988,9
39890,989,10
39891,990,1
39892,991,2
39893,992,3
39894,993,4
39895,994,5
39896,995,6
39897,996,7
39898,997,8
39899,998,9
39900,999,10
39901,1000,1
39902,1001,2
39903,1002,3
39904,1003,4
39905,1004,5
39906,1005,6
39907,1006,7
39908,1007,8
39909,1008,9
39910,1009,10
39911,1010,1
39912,1011,2
39913,1012,3
39914,1013,4
39915,1014,5
39916,1015,6
39917,1016,7
39918,1017,8
39919,1018,9
39920,1019,10
39921,1020,1
39922,1021,2
39923,1022,3
39924,1023,4
39925,1024,5
39926,1025,6
39927,1026,7
39928,1027,8
39929,1028,9
39930,1029,10
39931,1030,1
39932,1031,2
39933,1032,3
39934,1033,4
39935,1034,5
39936,1035,6
39937,1036,7
39938,1037,8
39939,1038,9
39940,1039,10
39941,1040,1
39942,1041,2
39943,1042,3
39944,1043,4
39945,1044,5
39946,1045,6
39947,1046,7
39948,1047,8
39949,1048,9
39950,1049,10
39951,1050,1
39952,1051,2
39953,1052,3
39954,1053,4
39955,1054,5
39956,1055,6
39957,1056,7
39958,1057,8
39959,1058,9
39960,1059,10
39961,1060,1
39962,1061,2
39963,1062,3
39964,1063,4
39965,1064,5
39966,1065,6
39967,1066,7
39968,1067,8
39969,1068,9
39970,1069,10
39971,1070,1
39972,1071,2
39973,1072,3
39974,1073,4
39975,1074,5
39976,1075,6
39977,1076,7
39978,1077,8
39979,1078,9
39980,1079,10
39981,1080,1
39982,1081,2
39983,1082,3
39984,1083,4
39985,1084,5
39986,1085,6
39987,1086,7
39988,1087,8
39989,1088,9
39990,1089,10
39991,1090,1
39992,1091,2
39993,1092,3
39994,1093,4
39995,1094,5
39996,1095,6
39997,1096,7
39998,1097,8
39999,1098,9
40000,1099,10
40001,100,1
40002,101,2
40003,102,3
40004,103,4
40005,104,5
40006,105,6
40007,106,7
40008,107,8
40009,108,9
40010,109,10
40011,110,1
40012,111,2
40013,112,3
40014,113,4
40015,114,5
40016,115,6
40017,116,7
40018,117,8
40019,118,9
40020,119,10
40021,120,1
40022,121,2
40023,122,3
40024,123,4
40025,124,5
40026,125,6
40027,126,7
40028,127,8
40029,128,9
40030,129,10
40031,130,1
40032,131,2
40033,132,3
40034,133,4
40035,134,5
40036,135,6
40037,136,7
40038,137,8
40039,138,9
40040,139,10
40041,140,1
40042,141,2
40043,142,3
40044,143,4
40045,144,5
40046,145,6
40047,146,7
40048,147,8
40049,148,9
40050,149,10
40051,150,1
40052,151,2
40053,152,3
40054,153,4
40055,154,5
40056,155,6
40057,156,7
40058,157,8
40059,158,9
40060,159,10
40061,160,1
40062,161,2
40063,162,3
40064,163,4
40065,164,5
40066,165,6
40067,166,7
40068,167,8
40069,168,9
40070,169,10
40071,170,1
40072,171,2
40073,172,3
40074,173,4
40075,174,5
40076,175,6
40077,176,7
40078,177,8
40079,178,9
40080,179,10
40081,180,1
40082,181,2
40083,182,3
40084,183,4
40085,184,5
40086,185,6
40087,186,7
40088,187,8
40089,188,9
40090,189,10
40091,190,1
40092,191,2
40093,192,3
40094,193,4
40095,194,5
40096,195,6
40097,196,7
40098,197,8
40099,198,9
40100,199,10
40101,200,1
40102,201,2
40103,202,3
40104,203,4
40105,204,5
40106,205,6
40107,206,7
40108,207,8
40109,208,9
40110,209,10
40111,210,1
40112,211,2
40113,212,3
40114,213,4
40115,214,5
40116,215,6
40117,216,7
40118,217,8
40119,218,9
40120,219,10
40121,220,1
40122,221,2
40123,222,3
40124,223,4
40125,224,5
40126,225,6
40127,226,7
40128,227,8
40129,228,9
40130,229,10
40131,230,1
40132,231,2
40133,232,3
40134,233,4
40135,234,5
40136,235,6
40137,236,7
40138,237,8
40139,238,9
40140,239,10
40141,240,1
40142,241,2
40143,242,3
40144,243,4
40145,244,5
40146,245,6
40147,246,7
40148,247,8
40149,248,9
40150,249,10
40151,250,1
40152,251,2
40153,252,3
40154,253,4
40155,254,5
40156,255,6
40157,256,7
40158,257,8
40159,258,9
40160,259,10
40161,260,1
40162,261,2
40163,262,3
40164,263,4
40165,264,5
40166,265,6
40167,266,7
40168,267,8
40169,268,9
40170,269,10
40171,270,1
40172,271,2
40173,272,3
40174,273,4
40175,274,5
40176,275,6
40177,276,7
40178,277,8
40179,278,9
40180,279,10
40181,280,1
40182,281,2
40183,282,3
40184,283,4
40185,284,5
40186,285,6
40187,286,7
40188,287,8
40189,288,9
40190,289,10
40191,290,1
40192,291,2
40193,292,3
40194,293,4
40195,294,5
40196,295,6
40197,296,7
40198,297,8
40199,298,9
40200,299,10
40201,300,1
40202,301,2
40203,302,3
40204,303,4
40205,304,5
40206,305,6
40207,306,7
40208,307,8
40209,308,9
40210,309,10
40211,310,1
40212,311,2
40213,312,3
40214,313,4
40215,314,5
40216,315,6
40217,316,7
40218,317,8
40219,318,9
40220,319,10
40221,320,1
40222,321,2
40223,322,3
40224,323,4
40225,324,5
40226,325,6
40227,326,7
40228,327,8
40229,328,9
40230,329,10
40231,330,1
40232,331,2
40233,332,3
40234,333,4
40235,334,5
40236,335,6
40237,336,7
40238,337,8
40239,338,9
40240,339,10
40241,340,1
40242,341,2
40243,342,3
40244,343,4
40245,344,5
40246,345,6
40247,346,7
40248,347,8
40249,348,9
40250,349,10
40251,350,1
40252,351,2
40253,352,3
40254,353,4
40255,354,5
40256,355,6
40257,356,7
40258,357,8
40259,358,9
40260,359,10
40261,360,1
40262,361,2
40263,362,3
40264,363,4
40265,364,5
40266,365,6
40267,366,7
40268,367,8
40269,368,9
40270,369,10
40271,370,1
40272,371,2
40273,372,3
40274,373,4
40275,374,5
40276,375,6
40277,376,7
40278,377,8
40279,378,9
40280,379,10
40281,380,1
40282,381,2
40283,382,3
40284,383,4
40285,384,5
40286,385,6
40287,386,7
40288,387,8
40289,388,9
40290,389,10
40291,390,1
40292,391,2
40293,392,3
40294,393,4
40295,394,5
40296,395,6
40297,396,7
40298,397,8
40299,398,9
40300,399,10
40301,400,1
40302,401,2
40303,402,3
40304,403,4
40305,404,5
40306,405,6
40307,406,7
40308,407,8
40309,408,9
40310,409,10
40311,410,1
40312,411,2
40313,412,3
40314,413,4
40315,414,5
40316,415,6
40317,416,7
40318,417,8
40319,418,9
40320,419,10
40321,420,1
40322,421,2
40323,422,3
40324,423,4
40325,424,5
40326,425,6
40327,426,7
40328,427,8
40329,428,9
40330,429,10
40331,430,1
40332,431,2
40333,432,3
40334,433,4
40335,434,5
40336,435,6
40337,436,7
40338,437,8
40339,438,9
40340,439,10
40341,440,1
40342,441,2
40343,442,3
40344,443,4
40345,444,5
40346,445,6
40347,446,7
40348,447,8
40349,448,9
40350,449,10
40351,450,1
40352,451,2
40353,452,3
40354,453,4
40355,454,5
40356,455,6
40357,456,7
40358,457,8
40359,458,9
40360,459,10
40361,460,1
40362,461,2
40363,462,3
40364,463,4
40365,464,5
40366,465,6
40367,466,7
40368,467,8
40369,468,9
40370,469,10
40371,470,1
40372,471,2
40373,472,3
40374,473,4
40375,474,5
40376,475,6
40377,476,7
40378,477,8
40379,478,9
40380,479,10
40381,480,1
40382,481,2
40383,482,3
40384,483,4
40385,484,5
40386,485,6
40387,486,7
40388,487,8
40389,488,9
40390,489,10
40391,490,1
40392,491,2
40393,492,3
40394,493,4
40395,494,5
40396,495,6
40397,496,7
40398,497,8
40399,498,9
40400,499,10
40401,500,1
40402,501,2
40403,502,3
40404,503,4
40405,504,5
40406,505,6
40407,506,7
40408,507,8
40409,508,9
40410,509,10
40411,510,1
40412,511,2
40413,512,3
40414,513,4
40415,514,5
40416,515,6
40417,516,7
40418,517,8
40419,518,9
40420,519,10
40421,520,1
40422,521,2
40423,522,3
40424,523,4
40425,524,5
40426,525,6
40427,526,7
40428,527,8
40429,528,9
40430,529,10
40431,530,1
40432,531,2
40433,532,3
40434,533,4
40435,534,5
40436,535,6
40437,536,7
40438,537,8
40439,538,9
40440,539,10
40441,540,1
40442,541,2
40443,542,3
40444,543,4
40445,544,5
40446,545,6
40447,546,7
40448,547,8
40449,548,9
40450,549,10
40451,550,1
40452,551,2
40453,552,3
40454,553,4
40455,554,5
40456,555,6
40457,556,7
40458,557,8
40459,558,9
40460,559,10
40461,560,1
40462,561,2
40463,562,3
40464,563,4
40465,564,5
40466,565,6
40467,566,7
40468,567,8
40469,568,9
40470,569,10
40471,570,1
40472,571,2
40473,572,3
40474,573,4
40475,574,5
40476,575,6
40477,576,7
40478,577,8
40479,578,9
40480,579,10
40481,580,1
40482,581,2
40483,582,3
40484,583,4
40485,584,5
40486,585,6
40487,586,7
40488,587,8
40489,588,9
40490,589,10
40491,590,1
40492,591,2
40493,592,3
40494,593,4
40495,594,5
40496,595,6
40497,596,7
40498,597,8
40499,598,9
40500,599,10
40501,600,1
40502,601,2
40503,602,3
40504,603,4
40505,604,5
40506,605,6
40507,606,7
40508,607,8
40509,608,9
40510,609,10
40511,610,1
40512,611,2
40513,612,3
40514,613,4
40515,614,5
40516,615,6
40517,616,7
40518,617,8
40519,618,9
40520,619,10
40521,620,1
40522,621,2
40523,622,3
40524,623,4
40525,624,5
40526,625,6
40527,626,7
40528,627,8
40529,628,9
40530,629,10
40531,630,1
40532,631,2
40533,632,3
40534,633,4
40535,634,5
40536,635,6
40537,636,7
40538,637,8
40539,638,9
40540,639,10
40541,640,1
40542,641,2
40543,642,3
40544,643,4
40545,644,5
40546,645,6
40547,646,7
40548,647,8
40549,648,9
40550,649,10
40551,650,1
40552,651,2
40553,652,3
40554,653,4
40555,654,5
40556,655,6
40557,656,7
40558,657,8
40559,658,9
40560,659,10
40561,660,1
40562,661,2
40563,662,3
40564,663,4
40565,664,5
40566,665,6
40567,666,7
40568,667,8
40569,668,9
40570,669,10
40571,670,1
40572,671,2
40573,672,3
40574,673,4
40575,674,5
40576,675,6
40577,676,7
40578,677,8
40579,678,9
40580,679,10
40581,680,1
40582,681,2
40583,682,3
40584,683,4
40585,684,5
40586,685,6
40587,686,7
40588,687,8
40589,688,9
40590,689,10
40591,690,1
40592,691,2
40593,692,3
40594,693,4
40595,694,5
40596,695,6
40597,696,7
40598,697,8
40599,698,9
40600,699,10
40601,700,1
40602,701,2
40603,702,3
40604,703,4
40605,704,5
40606,705,6
40607,706,7
40608,707,8
40609,708,9
40610,709,10
40611,710,1
40612,711,2
40613,712,3
40614,713,4
40615,714,5
40616,715,6
40617,716,7
40618,717,8
40619,718,9
40620,719,10
40621,720,1
40622,721,2
40623,722,3
40624,723,4
40625,724,5
40626,725,6
40627,726,7
40628,727,8
40629,728,9
40630,729,10
40631,730,1
40632,731,2
40633,732,3
40634,733,4
40635,734,5
40636,735,6
40637,736,7
40638,737,8
40639,738,9
40640,739,10
40641,740,1
40642,741,2
40643,742,3
40644,743,4
40645,744,5
40646,745,6
40647,746,7
40648,747,8
40649,748,9
40650,749,10
40651,750,1
40652,751,2
40653,752,3
40654,753,4
40655,754,5
40656,755,6
40657,756,7
40658,757,8
40659,758,9
40660,759,10
40661,760,1
40662,761,2
40663,762,3
40664,763,4
40665,764,5
40666,765,6
40667,766,7
40668,767,8
40669,768,9
40670,769,10
40671,770,1
40672,771,2
40673,772,3
40674,773,4
40675,774,5
40676,775,6
40677,776,7
40678,777,8
40679,778,9
40680,779,10
40681,780,1
40682,781,2
40683,782,3
40684,783,4
40685,784,5
40686,785,6
40687,786,7
40688,787,8
40689,788,9
40690,789,10
40691,790,1
40692,791,2
40693,792,3
40694,793,4
40695,794,5
40696,795,6
40697,796,7
40698,797,8
40699,798,9
40700,799,10
40701,800,1
40702,801,2
40703,802,3
40704,803,4
40705,804,5
40706,805,6
40707,806,7
40708,807,8
40709,808,9
40710,809,10
40711,810,1
40712,811,2
40713,812,3
40714,813,4
40715,814,5
40716,815,6
40717,816,7
40718,817,8
40719,818,9
40720,819,10
40721,820,1
40722,821,2
40723,822,3
40724,823,4
40725,824,5
40726,825,6
40727,826,7
40728,827,8
40729,828,9
40730,829,10
40731,830,1
40732,831,2
40733,832,3
40734,833,4
40735,834,5
40736,835,6
40737,836,7
40738,837,8
40739,838,9
40740,839,10
40741,840,1
40742,841,2
40743,842,3
40744,843,4
40745,844,5
40746,845,6
40747,846,7
40748,847,8
40749,848,9
40750,849,10
40751,850,1
40752,851,2
40753,852,3
40754,853,4
40755,854,5
40756,855,6
40757,856,7
40758,857,8
40759,858,9
40760,859,10
40761,860,1
40762,861,2
40763,862,3
40764,863,4
40765,864,5
40766,865,6
40767,866,7
40768,867,8
40769,868,9
40770,869,10
40771,870,1
40772,871,2
40773,872,3
40774,873,4
40775,874,5
40776,875,6
40777,876,7
40778,877,8
40779,878,9
40780,879,10
40781,880,1
40782,881,2
40783,882,3
40784,883,4
40785,884,5
40786,885,6
40787,886,7
40788,887,8
40789,888,9
40790,889,10
40791,890,1
40792,891,2
40793,892,3
40794,893,4
40795,894,5
40796,895,6
40797,896,7
40798,897,8
40799,898,9
40800,899,10
40801,900,1
40802,901,2
40803,902,3
40804,903,4
40805,904,5
40806,905,6
40807,906,7
40808,907,8
40809,908,9
40810,909,10
40811,910,1
40812,911,2
40813,912,3
40814,913,4
40815,914,5
40816,915,6
40817,916,7
40818,917,8
40819,918,9
40820,919,10
40821,920,1
40822,921,2
40823,922,3
40824,923,4
40825,924,5
40826,925,6
40827,926,7
40828,927,8
40829,928,9
40830,929,10
40831,930,1
40832,931,2
40833,932,3
40834,933,4
40835,934,5
40836,935,6
40837,936,7
40838,937,8
40839,938,9
40840,939,10
40841,940,1
40842,941,2
40843,942,3
40844,943,4
40845,944,5
40846,945,6
40847,946,7
40848,947,8
40849,948,9
40850,949,10
40851,950,1
40852,951,2
40853,952,3
40854,953,4
40855,954,5
40856,955,6
40857,956,7
40858,957,8
40859,958,9
40860,959,10
40861,960,1
40862,961,2
40863,962,3
40864,963,4
40865,964,5
40866,965,6
40867,966,7
40868,967,8
40869,968,9
40870,969,10
40871,970,1
40872,971,2
40873,972,3
40874,973,4
40875,974,5
40876,975,6
40877,976,7
40878,977,8
40879,978,9
40880,979,10
40881,980,1
40882,981,2
40883,982,3
40884,983,4
40885,984,5
40886,985,6
40887,986,7
40888,987,8
40889,988,9
40890,989,10
40891,990,1
40892,991,2
40893,992,3
40894,993,4
40895,994,5
40896,995,6
40897,996,7
40898,997,8
40899,998,9
40900,999,10
40901,1000,1
40902,1001,2
40903,1002,3
40904,1003,4
40905,1004,5
40906,1005,6
40907,1006,7
40908,1007,8
40909,1008,9
40910,1009,10
40911,1010,1
40912,1011,2
40913,1012,3
40914,1013,4
40915,1014,5
40916,1015,6
40917,1016,7
40918,1017,8
40919,1018,9
40920,1019,10
40921,1020,1
40922,1021,2
40923,1022,3
40924,1023,4
40925,1024,5
40926,1025,6
40927,1026,7
40928,1027,8
40929,1028,9
40930,1029,10
40931,1030,1
40932,1031,2
40933,1032,3
40934,1033,4
40935,1034,5
40936,1035,6
40937,1036,7
40938,1037,8
40939,1038,9
40940,1039,10
40941,1040,1
40942,1041,2
40943,1042,3
40944,1043,4
40945,1044,5
40946,1045,6
40947,1046,7
40948,1047,8
40949,1048,9
40950,1049,10
40951,1050,1
40952,1051,2
40953,1052,3
40954,1053,4
40955,1054,5
40956,1055,6
40957,1056,7
40958,1057,8
40959,1058,9
40960,1059,10
40961,1060,1
40962,1061,2
40963,1062,3
40964,1063,4
40965,1064,5
40966,1065,6
40967,1066,7
40968,1067,8
40969,1068,9
40970,1069,10
40971,1070,1
40972,1071,2
40973,1072,3
40974,1073,4
40975,1074,5
40976,1075,6
40977,1076,7
40978,1077,8
40979,1078,9
40980,1079,10
40981,1080,1
40982,1081,2
40983,1082,3
40984,1083,4
40985,1084,5
40986,1085,6
40987,1086,7
40988,1087,8
40989,1088,9
40990,1089,10
40991,1090,1
40992,1091,2
40993,1092,3
40994,1093,4
40995,1094,5
40996,1095,6
40997,1096,7
40998,1097,8
40999,1098,9
41000,1099,10
41001,100,1
41002,101,2
41003,102,3
41004,103,4
41005,104,5
41006,105,6
41007,106,7
41008,107,8
41009,108,9
41010,109,10
41011,110,1
41012,111,2
41013,112,3
41014,113,4
41015,114,5
41016,115,6
41017,116,7
41018,117,8
41019,118,9
41020,119,10
41021,120,1
41022,121,2
41023,122,3
41024,123,4
41025,124,5
41026,125,6
41027,126,7
41028,127,8
41029,128,9
41030,129,10
41031,130,1
41032,131,2
41033,132,3
41034,133,4
41035,134,5
41036,135,6
41037,136,7
41038,137,8
41039,138,9
41040,139,10
41041,140,1
41042,141,2
41043,142,3
41044,143,4
41045,144,5
41046,145,6
41047,146,7
41048,147,8
41049,148,9
41050,149,10
41051,150,1
41052,151,2
41053,152,3
41054,153,4
41055,154,5
41056,155,6
41057,156,7
41058,157,8
41059,158,9
41060,159,10
41061,160,1
41062,161,2
41063,162,3
41064,163,4
41065,164,5
41066,165,6
41067,166,7
41068,167,8
41069,168,9
41070,169,10
41071,170,1
41072,171,2
41073,172,3
41074,173,4
41075,174,5
41076,175,6
41077,176,7
41078,177,8
41079,178,9
41080,179,10
41081,180,1
41082,181,2
41083,182,3
41084,183,4
41085,184,5
41086,185,6
41087,186,7
41088,187,8
41089,188,9
41090,189,10
41091,190,1
41092,191,2
41093,192,3
41094,193,4
41095,194,5
41096,195,6
41097,196,7
41098,197,8
41099,198,9
41100,199,10
41101,200,1
41102,201,2
41103,202,3
41104,203,4
41105,204,5
41106,205,6
41107,206,7
41108,207,8
41109,208,9
41110,209,10
41111,210,1
41112,211,2
41113,212,3
41114,213,4
41115,214,5
41116,215,6
41117,216,7
41118,217,8
41119,218,9
41120,219,10
41121,220,1
41122,221,2
41123,222,3
41124,223,4
41125,224,5
41126,225,6
41127,226,7
41128,227,8
41129,228,9
41130,229,10
41131,230,1
41132,231,2
41133,232,3
41134,233,4
41135,234,5
41136,235,6
41137,236,7
41138,237,8
41139,238,9
41140,239,10
41141,240,1
41142,241,2
41143,242,3
41144,243,4
41145,244,5
41146,245,6
41147,246,7
41148,247,8
41149,248,9
41150,249,10
41151,250,1
41152,251,2
41153,252,3
41154,253,4
41155,254,5
41156,255,6
41157,256,7
41158,257,8
41159,258,9
41160,259,10
41161,260,1
41162,261,2
41163,262,3
41164,263,4
41165,264,5
41166,265,6
41167,266,7
41168,267,8
41169,268,9
41170,269,10
41171,270,1
41172,271,2
41173,272,3
41174,273,4
41175,274,5
41176,275,6
41177,276,7
41178,277,8
41179,278,9
41180,279,10
41181,280,1
41182,281,2
41183,282,3
41184,283,4
41185,284,5
41186,285,6
41187,286,7
41188,287,8
41189,288,9
41190,289,10
41191,290,1
41192,291,2
41193,292,3
41194,293,4
41195,294,5
41196,295,6
41197,296,7
41198,297,8
41199,298,9
41200,299,10
41201,300,1
41202,301,2
41203,302,3
41204,303,4
41205,304,5
41206,305,6
41207,306,7
41208,307,8
41209,308,9
41210,309,10
41211,310,1
41212,311,2
41213,312,3
41214,313,4
41215,314,5
41216,315,6
41217,316,7
41218,317,8
41219,318,9
41220,319,10
41221,320,1
41222,321,2
41223,322,3
41224,323,4
41225,324,5
41226,325,6
41227,326,7
41228,327,8
41229,328,9
41230,329,10
41231,330,1
41232,331,2
41233,332,3
41234,333,4
41235,334,5
41236,335,6
41237,336,7
41238,337,8
41239,338,9
41240,339,10
41241,340,1
41242,341,2
41243,342,3
41244,343,4
41245,344,5
41246,345,6
41247,346,7
41248,347,8
41249,348,9
41250,349,10
41251,350,1
41252,351,2
41253,352,3
41254,353,4
41255,354,5
41256,355,6
41257,356,7
41258,357,8
41259,358,9
41260,359,10
41261,360,1
41262,361,2
41263,362,3
41264,363,4
41265,364,5
41266,365,6
41267,366,7
41268,367,8
41269,368,9
41270,369,10
41271,370,1
41272,371,2
41273,372,3
41274,373,4
41275,374,5
41276,375,6
41277,376,7
41278,377,8
41279,378,9
41280,379,10
41281,380,1
41282,381,2
41283,382,3
41284,383,4
41285,384,5
41286,385,6
41287,386,7
41288,387,8
41289,388,9
41290,389,10
41291,390,1
41292,391,2
41293,392,3
41294,393,4
41295,394,5
41296,395,6
41297,396,7
41298,397,8
41299,398,9
41300,399,10
41301,400,1
41302,401,2
41303,402,3
41304,403,4
41305,404,5
41306,405,6
41307,406,7
41308,407,8
41309,408,9
41310,409,10
41311,410,1
41312,411,2
41313,412,3
41314,413,4
41315,414,5
41316,415,6
41317,416,7
41318,417,8
41319,418,9
41320,419,10
41321,420,1
41322,421,2
41323,422,3
41324,423,4
41325,424,5
41326,425,6
41327,426,7
41328,427,8
41329,428,9
41330,429,10
41331,430,1
41332,431,2
41333,432,3
41334,433,4
41335,434,5
41336,435,6
41337,436,7
41338,437,8
41339,438,9
41340,439,10
41341,440,1
41342,441,2
41343,442,3
41344,443,4
41345,444,5
41346,445,6
41347,446,7
41348,447,8
41349,448,9
41350,449,10
41351,450,1
41352,451,2
41353,452,3
41354,453,4
41355,454,5
41356,455,6
41357,456,7
41358,457,8
41359,458,9
41360,459,10
41361,460,1
41362,461,2
41363,462,3
41364,463,4
41365,464,5
41366,465,6
41367,466,7
41368,467,8
41369,468,9
41370,469,10
41371,470,1
41372,471,2
41373,472,3
41374,473,4
41375,474,5
41376,475,6
41377,476,7
41378,477,8
41379,478,9
41380,479,10
41381,480,1
41382,481,2
41383,482,3
41384,483,4
41385,484,5
41386,485,6
41387,486,7
41388,487,8
41389,488,9
41390,489,10
41391,490,1
41392,491,2
41393,492,3
41394,493,4
41395,494,5
41396,495,6
41397,496,7
41398,497,8
41399,498,9
41400,499,10
41401,500,1
41402,501,2
41403,502,3
41404,503,4
41405,504,5
41406,505,6
41407,506,7
41408,507,8
41409,508,9
41410,509,10
41411,510,1
41412,511,2
41413,512,3
41414,513,4
41415,514,5
41416,515,6
41417,516,7
41418,517,8
41419,518,9
41420,519,10
41421,520,1
41422,521,2
41423,522,3
41424,523,4
41425,524,5
41426,525,6
41427,526,7
41428,527,8
41429,528,9
41430,529,10
41431,530,1
41432,531,2
41433,532,3
41434,533,4
41435,534,5
41436,535,6
41437,536,7
41438,537,8
41439,538,9
41440,539,10
41441,540,1
41442,541,2
41443,542,3
41444,543,4
41445,544,5
41446,545,6
41447,546,7
41448,547,8
41449,548,9
41450,549,10
41451,550,1
41452,551,2
41453,552,3
41454,553,4
41455,554,5
41456,555,6
41457,556,7
41458,557,8
41459,558,9
41460,559,10
41461,560,1
41462,561,2
41463,562,3
41464,563,4
41465,564,5
41466,565,6
41467,566,7
41468,567,8
41469,568,9
41470,569,10
41471,570,1
41472,571,2
41473,572,3
41474,573,4
41475,574,5
41476,575,6
41477,576,7
41478,577,8
41479,578,9
41480,579,10
41481,580,1
41482,581,2
41483,582,3
41484,583,4
41485,584,5
41486,585,6
41487,586,7
41488,587,8
41489,588,9
41490,589,10
41491,590,1
41492,591,2
41493,592,3
41494,593,4
41495,594,5
41496,595,6
41497,596,7
41498,597,8
41499,598,9
41500,599,10
41501,600,1
41502,601,2
41503,602,3
41504,603,4
41505,604,5
41506,605,6
41507,606,7
41508,607,8
41509,608,9
41510,609,10
41511,610,1
41512,611,2
41513,612,3
41514,613,4
41515,614,5
41516,615,6
41517,616,7
41518,617,8
41519,618,9
41520,619,10
41521,620,1
41522,621,2
41523,622,3
41524,623,4
41525,624,5
41526,625,6
41527,626,7
41528,627,8
41529,628,9
41530,629,10
41531,630,1
41532,631,2
41533,632,3
41534,633,4
41535,634,5
41536,635,6
41537,636,7
41538,637,8
41539,638,9
41540,639,10
41541,640,1
41542,641,2
41543,642,3
41544,643,4
41545,644,5
41546,645,6
41547,646,7
41548,647,8
41549,648,9
41550,649,10
41551,650,1
41552,651,2
41553,652,3
41554,653,4
41555,654,5
41556,655,6
41557,656,7
41558,657,8
41559,658,9
41560,659,10
41561,660,1
41562,661,2
41563,662,3
41564,663,4
41565,664,5
41566,665,6
41567,666,7
41568,667,8
41569,668,9
41570,669,10
41571,670,1
41572,671,2
41573,672,3
41574,673,4
41575,674,5
41576,675,6
41577,676,7
41578,677,8
41579,678,9
41580,679,10
41581,680,1
41582,681,2
41583,682,3
41584,683,4
41585,684,5
41586,685,6
41587,686,7
41588,687,8
41589,688,9
41590,689,10
41591,690,1
41592,691,2
41593,692,3
41594,693,4
41595,694,5
41596,695,6
41597,696,7
41598,697,8
41599,698,9
41600,699,10
41601,700,1
41602,701,2
41603,702,3
41604,703,4
41605,704,5
41606,705,6
41607,706,7
41608,707,8
41609,708,9
41610,709,10
41611,710,1
41612,711,2
41613,712,3
41614,713,4
41615,714,5
41616,715,6
41617,716,7
41618,717,8
41619,718,9
41620,719,10
41621,720,1
41622,721,2
41623,722,3
41624,723,4
41625,724,5
41626,725,6
41627,726,7
41628,727,8
41629,728,9
41630,729,10
41631,730,1
41632,731,2
41633,732,3
41634,733,4
41635,734,5
41636,735,6
41637,736,7
41638,737,8
41639,738,9
41640,739,10
41641,740,1
41642,741,2
41643,742,3
41644,743,4
41645,744,5
41646,745,6
41647,746,7
41648,747,8
41649,748,9
41650,749,10
41651,750,1
41652,751,2
41653,752,3
41654,753,4
41655,754,5
41656,755,6
41657,756,7
41658,757,8
41659,758,9
41660,759,10
41661,760,1
41662,761,2
41663,762,3
41664,763,4
41665,764,5
41666,765,6
41667,766,7
41668,767,8
41669,768,9
41670,769,10
41671,770,1
41672,771,2
41673,772,3
41674,773,4
41675,774,5
41676,775,6
41677,776,7
41678,777,8
41679,778,9
41680,779,10
41681,780,1
41682,781,2
41683,782,3
41684,783,4
41685,784,5
41686,785,6
41687,786,7
41688,787,8
41689,788,9
41690,789,10
41691,790,1
41692,791,2
41693,792,3
41694,793,4
41695,794,5
41696,795,6
41697,796,7
41698,797,8
41699,798,9
41700,799,10
41701,800,1
41702,801,2
41703,802,3
41704,803,4
41705,804,5
41706,805,6
41707,806,7
41708,807,8
41709,808,9
41710,809,10
41711,810,1
41712,811,2
41713,812,3
41714,813,4
41715,814,5
41716,815,6
41717,816,7
41718,817,8
41719,818,9
41720,819,10
41721,820,1
41722,821,2
41723,822,3
41724,823,4
41725,824,5
41726,825,6
41727,826,7
41728,827,8
41729,828,9
41730,829,10
41731,830,1
41732,831,2
41733,832,3
41734,833,4
41735,834,5
41736,835,6
41737,836,7
41738,837,8
41739,838,9
41740,839,10
41741,840,1
41742,841,2
41743,842,3
41744,843,4
41745,844,5
41746,845,6
41747,846,7
41748,847,8
41749,848,9
41750,849,10
41751,850,1
41752,851,2
41753,852,3
41754,853,4
41755,854,5
41756,855,6
41757,856,7
41758,857,8
41759,858,9
41760,859,10
41761,860,1
41762,861,2
41763,862,3
41764,863,4
41765,864,5
41766,865,6
41767,866,7
41768,867,8
41769,868,9
41770,869,10
41771,870,1
41772,871,2
41773,872,3
41774,873,4
41775,874,5
41776,875,6
41777,876,7
41778,877,8
41779,878,9
41780,879,10
41781,880,1
41782,881,2
41783,882,3
41784,883,4
41785,884,5
41786,885,6
41787,886,7
41788,887,8
41789,888,9
41790,889,10
41791,890,1
41792,891,2
41793,892,3
41794,893,4
41795,894,5
41796,895,6
41797,896,7
41798,897,8
41799,898,9
41800,899,10
41801,900,1
41802,901,2
41803,902,3
41804,903,4
41805,904,5
41806,905,6
41807,906,7
41808,907,8
41809,908,9
41810,909,10
41811,910,1
41812,911,2
41813,912,3
41814,913,4
41815,914,5
41816,915,6
41817,916,7
41818,917,8
41819,918,9
41820,919,10
41821,920,1
41822,921,2
41823,922,3
41824,923,4
41825,924,5
41826,925,6
41827,926,7
41828,927,8
41829,928,9
41830,929,10
41831,930,1
41832,931,2
41833,932,3
41834,933,4
41835,934,5
41836,935,6
41837,936,7
41838,937,8
41839,938,9
41840,939,10
41841,940,1
41842,941,2
41843,942,3
41844,943,4
41845,944,5
41846,945,6
41847,946,7
41848,947,8
41849,948,9
41850,949,10
41851,950,1
41852,951,2
41853,952,3
41854,953,4
41855,954,5
41856,955,6
41857,956,7
41858,957,8
41859,958,9
41860,959,10
41861,960,1
41862,961,2
41863,962,3
41864,963,4
41865,964,5
41866,965,6
41867,966,7
41868,967,8
41869,968,9
41870,969,10
41871,970,1
41872,971,2
41873,972,3
41874,973,4
41875,974,5
41876,975,6
41877,976,7
41878,977,8
41879,978,9
41880,979,10
41881,980,1
41882,981,2
41883,982,3
41884,983,4
41885,984,5
41886,985,6
41887,986,7
41888,987,8
41889,988,9
41890,989,10
41891,990,1
41892,991,2
41893,992,3
41894,993,4
41895,994,5
41896,995,6
41897,996,7
41898,997,8
41899,998,9
41900,999,10
41901,1000,1
41902,1001,2
41903,1002,3
41904,1003,4
41905,1004,5
41906,1005,6
41907,1006,7
41908,1007,8
41909,1008,9
41910,1009,10
41911,1010,1
41912,1011,2
41913,1012,3
41914,1013,4
41915,1014,5
41916,1015,6
41917,1016,7
41918,1017,8
41919,1018,9
41920,1019,10
41921,1020,1
41922,1021,2
41923,1022,3
41924,1023,4
41925,1024,5
41926,1025,6
41927,1026,7
41928,1027,8
41929,1028,9
41930,1029,10
41931,1030,1
41932,1031,2
41933,1032,3
41934,1033,4
41935,1034,5
41936,1035,6
41937,1036,7
41938,1037,8
41939,1038,9
41940,1039,10
41941,1040,1
41942,1041,2
41943,1042,3
41944,1043,4
41945,1044,5
41946,1045,6
41947,1046,7
41948,1047,8
41949,1048,9
41950,1049,10
41951,1050,1
41952,1051,2
41953,1052,3
41954,1053,4
41955,1054,5
41956,1055,6
41957,1056,7
41958,1057,8
41959,1058,9
41960,1059,10
41961,1060,1
41962,1061,2
41963,1062,3
41964,1063,4
41965,1064,5
41966,1065,6
41967,1066,7
41968,1067,8
41969,1068,9
41970,1069,10
41971,1070,1
41972,1071,2
41973,1072,3
41974,1073,4
41975,1074,5
41976,1075,6
41977,1076,7
41978,1077,8
41979,1078,9
41980,1079,10
41981,1080,1
41982,1081,2
41983,1082,3
41984,1083,4
41985,1084,5
41986,1085,6
41987,1086,7
41988,1087,8
41989,1088,9
41990,1089,10
41991,1090,1
41992,1091,2
41993,1092,3
41994,1093,4
41995,1094,5
41996,1095,6
41997,1096,7
41998,1097,8
41999,1098,9
42000,1099,10
42001,100,1
42002,101,2
42003,102,3
42004,103,4
42005,104,5
42006,105,6
42007,106,7
42008,107,8
42009,108,9
42010,109,10
42011,110,1
42012,111,2
42013,112,3
42014,113,4
42015,114,5
42016,115,6
42017,116,7
42018,117,8
42019,118,9
42020,119,10
42021,120,1
42022,121,2
42023,122,3
42024,123,4
42025,124,5
42026,125,6
42027,126,7
42028,127,8
42029,128,9
42030,129,10
42031,130,1
42032,131,2
42033,132,3
42034,133,4
42035,134,5
42036,135,6
42037,136,7
42038,137,8
42039,138,9
42040,139,10
42041,140,1
42042,141,2
42043,142,3
42044,143,4
42045,144,5
42046,145,6
42047,146,7
42048,147,8
42049,148,9
42050,149,10
42051,150,1
42052,151,2
42053,152,3
42054,153,4
42055,154,5
42056,155,6
42057,156,7
42058,157,8
42059,158,9
42060,159,10
42061,160,1
42062,161,2
42063,162,3
42064,163,4
42065,164,5
42066,165,6
42067,166,7
42068,167,8
42069,168,9
42070,169,10
42071,170,1
42072,171,2
42073,172,3
42074,173,4
42075,174,5
42076,175,6
42077,176,7
42078,177,8
42079,178,9
42080,179,10
42081,180,1
42082,181,2
42083,182,3
42084,183,4
42085,184,5
42086,185,6
42087,186,7
42088,187,8
42089,188,9
42090,189,10
42091,190,1
42092,191,2
42093,192,3
42094,193,4
42095,194,5
42096,195,6
42097,196,7
42098,197,8
42099,198,9
42100,199,10
42101,200,1
42102,201,2
42103,202,3
42104,203,4
42105,204,5
42106,205,6
42107,206,7
42108,207,8
42109,208,9
42110,209,10
42111,210,1
42112,211,2
42113,212,3
42114,213,4
42115,214,5
42116,215,6
42117,216,7
42118,217,8
42119,218,9
42120,219,10
42121,220,1
42122,221,2
42123,222,3
42124,223,4
42125,224,5
42126,225,6
42127,226,7
42128,227,8
42129,228,9
42130,229,10
42131,230,1
42132,231,2
42133,232,3
42134,233,4
42135,234,5
42136,235,6
42137,236,7
42138,237,8
42139,238,9
42140,239,10
42141,240,1
42142,241,2
42143,242,3
42144,243,4
42145,244,5
42146,245,6
42147,246,7
42148,247,8
42149,248,9
42150,249,10
42151,250,1
42152,251,2
42153,252,3
42154,253,4
42155,254,5
42156,255,6
42157,256,7
42158,257,8
42159,258,9
42160,259,10
42161,260,1
42162,261,2
42163,262,3
42164,263,4
42165,264,5
42166,265,6
42167,266,7
42168,267,8
42169,268,9
42170,269,10
42171,270,1
42172,271,2
42173,272,3
42174,273,4
42175,274,5
42176,275,6
42177,276,7
42178,277,8
42179,278,9
42180,279,10
42181,280,1
42182,281,2
42183,282,3
42184,283,4
42185,284,5
42186,285,6
42187,286,7
42188,287,8
42189,288,9
42190,289,10
42191,290,1
42192,291,2
42193,292,3
42194,293,4
42195,294,5
42196,295,6
42197,296,7
42198,297,8
42199,298,9
42200,299,10
42201,300,1
42202,301,2
42203,302,3
42204,303,4
42205,304,5
42206,305,6
42207,306,7
42208,307,8
42209,308,9
42210,309,10
42211,310,1
42212,311,2
42213,312,3
42214,313,4
42215,314,5
42216,315,6
42217,316,7
42218,317,8
42219,318,9
42220,319,10
42221,320,1
42222,321,2
42223,322,3
42224,323,4
42225,324,5
42226,325,6
42227,326,7
42228,327,8
42229,328,9
42230,329,10
42231,330,1
42232,331,2
42233,332,3
42234,333,4
42235,334,5
42236,335,6
42237,336,7
42238,337,8
42239,338,9
42240,339,10
42241,340,1
42242,341,2
42243,342,3
42244,343,4
42245,344,5
42246,345,6
42247,346,7
42248,347,8
42249,348,9
42250,349,10
42251,350,1
42252,351,2
42253,352,3
42254,353,4
42255,354,5
42256,355,6
42257,356,7
42258,357,8
42259,358,9
42260,359,10
42261,360,1
42262,361,2
42263,362,3
42264,363,4
42265,364,5
42266,365,6
42267,366,7
42268,367,8
42269,368,9
42270,369,10
42271,370,1
42272,371,2
42273,372,3
42274,373,4
42275,374,5
42276,375,6
42277,376,7
42278,377,8
42279,378,9
42280,379,10
42281,380,1
42282,381,2
42283,382,3
42284,383,4
42285,384,5
42286,385,6
42287,386,7
42288,387,8
42289,388,9
42290,389,10
42291,390,1
42292,391,2
42293,392,3
42294,393,4
42295,394,5
42296,395,6
42297,396,7
42298,397,8
42299,398,9
42300,399,10
42301,400,1
42302,401,2
42303,402,3
42304,403,4
42305,404,5
42306,405,6
42307,406,7
42308,407,8
42309,408,9
42310,409,10
42311,410,1
42312,411,2
42313,412,3
42314,413,4
42315,414,5
42316,415,6
42317,416,7
42318,417,8
42319,418,9
42320,419,10
42321,420,1
42322,421,2
42323,422,3
42324,423,4
42325,424,5
42326,425,6
42327,426,7
42328,427,8
42329,428,9
42330,429,10
42331,430,1
42332,431,2
42333,432,3
42334,433,4
42335,434,5
42336,435,6
42337,436,7
42338,437,8
42339,438,9
42340,439,10
42341,440,1
42342,441,2
42343,442,3
42344,443,4
42345,444,5
42346,445,6
42347,446,7
42348,447,8
42349,448,9
42350,449,10
42351,450,1
42352,451,2
42353,452,3
42354,453,4
42355,454,5
42356,455,6
42357,456,7
42358,457,8
42359,458,9
42360,459,10
42361,460,1
42362,461,2
42363,462,3
42364,463,4
42365,464,5
42366,465,6
42367,466,7
42368,467,8
42369,468,9
42370,469,10
42371,470,1
42372,471,2
42373,472,3
42374,473,4
42375,474,5
42376,475,6
42377,476,7
42378,477,8
42379,478,9
42380,479,10
42381,480,1
42382,481,2
42383,482,3
42384,483,4
42385,484,5
42386,485,6
42387,486,7
42388,487,8
42389,488,9
42390,489,10
42391,490,1
42392,491,2
42393,492,3
42394,493,4
42395,494,5
42396,495,6
42397,496,7
42398,497,8
42399,498,9
42400,499,10
42401,500,1
42402,501,2
42403,502,3
42404,503,4
42405,504,5
42406,505,6
42407,506,7
42408,507,8
42409,508,9
42410,509,10
42411,510,1
42412,511,2
42413,512,3
42414,513,4
42415,514,5
42416,515,6
42417,516,7
42418,517,8
42419,518,9
42420,519,10
42421,520,1
42422,521,2
42423,522,3
42424,523,4
42425,524,5
42426,525,6
42427,526,7
42428,527,8
42429,528,9
42430,529,10
42431,530,1
42432,531,2
42433,532,3
42434,533,4
42435,534,5
42436,535,6
42437,536,7
42438,537,8
42439,538,9
42440,539,10
42441,540,1
42442,541,2
42443,542,3
42444,543,4
42445,544,5
42446,545,6
42447,546,7
42448,547,8
42449,548,9
42450,549,10
42451,550,1
42452,551,2
42453,552,3
42454,553,4
42455,554,5
42456,555,6
42457,556,7
42458,557,8
42459,558,9
42460,559,10
42461,560,1
42462,561,2
42463,562,3
42464,563,4
42465,564,5
42466,565,6
42467,566,7
42468,567,8
42469,568,9
42470,569,10
42471,570,1
42472,571,2
42473,572,3
42474,573,4
42475,574,5
42476,575,6
42477,576,7
42478,577,8
42479,578,9
42480,579,10
42481,580,1
42482,581,2
42483,582,3
42484,583,4
42485,584,5
42486,585,6
42487,586,7
42488,587,8
42489,588,9
42490,589,10
42491,590,1
42492,591,2
42493,592,3
42494,593,4
42495,594,5
42496,595,6
42497,596,7
42498,597,8
42499,598,9
42500,599,10
42501,600,1
42502,601,2
42503,602,3
42504,603,4
42505,604,5
42506,605,6
42507,606,7
42508,607,8
42509,608,9
42510,609,10
42511,610,1
42512,611,2
42513,612,3
42514,613,4
42515,614,5
42516,615,6
42517,616,7
42518,617,8
42519,618,9
42520,619,10
42521,620,1
42522,621,2
42523,622,3
42524,623,4
42525,624,5
42526,625,6
42527,626,7
42528,627,8
42529,628,9
42530,629,10
42531,630,1
42532,631,2
42533,632,3
42534,633,4
42535,634,5
42536,635,6
42537,636,7
42538,637,8
42539,638,9
42540,639,10
42541,640,1
42542,641,2
42543,642,3
42544,643,4
42545,644,5
42546,645,6
42547,646,7
42548,647,8
42549,648,9
42550,649,10
42551,650,1
42552,651,2
42553,652,3
42554,653,4
42555,654,5
42556,655,6
42557,656,7
42558,657,8
42559,658,9
42560,659,10
42561,660,1
42562,661,2
42563,662,3
42564,663,4
42565,664,5
42566,665,6
42567,666,7
42568,667,8
42569,668,9
42570,669,10
42571,670,1
42572,671,2
42573,672,3
42574,673,4
42575,674,5
42576,675,6
42577,676,7
42578,677,8
42579,678,9
42580,679,10
42581,680,1
42582,681,2
42583,682,3
42584,683,4
42585,684,5
42586,685,6
42587,686,7
42588,687,8
42589,688,9
42590,689,10
42591,690,1
42592,691,2
42593,692,3
42594,693,4
42595,694,5
42596,695,6
42597,696,7
42598,697,8
42599,698,9
42600,699,10
42601,700,1
42602,701,2
42603,702,3
42604,703,4
42605,704,5
42606,705,6
42607,706,7
42608,707,8
42609,708,9
42610,709,10
42611,710,1
42612,711,2
42613,712,3
42614,713,4
42615,714,5
42616,715,6
42617,716,7
42618,717,8
42619,718,9
42620,719,10
42621,720,1
42622,721,2
42623,722,3
42624,723,4
42625,724,5
42626,725,6
42627,726,7
42628,727,8
42629,728,9
42630,729,10
42631,730,1
42632,731,2
42633,732,3
42634,733,4
42635,734,5
42636,735,6
42637,736,7
42638,737,8
42639,738,9
42640,739,10
42641,740,1
42642,741,2
42643,742,3
42644,743,4
42645,744,5
42646,745,6
42647,746,7
42648,747,8
42649,748,9
42650,749,10
42651,750,1
42652,751,2
42653,752,3
42654,753,4
42655,754,5
42656,755,6
42657,756,7
42658,757,8
42659,758,9
42660,759,10
42661,760,1
42662,761,2
42663,762,3
42664,763,4
42665,764,5
42666,765,6
42667,766,7
42668,767,8
42669,768,9
42670,769,10
42671,770,1
42672,771,2
42673,772,3
42674,773,4
42675,774,5
42676,775,6
42677,776,7
42678,777,8
42679,778,9
42680,779,10
42681,780,1
42682,781,2
42683,782,3
42684,783,4
42685,784,5
42686,785,6
42687,786,7
42688,787,8
42689,788,9
42690,789,10
42691,790,1
42692,791,2
42693,792,3
42694,793,4
42695,794,5
42696,795,6
42697,796,7
42698,797,8
42699,798,9
42700,799,10
42701,800,1
42702,801,2
42703,802,3
42704,803,4
42705,804,5
42706,805,6
42707,806,7
42708,807,8
42709,808,9
42710,809,10
42711,810,1
42712,811,2
42713,812,3
42714,813,4
42715,814,5
42716,815,6
42717,816,7
42718,817,8
42719,818,9
42720,819,10
42721,820,1
42722,821,2
42723,822,3
42724,823,4
42725,824,5
42726,825,6
42727,826,7
42728,827,8
42729,828,9
42730,829,10
42731,830,1
42732,831,2
42733,832,3
42734,833,4
42735,834,5
42736,835,6
42737,836,7
42738,837,8
42739,838,9
42740,839,10
42741,840,1
42742,841,2
42743,842,3
42744,843,4
42745,844,5
42746,845,6
42747,846,7
42748,847,8
42749,848,9
42750,849,10
42751,850,1
42752,851,2
42753,852,3
42754,853,4
42755,854,5
42756,855,6
42757,856,7
42758,857,8
42759,858,9
42760,859,10
42761,860,1
42762,861,2
42763,862,3
42764,863,4
42765,864,5
42766,865,6
42767,866,7
42768,867,8
42769,868,9
42770,869,10
42771,870,1
42772,871,2
42773,872,3
42774,873,4
42775,874,5
42776,875,6
42777,876,7
42778,877,8
42779,878,9
42780,879,10
42781,880,1
42782,881,2
42783,882,3
42784,883,4
42785,884,5
42786,885,6
42787,886,7
42788,887,8
42789,888,9
42790,889,10
42791,890,1
42792,891,2
42793,892,3
42794,893,4
42795,894,5
42796,895,6
42797,896,7
42798,897,8
42799,898,9
42800,899,10
42801,900,1
42802,901,2
42803,902,3
42804,903,4
42805,904,5
42806,905,6
42807,906,7
42808,907,8
42809,908,9
42810,909,10
42811,910,1
42812,911,2
42813,912,3
42814,913,4
42815,914,5
42816,915,6
42817,916,7
42818,917,8
42819,918,9
42820,919,10
42821,920,1
42822,921,2
42823,922,3
42824,923,4
42825,924,5
42826,925,6
42827,926,7
42828,927,8
42829,928,9
42830,929,10
42831,930,1
42832,931,2
42833,932,3
42834,933,4
42835,934,5
42836,935,6
42837,936,7
42838,937,8
42839,938,9
42840,939,10
42841,940,1
42842,941,2
42843,942,3
42844,943,4
42845,944,5
42846,945,6
42847,946,7
42848,947,8
42849,948,9
42850,949,10
42851,950,1
42852,951,2
42853,952,3
42854,953,4
42855,954,5
42856,955,6
42857,956,7
42858,957,8
42859,958,9
42860,959,10
42861,960,1
42862,961,2
42863,962,3
42864,963,4
42865,964,5
42866,965,6
42867,966,7
42868,967,8
42869,968,9
42870,969,10
42871,970,1
42872,971,2
42873,972,3
42874,973,4
42875,974,5
42876,975,6
42877,976,7
42878,977,8
42879,978,9
42880,979,10
42881,980,1
42882,981,2
42883,982,3
42884,983,4
42885,984,5
42886,985,6
42887,986,7
42888,987,8
42889,988,9
42890,989,10
42891,990,1
42892,991,2
42893,992,3
42894,993,4
42895,994,5
42896,995,6
42897,996,7
42898,997,8
42899,998,9
42900,999,10
42901,1000,1
42902,1001,2
42903,1002,3
42904,1003,4
42905,1004,5
42906,1005,6
42907,1006,7
42908,1007,8
42909,1008,9
42910,1009,10
42911,1010,1
42912,1011,2
42913,1012,3
42914,1013,4
42915,1014,5
42916,1015,6
42917,1016,7
42918,1017,8
42919,1018,9
42920,1019,10
42921,1020,1
42922,1021,2
42923,1022,3
42924,1023,4
42925,1024,5
42926,1025,6
42927,1026,7
42928,1027,8
42929,1028,9
42930,1029,10
42931,1030,1
42932,1031,2
42933,1032,3
42934,1033,4
42935,1034,5
42936,1035,6
42937,1036,7
42938,1037,8
42939,1038,9
42940,1039,10
42941,1040,1
42942,1041,2
42943,1042,3
42944,1043,4
42945,1044,5
42946,1045,6
42947,1046,7
42948,1047,8
42949,1048,9
42950,1049,10
42951,1050,1
42952,1051,2
42953,1052,3
42954,1053,4
42955,1054,5
42956,1055,6
42957,1056,7
42958,1057,8
42959,1058,9
42960,1059,10
42961,1060,1
42962,1061,2
42963,1062,3
42964,1063,4
42965,1064,5
42966,1065,6
42967,1066,7
42968,1067,8
42969,1068,9
42970,1069,10
42971,1070,1
42972,1071,2
42973,1072,3
42974,1073,4
42975,1074,5
42976,1075,6
42977,1076,7
42978,1077,8
42979,1078,9
42980,1079,10
42981,1080,1
42982,1081,2
42983,1082,3
42984,1083,4
42985,1084,5
42986,1085,6
42987,1086,7
42988,1087,8
42989,1088,9
42990,1089,10
42991,1090,1
42992,1091,2
42993,1092,3
42994,1093,4
42995,1094,5
42996,1095,6
42997,1096,7
42998,1097,8
42999,1098,9
43000,1099,10
43001,100,1
43002,101,2
43003,102,3
43004,103,4
43005,104,5
43006,105,6
43007,106,7
43008,107,8
43009,108,9
43010,109,10
43011,110,1
43012,111,2
43013,112,3
43014,113,4
43015,114,5
43016,115,6
43017,116,7
43018,117,8
43019,118,9
43020,119,10
43021,120,1
43022,121,2
43023,122,3
43024,123,4
43025,124,5
43026,125,6
43027,126,7
43028,127,8
43029,128,9
43030,129,10
43031,130,1
43032,131,2
43033,132,3
43034,133,4
43035,134,5
43036,135,6
43037,136,7
43038,137,8
43039,138,9
43040,139,10
43041,140,1
43042,141,2
43043,142,3
43044,143,4
43045,144,5
43046,145,6
43047,146,7
43048,147,8
43049,148,9
43050,149,10
43051,150,1
43052,151,2
43053,152,3
43054,153,4
43055,154,5
43056,155,6
43057,156,7
43058,157,8
43059,158,9
43060,159,10
43061,160,1
43062,161,2
43063,162,3
43064,163,4
43065,164,5
43066,165,6
43067,166,7
43068,167,8
43069,168,9
43070,169,10
43071,170,1
43072,171,2
43073,172,3
43074,173,4
43075,174,5
43076,175,6
43077,176,7
43078,177,8
43079,178,9
43080,179,10
43081,180,1
43082,181,2
43083,182,3
43084,183,4
43085,184,5
43086,185,6
43087,186,7
43088,187,8
43089,188,9
43090,189,10
43091,190,1
43092,191,2
43093,192,3
43094,193,4
43095,194,5
43096,195,6
43097,196,7
43098,197,8
43099,198,9
43100,199,10
43101,200,1
43102,201,2
43103,202,3
43104,203,4
43105,204,5
43106,205,6
43107,206,7
43108,207,8
43109,208,9
43110,209,10
43111,210,1
43112,211,2
43113,212,3
43114,213,4
43115,214,5
43116,215,6
43117,216,7
43118,217,8
43119,218,9
43120,219,10
43121,220,1
43122,221,2
43123,222,3
43124,223,4
43125,224,5
43126,225,6
43127,226,7
43128,227,8
43129,228,9
43130,229,10
43131,230,1
43132,231,2
43133,232,3
43134,233,4
43135,234,5
43136,235,6
43137,236,7
43138,237,8
43139,238,9
43140,239,10
43141,240,1
43142,241,2
43143,242,3
43144,243,4
43145,244,5
43146,245,6
43147,246,7
43148,247,8
43149,248,9
43150,249,10
43151,250,1
43152,251,2
43153,252,3
43154,253,4
43155,254,5
43156,255,6
43157,256,7
43158,257,8
43159,258,9
43160,259,10
43161,260,1
43162,261,2
43163,262,3
43164,263,4
43165,264,5
43166,265,6
43167,266,7
43168,267,8
43169,268,9
43170,269,10
43171,270,1
43172,271,2
43173,272,3
43174,273,4
43175,274,5
43176,275,6
43177,276,7
43178,277,8
43179,278,9
43180,279,10
43181,280,1
43182,281,2
43183,282,3
43184,283,4
43185,284,5
43186,285,6
43187,286,7
43188,287,8
43189,288,9
43190,289,10
43191,290,1
43192,291,2
43193,292,3
43194,293,4
43195,294,5
43196,295,6
43197,296,7
43198,297,8
43199,298,9
43200,299,10
43201,300,1
43202,301,2
43203,302,3
43204,303,4
43205,304,5
43206,305,6
43207,306,7
43208,307,8
43209,308,9
43210,309,10
43211,310,1
43212,311,2
43213,312,3
43214,313,4
43215,314,5
43216,315,6
43217,316,7
43218,317,8
43219,318,9
43220,319,10
43221,320,1
43222,321,2
43223,322,3
43224,323,4
43225,324,5
43226,325,6
43227,326,7
43228,327,8
43229,328,9
43230,329,10
43231,330,1
43232,331,2
43233,332,3
43234,333,4
43235,334,5
43236,335,6
43237,336,7
43238,337,8
43239,338,9
43240,339,10
43241,340,1
43242,341,2
43243,342,3
43244,343,4
43245,344,5
43246,345,6
43247,346,7
43248,347,8
43249,348,9
43250,349,10
43251,350,1
43252,351,2
43253,352,3
43254,353,4
43255,354,5
43256,355,6
43257,356,7
43258,357,8
43259,358,9
43260,359,10
43261,360,1
43262,361,2
43263,362,3
43264,363,4
43265,364,5
43266,365,6
43267,366,7
43268,367,8
43269,368,9
43270,369,10
43271,370,1
43272,371,2
43273,372,3
43274,373,4
43275,374,5
43276,375,6
43277,376,7
43278,377,8
43279,378,9
43280,379,10
43281,380,1
43282,381,2
43283,382,3
43284,383,4
43285,384,5
43286,385,6
43287,386,7
43288,387,8
43289,388,9
43290,389,10
43291,390,1
43292,391,2
43293,392,3
43294,393,4
43295,394,5
43296,395,6
43297,396,7
43298,397,8
43299,398,9
43300,399,10
43301,400,1
43302,401,2
43303,402,3
43304,403,4
43305,404,5
43306,405,6
43307,406,7
43308,407,8
43309,408,9
43310,409,10
43311,410,1
43312,411,2
43313,412,3
43314,413,4
43315,414,5
43316,415,6
43317,416,7
43318,417,8
43319,418,9
43320,419,10
43321,420,1
43322,421,2
43323,422,3
43324,423,4
43325,424,5
43326,425,6
43327,426,7
43328,427,8
43329,428,9
43330,429,10
43331,430,1
43332,431,2
43333,432,3
43334,433,4
43335,434,5
43336,435,6
43337,436,7
43338,437,8
43339,438,9
43340,439,10
43341,440,1
43342,441,2
43343,442,3
43344,443,4
43345,444,5
43346,445,6
43347,446,7
43348,447,8
43349,448,9
43350,449,10
43351,450,1
43352,451,2
43353,452,3
43354,453,4
43355,454,5
43356,455,6
43357,456,7
43358,457,8
43359,458,9
43360,459,10
43361,460,1
43362,461,2
43363,462,3
43364,463,4
43365,464,5
43366,465,6
43367,466,7
43368,467,8
43369,468,9
43370,469,10
43371,470,1
43372,471,2
43373,472,3
43374,473,4
43375,474,5
43376,475,6
43377,476,7
43378,477,8
43379,478,9
43380,479,10
43381,480,1
43382,481,2
43383,482,3
43384,483,4
43385,484,5
43386,485,6
43387,486,7
43388,487,8
43389,488,9
43390,489,10
43391,490,1
43392,491,2
43393,492,3
43394,493,4
43395,494,5
43396,495,6
43397,496,7
43398,497,8
43399,498,9
43400,499,10
43401,500,1
43402,501,2
43403,502,3
43404,503,4
43405,504,5
43406,505,6
43407,506,7
43408,507,8
43409,508,9
43410,509,10
43411,510,1
43412,511,2
43413,512,3
43414,513,4
43415,514,5
43416,515,6
43417,516,7
43418,517,8
43419,518,9
43420,519,10
43421,520,1
43422,521,2
43423,522,3
43424,523,4
43425,524,5
43426,525,6
43427,526,7
43428,527,8
43429,528,9
43430,529,10
43431,530,1
43432,531,2
43433,532,3
43434,533,4
43435,534,5
43436,535,6
43437,536,7
43438,537,8
43439,538,9
43440,539,10
43441,540,1
43442,541,2
43443,542,3
43444,543,4
43445,544,5
43446,545,6
43447,546,7
43448,547,8
43449,548,9
43450,549,10
43451,550,1
43452,551,2
43453,552,3
43454,553,4
43455,554,5
43456,555,6
43457,556,7
43458,557,8
43459,558,9
43460,559,10
43461,560,1
43462,561,2
43463,562,3
43464,563,4
43465,564,5
43466,565,6
43467,566,7
43468,567,8
43469,568,9
43470,569,10
43471,570,1
43472,571,2
43473,572,3
43474,573,4
43475,574,5
43476,575,6
43477,576,7
43478,577,8
43479,578,9
43480,579,10
43481,580,1
43482,581,2
43483,582,3
43484,583,4
43485,584,5
43486,585,6
43487,586,7
43488,587,8
43489,588,9
43490,589,10
43491,590,1
43492,591,2
43493,592,3
43494,593,4
43495,594,5
43496,595,6
43497,596,7
43498,597,8
43499,598,9
43500,599,10
43501,600,1
43502,601,2
43503,602,3
43504,603,4
43505,604,5
43506,605,6
43507,606,7
43508,607,8
43509,608,9
43510,609,10
43511,610,1
43512,611,2
43513,612,3
43514,613,4
43515,614,5
43516,615,6
43517,616,7
43518,617,8
43519,618,9
43520,619,10
43521,620,1
43522,621,2
43523,622,3
43524,623,4
43525,624,5
43526,625,6
43527,626,7
43528,627,8
43529,628,9
43530,629,10
43531,630,1
43532,631,2
43533,632,3
43534,633,4
43535,634,5
43536,635,6
43537,636,7
43538,637,8
43539,638,9
43540,639,10
43541,640,1
43542,641,2
43543,642,3
43544,643,4
43545,644,5
43546,645,6
43547,646,7
43548,647,8
43549,648,9
43550,649,10
43551,650,1
43552,651,2
43553,652,3
43554,653,4
43555,654,5
43556,655,6
43557,656,7
43558,657,8
43559,658,9
43560,659,10
43561,660,1
43562,661,2
43563,662,3
43564,663,4
43565,664,5
43566,665,6
43567,666,7
43568,667,8
43569,668,9
43570,669,10
43571,670,1
43572,671,2
43573,672,3
43574,673,4
43575,674,5
43576,675,6
43577,676,7
43578,677,8
43579,678,9
43580,679,10
43581,680,1
43582,681,2
43583,682,3
43584,683,4
43585,684,5
43586,685,6
43587,686,7
43588,687,8
43589,688,9
43590,689,10
43591,690,1
43592,691,2
43593,692,3
43594,693,4
43595,694,5
43596,695,6
43597,696,7
43598,697,8
43599,698,9
43600,699,10
43601,700,1
43602,701,2
43603,702,3
43604,703,4
43605,704,5
43606,705,6
43607,706,7
43608,707,8
43609,708,9
43610,709,10
43611,710,1
43612,711,2
43613,712,3
43614,713,4
43615,714,5
43616,715,6
43617,716,7
43618,717,8
43619,718,9
43620,719,10
43621,720,1
43622,721,2
43623,722,3
43624,723,4
43625,724,5
43626,725,6
43627,726,7
43628,727,8
43629,728,9
43630,729,10
43631,730,1
43632,731,2
43633,732,3
43634,733,4
43635,734,5
43636,735,6
43637,736,7
43638,737,8
43639,738,9
43640,739,10
43641,740,1
43642,741,2
43643,742,3
43644,743,4
43645,744,5
43646,745,6
43647,746,7
43648,747,8
43649,748,9
43650,749,10
43651,750,1
43652,751,2
43653,752,3
43654,753,4
43655,754,5
43656,755,6
43657,756,7
43658,757,8
43659,758,9
43660,759,10
43661,760,1
43662,761,2
43663,762,3
43664,763,4
43665,764,5
43666,765,6
43667,766,7
43668,767,8
43669,768,9
43670,769,10
43671,770,1
43672,771,2
43673,772,3
43674,773,4
43675,774,5
43676,775,6
43677,776,7
43678,777,8
43679,778,9
43680,779,10
43681,780,1
43682,781,2
43683,782,3
43684,783,4
43685,784,5
43686,785,6
43687,786,7
43688,787,8
43689,788,9
43690,789,10
43691,790,1
43692,791,2
43693,792,3
43694,793,4
43695,794,5
43696,795,6
43697,796,7
43698,797,8
43699,798,9
43700,799,10
43701,800,1
43702,801,2
43703,802,3
43704,803,4
43705,804,5
43706,805,6
43707,806,7
43708,807,8
43709,808,9
43710,809,10
43711,810,1
43712,811,2
43713,812,3
43714,813,4
43715,814,5
43716,815,6
43717,816,7
43718,817,8
43719,818,9
43720,819,10
43721,820,1
43722,821,2
43723,822,3
43724,823,4
43725,824,5
43726,825,6
43727,826,7
43728,827,8
43729,828,9
43730,829,10
43731,830,1
43732,831,2
43733,832,3
43734,833,4
43735,834,5
43736,835,6
43737,836,7
43738,837,8
43739,838,9
43740,839,10
43741,840,1
43742,841,2
43743,842,3
43744,843,4
43745,844,5
43746,845,6
43747,846,7
43748,847,8
43749,848,9
43750,849,10
43751,850,1
43752,851,2
43753,852,3
43754,853,4
43755,854,5
43756,855,6
43757,856,7
43758,857,8
43759,858,9
43760,859,10
43761,860,1
43762,861,2
43763,862,3
43764,863,4
43765,864,5
43766,865,6
43767,866,7
43768,867,8
43769,868,9
43770,869,10
43771,870,1
43772,871,2
43773,872,3
43774,873,4
43775,874,5
43776,875,6
43777,876,7
43778,877,8
43779,878,9
43780,879,10
43781,880,1
43782,881,2
43783,882,3
43784,883,4
43785,884,5
43786,885,6
43787,886,7
43788,887,8
43789,888,9
43790,889,10
43791,890,1
43792,891,2
43793,892,3
43794,893,4
43795,894,5
43796,895,6
43797,896,7
43798,897,8
43799,898,9
43800,899,10
43801,900,1
43802,901,2
43803,902,3
43804,903,4
43805,904,5
43806,905,6
43807,906,7
43808,907,8
43809,908,9
43810,909,10
43811,910,1
43812,911,2
43813,912,3
43814,913,4
43815,914,5
43816,915,6
43817,916,7
43818,917,8
43819,918,9
43820,919,10
43821,920,1
43822,921,2
43823,922,3
43824,923,4
43825,924,5
43826,925,6
43827,926,7
43828,927,8
43829,928,9
43830,929,10
43831,930,1
43832,931,2
43833,932,3
43834,933,4
43835,934,5
43836,935,6
43837,936,7
43838,937,8
43839,938,9
43840,939,10
43841,940,1
43842,941,2
43843,942,3
43844,943,4
43845,944,5
43846,945,6
43847,946,7
43848,947,8
43849,948,9
43850,949,10
43851,950,1
43852,951,2
43853,952,3
43854,953,4
43855,954,5
43856,955,6
43857,956,7
43858,957,8
43859,958,9
43860,959,10
43861,960,1
43862,961,2
43863,962,3
43864,963,4
43865,964,5
43866,965,6
43867,966,7
43868,967,8
43869,968,9
43870,969,10
43871,970,1
43872,971,2
43873,972,3
43874,973,4
43875,974,5
43876,975,6
43877,976,7
43878,977,8
43879,978,9
43880,979,10
43881,980,1
43882,981,2
43883,982,3
43884,983,4
43885,984,5
43886,985,6
43887,986,7
43888,987,8
43889,988,9
43890,989,10
43891,990,1
43892,991,2
43893,992,3
43894,993,4
43895,994,5
43896,995,6
43897,996,7
43898,997,8
43899,998,9
43900,999,10
43901,1000,1
43902,1001,2
43903,1002,3
43904,1003,4
43905,1004,5
43906,1005,6
43907,1006,7
43908,1007,8
43909,1008,9
43910,1009,10
43911,1010,1
43912,1011,2
43913,1012,3
43914,1013,4
43915,1014,5
43916,1015,6
43917,1016,7
43918,1017,8
43919,1018,9
43920,1019,10
43921,1020,1
43922,1021,2
43923,1022,3
43924,1023,4
43925,1024,5
43926,1025,6
43927,1026,7
43928,1027,8
43929,1028,9
43930,1029,10
43931,1030,1
43932,1031,2
43933,1032,3
43934,1033,4
43935,1034,5
43936,1035,6
43937,1036,7
43938,1037,8
43939,1038,9
43940,1039,10
43941,1040,1
43942,1041,2
43943,1042,3
43944,1043,4
43945,1044,5
43946,1045,6
43947,1046,7
43948,1047,8
43949,1048,9
43950,1049,10
43951,1050,1
43952,1051,2
43953,1052,3
43954,1053,4
43955,1054,5
43956,1055,6
43957,1056,7
43958,1057,8
43959,1058,9
43960,1059,10
43961,1060,1
43962,1061,2
43963,1062,3
43964,1063,4
43965,1064,5
43966,1065,6
43967,1066,7
43968,1067,8
43969,1068,9
43970,1069,10
43971,1070,1
43972,1071,2
43973,1072,3
43974,1073,4
43975,1074,5
43976,1075,6
43977,1076,7
43978,1077,8
43979,1078,9
43980,1079,10
43981,1080,1
43982,1081,2
43983,1082,3
43984,1083,4
43985,1084,5
43986,1085,6
43987,1086,7
43988,1087,8
43989,1088,9
43990,1089,10
43991,1090,1
43992,1091,2
43993,1092,3
43994,1093,4
43995,1094,5
43996,1095,6
43997,1096,7
43998,1097,8
43999,1098,9
44000,1099,10
44001,100,1
44002,101,2
44003,102,3
44004,103,4
44005,104,5
44006,105,6
44007,106,7
44008,107,8
44009,108,9
44010,109,10
44011,110,1
44012,111,2
44013,112,3
44014,113,4
44015,114,5
44016,115,6
44017,116,7
44018,117,8
44019,118,9
44020,119,10
44021,120,1
44022,121,2
44023,122,3
44024,123,4
44025,124,5
44026,125,6
44027,126,7
44028,127,8
44029,128,9
44030,129,10
44031,130,1
44032,131,2
44033,132,3
44034,133,4
44035,134,5
44036,135,6
44037,136,7
44038,137,8
44039,138,9
44040,139,10
44041,140,1
44042,141,2
44043,142,3
44044,143,4
44045,144,5
44046,145,6
44047,146,7
44048,147,8
44049,148,9
44050,149,10
44051,150,1
44052,151,2
44053,152,3
44054,153,4
44055,154,5
44056,155,6
44057,156,7
44058,157,8
44059,158,9
44060,159,10
44061,160,1
44062,161,2
44063,162,3
44064,163,4
44065,164,5
44066,165,6
44067,166,7
44068,167,8
44069,168,9
44070,169,10
44071,170,1
44072,171,2
44073,172,3
44074,173,4
44075,174,5
44076,175,6
44077,176,7
44078,177,8
44079,178,9
44080,179,10
44081,180,1
44082,181,2
44083,182,3
44084,183,4
44085,184,5
44086,185,6
44087,186,7
44088,187,8
44089,188,9
44090,189,10
44091,190,1
44092,191,2
44093,192,3
44094,193,4
44095,194,5
44096,195,6
44097,196,7
44098,197,8
44099,198,9
44100,199,10
44101,200,1
44102,201,2
44103,202,3
44104,203,4
44105,204,5
44106,205,6
44107,206,7
44108,207,8
44109,208,9
44110,209,10
44111,210,1
44112,211,2
44113,212,3
44114,213,4
44115,214,5
44116,215,6
44117,216,7
44118,217,8
44119,218,9
44120,219,10
44121,220,1
44122,221,2
44123,222,3
44124,223,4
44125,224,5
44126,225,6
44127,226,7
44128,227,8
44129,228,9
44130,229,10
44131,230,1
44132,231,2
44133,232,3
44134,233,4
44135,234,5
44136,235,6
44137,236,7
44138,237,8
44139,238,9
44140,239,10
44141,240,1
44142,241,2
44143,242,3
44144,243,4
44145,244,5
44146,245,6
44147,246,7
44148,247,8
44149,248,9
44150,249,10
44151,250,1
44152,251,2
44153,252,3
44154,253,4
44155,254,5
44156,255,6
44157,256,7
44158,257,8
44159,258,9
44160,259,10
44161,260,1
44162,261,2
44163,262,3
44164,263,4
44165,264,5
44166,265,6
44167,266,7
44168,267,8
44169,268,9
44170,269,10
44171,270,1
44172,271,2
44173,272,3
44174,273,4
44175,274,5
44176,275,6
44177,276,7
44178,277,8
44179,278,9
44180,279,10
44181,280,1
44182,281,2
44183,282,3
44184,283,4
44185,284,5
44186,285,6
44187,286,7
44188,287,8
44189,288,9
44190,289,10
44191,290,1
44192,291,2
44193,292,3
44194,293,4
44195,294,5
44196,295,6
44197,296,7
44198,297,8
44199,298,9
44200,299,10
44201,300,1
44202,301,2
44203,302,3
44204,303,4
44205,304,5
44206,305,6
44207,306,7
44208,307,8
44209,308,9
44210,309,10
44211,310,1
44212,311,2
44213,312,3
44214,313,4
44215,314,5
44216,315,6
44217,316,7
44218,317,8
44219,318,9
44220,319,10
44221,320,1
44222,321,2
44223,322,3
44224,323,4
44225,324,5
44226,325,6
44227,326,7
44228,327,8
44229,328,9
44230,329,10
44231,330,1
44232,331,2
44233,332,3
44234,333,4
44235,334,5
44236,335,6
44237,336,7
44238,337,8
44239,338,9
44240,339,10
44241,340,1
44242,341,2
44243,342,3
44244,343,4
44245,344,5
44246,345,6
44247,346,7
44248,347,8
44249,348,9
44250,349,10
44251,350,1
44252,351,2
44253,352,3
44254,353,4
44255,354,5
44256,355,6
44257,356,7
44258,357,8
44259,358,9
44260,359,10
44261,360,1
44262,361,2
44263,362,3
44264,363,4
44265,364,5
44266,365,6
44267,366,7
44268,367,8
44269,368,9
44270,369,10
44271,370,1
44272,371,2
44273,372,3
44274,373,4
44275,374,5
44276,375,6
44277,376,7
44278,377,8
44279,378,9
44280,379,10
44281,380,1
44282,381,2
44283,382,3
44284,383,4
44285,384,5
44286,385,6
44287,386,7
44288,387,8
44289,388,9
44290,389,10
44291,390,1
44292,391,2
44293,392,3
44294,393,4
44295,394,5
44296,395,6
44297,396,7
44298,397,8
44299,398,9
44300,399,10
44301,400,1
44302,401,2
44303,402,3
44304,403,4
44305,404,5
44306,405,6
44307,406,7
44308,407,8
44309,408,9
44310,409,10
44311,410,1
44312,411,2
44313,412,3
44314,413,4
44315,414,5
44316,415,6
44317,416,7
44318,417,8
44319,418,9
44320,419,10
44321,420,1
44322,421,2
44323,422,3
44324,423,4
44325,424,5
44326,425,6
44327,426,7
44328,427,8
44329,428,9
44330,429,10
44331,430,1
44332,431,2
44333,432,3
44334,433,4
44335,434,5
44336,435,6
44337,436,7
44338,437,8
44339,438,9
44340,439,10
44341,440,1
44342,441,2
44343,442,3
44344,443,4
44345,444,5
44346,445,6
44347,446,7
44348,447,8
44349,448,9
44350,449,10
44351,450,1
44352,451,2
44353,452,3
44354,453,4
44355,454,5
44356,455,6
44357,456,7
44358,457,8
44359,458,9
44360,459,10
44361,460,1
44362,461,2
44363,462,3
44364,463,4
44365,464,5
44366,465,6
44367,466,7
44368,467,8
44369,468,9
44370,469,10
44371,470,1
44372,471,2
44373,472,3
44374,473,4
44375,474,5
44376,475,6
44377,476,7
44378,477,8
44379,478,9
44380,479,10
44381,480,1
44382,481,2
44383,482,3
44384,483,4
44385,484,5
44386,485,6
44387,486,7
44388,487,8
44389,488,9
44390,489,10
44391,490,1
44392,491,2
44393,492,3
44394,493,4
44395,494,5
44396,495,6
44397,496,7
44398,497,8
44399,498,9
44400,499,10
44401,500,1
44402,501,2
44403,502,3
44404,503,4
44405,504,5
44406,505,6
44407,506,7
44408,507,8
44409,508,9
44410,509,10
44411,510,1
44412,511,2
44413,512,3
44414,513,4
44415,514,5
44416,515,6
44417,516,7
44418,517,8
44419,518,9
44420,519,10
44421,520,1
44422,521,2
44423,522,3
44424,523,4
44425,524,5
44426,525,6
44427,526,7
44428,527,8
44429,528,9
44430,529,10
44431,530,1
44432,531,2
44433,532,3
44434,533,4
44435,534,5
44436,535,6
44437,536,7
44438,537,8
44439,538,9
44440,539,10
44441,540,1
44442,541,2
44443,542,3
44444,543,4
44445,544,5
44446,545,6
44447,546,7
44448,547,8
44449,548,9
44450,549,10
44451,550,1
44452,551,2
44453,552,3
44454,553,4
44455,554,5
44456,555,6
44457,556,7
44458,557,8
44459,558,9
44460,559,10
44461,560,1
44462,561,2
44463,562,3
44464,563,4
44465,564,5
44466,565,6
44467,566,7
44468,567,8
44469,568,9
44470,569,10
44471,570,1
44472,571,2
44473,572,3
44474,573,4
44475,574,5
44476,575,6
44477,576,7
44478,577,8
44479,578,9
44480,579,10
44481,580,1
44482,581,2
44483,582,3
44484,583,4
44485,584,5
44486,585,6
44487,586,7
44488,587,8
44489,588,9
44490,589,10
44491,590,1
44492,591,2
44493,592,3
44494,593,4
44495,594,5
44496,595,6
44497,596,7
44498,597,8
44499,598,9
44500,599,10
44501,600,1
44502,601,2
44503,602,3
44504,603,4
44505,604,5
44506,605,6
44507,606,7
44508,607,8
44509,608,9
44510,609,10
44511,610,1
44512,611,2
44513,612,3
44514,613,4
44515,614,5
44516,615,6
44517,616,7
44518,617,8
44519,618,9
44520,619,10
44521,620,1
44522,621,2
44523,622,3
44524,623,4
44525,624,5
44526,625,6
44527,626,7
44528,627,8
44529,628,9
44530,629,10
44531,630,1
44532,631,2
44533,632,3
44534,633,4
44535,634,5
44536,635,6
44537,636,7
44538,637,8
44539,638,9
44540,639,10
44541,640,1
44542,641,2
44543,642,3
44544,643,4
44545,644,5
44546,645,6
44547,646,7
44548,647,8
44549,648,9
44550,649,10
44551,650,1
44552,651,2
44553,652,3
44554,653,4
44555,654,5
44556,655,6
44557,656,7
44558,657,8
44559,658,9
44560,659,10
44561,660,1
44562,661,2
44563,662,3
44564,663,4
44565,664,5
44566,665,6
44567,666,7
44568,667,8
44569,668,9
44570,669,10
44571,670,1
44572,671,2
44573,672,3
44574,673,4
44575,674,5
44576,675,6
44577,676,7
44578,677,8
44579,678,9
44580,679,10
44581,680,1
44582,681,2
44583,682,3
44584,683,4
44585,684,5
44586,685,6
44587,686,7
44588,687,8
44589,688,9
44590,689,10
44591,690,1
44592,691,2
44593,692,3
44594,693,4
44595,694,5
44596,695,6
44597,696,7
44598,697,8
44599,698,9
44600,699,10
44601,700,1
44602,701,2
44603,702,3
44604,703,4
44605,704,5
44606,705,6
44607,706,7
44608,707,8
44609,708,9
44610,709,10
44611,710,1
44612,711,2
44613,712,3
44614,713,4
44615,714,5
44616,715,6
44617,716,7
44618,717,8
44619,718,9
44620,719,10
44621,720,1
44622,721,2
44623,722,3
44624,723,4
44625,724,5
44626,725,6
44627,726,7
44628,727,8
44629,728,9
44630,729,10
44631,730,1
44632,731,2
44633,732,3
44634,733,4
44635,734,5
44636,735,6
44637,736,7
44638,737,8
44639,738,9
44640,739,10
44641,740,1
44642,741,2
44643,742,3
44644,743,4
44645,744,5
44646,745,6
44647,746,7
44648,747,8
44649,748,9
44650,749,10
44651,750,1
44652,751,2
44653,752,3
44654,753,4
44655,754,5
44656,755,6
44657,756,7
44658,757,8
44659,758,9
44660,759,10
44661,760,1
44662,761,2
44663,762,3
44664,763,4
44665,764,5
44666,765,6
44667,766,7
44668,767,8
44669,768,9
44670,769,10
44671,770,1
44672,771,2
44673,772,3
44674,773,4
44675,774,5
44676,775,6
44677,776,7
44678,777,8
44679,778,9
44680,779,10
44681,780,1
44682,781,2
44683,782,3
44684,783,4
44685,784,5
44686,785,6
44687,786,7
44688,787,8
44689,788,9
44690,789,10
44691,790,1
44692,791,2
44693,792,3
44694,793,4
44695,794,5
44696,795,6
44697,796,7
44698,797,8
44699,798,9
44700,799,10
44701,800,1
44702,801,2
44703,802,3
44704,803,4
44705,804,5
44706,805,6
44707,806,7
44708,807,8
44709,808,9
44710,809,10
44711,810,1
44712,811,2
44713,812,3
44714,813,4
44715,814,5
44716,815,6
44717,816,7
44718,817,8
44719,818,9
44720,819,10
44721,820,1
44722,821,2
44723,822,3
44724,823,4
44725,824,5
44726,825,6
44727,826,7
44728,827,8
44729,828,9
44730,829,10
44731,830,1
44732,831,2
44733,832,3
44734,833,4
44735,834,5
44736,835,6
44737,836,7
44738,837,8
44739,838,9
44740,839,10
44741,840,1
44742,841,2
44743,842,3
44744,843,4
44745,844,5
44746,845,6
44747,846,7
44748,847,8
44749,848,9
44750,849,10
44751,850,1
44752,851,2
44753,852,3
44754,853,4
44755,854,5
44756,855,6
44757,856,7
44758,857,8
44759,858,9
44760,859,10
44761,860,1
44762,861,2
44763,862,3
44764,863,4
44765,864,5
44766,865,6
44767,866,7
44768,867,8
44769,868,9
44770,869,10
44771,870,1
44772,871,2
44773,872,3
44774,873,4
44775,874,5
44776,875,6
44777,876,7
44778,877,8
44779,878,9
44780,879,10
44781,880,1
44782,881,2
44783,882,3
44784,883,4
44785,884,5
44786,885,6
44787,886,7
44788,887,8
44789,888,9
44790,889,10
44791,890,1
44792,891,2
44793,892,3
44794,893,4
44795,894,5
44796,895,6
44797,896,7
44798,897,8
44799,898,9
44800,899,10
44801,900,1
44802,901,2
44803,902,3
44804,903,4
44805,904,5
44806,905,6
44807,906,7
44808,907,8
44809,908,9
44810,909,10
44811,910,1
44812,911,2
44813,912,3
44814,913,4
44815,914,5
44816,915,6
44817,916,7
44818,917,8
44819,918,9
44820,919,10
44821,920,1
44822,921,2
44823,922,3
44824,923,4
44825,924,5
44826,925,6
44827,926,7
44828,927,8
44829,928,9
44830,929,10
44831,930,1
44832,931,2
44833,932,3
44834,933,4
44835,934,5
44836,935,6
44837,936,7
44838,937,8
44839,938,9
44840,939,10
44841,940,1
44842,941,2
44843,942,3
44844,943,4
44845,944,5
44846,945,6
44847,946,7
44848,947,8
44849,948,9
44850,949,10
44851,950,1
44852,951,2
44853,952,3
44854,953,4
44855,954,5
44856,955,6
44857,956,7
44858,957,8
44859,958,9
44860,959,10
44861,960,1
44862,961,2
44863,962,3
44864,963,4
44865,964,5
44866,965,6
44867,966,7
44868,967,8
44869,968,9
44870,969,10
44871,970,1
44872,971,2
44873,972,3
44874,973,4
44875,974,5
44876,975,6
44877,976,7
44878,977,8
44879,978,9
44880,979,10
44881,980,1
44882,981,2
44883,982,3
44884,983,4
44885,984,5
44886,985,6
44887,986,7
44888,987,8
44889,988,9
44890,989,10
44891,990,1
44892,991,2
44893,992,3
44894,993,4
44895,994,5
44896,995,6
44897,996,7
44898,997,8
44899,998,9
44900,999,10
44901,1000,1
44902,1001,2
44903,1002,3
44904,1003,4
44905,1004,5
44906,1005,6
44907,1006,7
44908,1007,8
44909,1008,9
44910,1009,10
44911,1010,1
44912,1011,2
44913,1012,3
44914,1013,4
44915,1014,5
44916,1015,6
44917,1016,7
44918,1017,8
44919,1018,9
44920,1019,10
44921,1020,1
44922,1021,2
44923,1022,3
44924,1023,4
44925,1024,5
44926,1025,6
44927,1026,7
44928,1027,8
44929,1028,9
44930,1029,10
44931,1030,1
44932,1031,2
44933,1032,3
44934,1033,4
44935,1034,5
44936,1035,6
44937,1036,7
44938,1037,8
44939,1038,9
44940,1039,10
44941,1040,1
44942,1041,2
44943,1042,3
44944,1043,4
44945,1044,5
44946,1045,6
44947,1046,7
44948,1047,8
44949,1048,9
44950,1049,10
44951,1050,1
44952,1051,2
44953,1052,3
44954,1053,4
44955,1054,5
44956,1055,6
44957,1056,7
44958,1057,8
44959,1058,9
44960,1059,10
44961,1060,1
44962,1061,2
44963,1062,3
44964,1063,4
44965,1064,5
44966,1065,6
44967,1066,7
44968,1067,8
44969,1068,9
44970,1069,10
44971,1070,1
44972,1071,2
44973,1072,3
44974,1073,4
44975,1074,5
44976,1075,6
44977,1076,7
44978,1077,8
44979,1078,9
44980,1079,10
44981,1080,1
44982,1081,2
44983,1082,3
44984,1083,4
44985,1084,5
44986,1085,6
44987,1086,7
44988,1087,8
44989,1088,9
44990,1089,10
44991,1090,1
44992,1091,2
44993,1092,3
44994,1093,4
44995,1094,5
44996,1095,6
44997,1096,7
44998,1097,8
44999,1098,9
45000,1099,10
45001,100,1
45002,101,2
45003,102,3
45004,103,4
45005,104,5
45006,105,6
45007,106,7
45008,107,8
45009,108,9
45010,109,10
45011,110,1
45012,111,2
45013,112,3
45014,113,4
45015,114,5
45016,115,6
45017,116,7
45018,117,8
45019,118,9
45020,119,10
45021,120,1
45022,121,2
45023,122,3
45024,123,4
45025,124,5
45026,125,6
45027,126,7
45028,127,8
45029,128,9
45030,129,10
45031,130,1
45032,131,2
45033,132,3
45034,133,4
45035,134,5
45036,135,6
45037,136,7
45038,137,8
45039,138,9
45040,139,10
45041,140,1
45042,141,2
45043,142,3
45044,143,4
45045,144,5
45046,145,6
45047,146,7
45048,147,8
45049,148,9
45050,149,10
45051,150,1
45052,151,2
45053,152,3
45054,153,4
45055,154,5
45056,155,6
45057,156,7
45058,157,8
45059,158,9
45060,159,10
45061,160,1
45062,161,2
45063,162,3
45064,163,4
45065,164,5
45066,165,6
45067,166,7
45068,167,8
45069,168,9
45070,169,10
45071,170,1
45072,171,2
45073,172,3
45074,173,4
45075,174,5
45076,175,6
45077,176,7
45078,177,8
45079,178,9
45080,179,10
45081,180,1
45082,181,2
45083,182,3
45084,183,4
45085,184,5
45086,185,6
45087,186,7
45088,187,8
45089,188,9
45090,189,10
45091,190,1
45092,191,2
45093,192,3
45094,193,4
45095,194,5
45096,195,6
45097,196,7
45098,197,8
45099,198,9
45100,199,10
45101,200,1
45102,201,2
45103,202,3
45104,203,4
45105,204,5
45106,205,6
45107,206,7
45108,207,8
45109,208,9
45110,209,10
45111,210,1
45112,211,2
45113,212,3
45114,213,4
45115,214,5
45116,215,6
45117,216,7
45118,217,8
45119,218,9
45120,219,10
45121,220,1
45122,221,2
45123,222,3
45124,223,4
45125,224,5
45126,225,6
45127,226,7
45128,227,8
45129,228,9
45130,229,10
45131,230,1
45132,231,2
45133,232,3
45134,233,4
45135,234,5
45136,235,6
45137,236,7
45138,237,8
45139,238,9
45140,239,10
45141,240,1
45142,241,2
45143,242,3
45144,243,4
45145,244,5
45146,245,6
45147,246,7
45148,247,8
45149,248,9
45150,249,10
45151,250,1
45152,251,2
45153,252,3
45154,253,4
45155,254,5
45156,255,6
45157,256,7
45158,257,8
45159,258,9
45160,259,10
45161,260,1
45162,261,2
45163,262,3
45164,263,4
45165,264,5
45166,265,6
45167,266,7
45168,267,8
45169,268,9
45170,269,10
45171,270,1
45172,271,2
45173,272,3
45174,273,4
45175,274,5
45176,275,6
45177,276,7
45178,277,8
45179,278,9
45180,279,10
45181,280,1
45182,281,2
45183,282,3
45184,283,4
45185,284,5
45186,285,6
45187,286,7
45188,287,8
45189,288,9
45190,289,10
45191,290,1
45192,291,2
45193,292,3
45194,293,4
45195,294,5
45196,295,6
45197,296,7
45198,297,8
45199,298,9
45200,299,10
45201,300,1
45202,301,2
45203,302,3
45204,303,4
45205,304,5
45206,305,6
45207,306,7
45208,307,8
45209,308,9
45210,309,10
45211,310,1
45212,311,2
45213,312,3
45214,313,4
45215,314,5
45216,315,6
45217,316,7
45218,317,8
45219,318,9
45220,319,10
45221,320,1
45222,321,2
45223,322,3
45224,323,4
45225,324,5
45226,325,6
45227,326,7
45228,327,8
45229,328,9
45230,329,10
45231,330,1
45232,331,2
45233,332,3
45234,333,4
45235,334,5
45236,335,6
45237,336,7
45238,337,8
45239,338,9
45240,339,10
45241,340,1
45242,341,2
45243,342,3
45244,343,4
45245,344,5
45246,345,6
45247,346,7
45248,347,8
45249,348,9
45250,349,10
45251,350,1
45252,351,2
45253,352,3
45254,353,4
45255,354,5
45256,355,6
45257,356,7
45258,357,8
45259,358,9
45260,359,10
45261,360,1
45262,361,2
45263,362,3
45264,363,4
45265,364,5
45266,365,6
45267,366,7
45268,367,8
45269,368,9
45270,369,10
45271,370,1
45272,371,2
45273,372,3
45274,373,4
45275,374,5
45276,375,6
45277,376,7
45278,377,8
45279,378,9
45280,379,10
45281,380,1
45282,381,2
45283,382,3
45284,383,4
45285,384,5
45286,385,6
45287,386,7
45288,387,8
45289,388,9
45290,389,10
45291,390,1
45292,391,2
45293,392,3
45294,393,4
45295,394,5
45296,395,6
45297,396,7
45298,397,8
45299,398,9
45300,399,10
45301,400,1
45302,401,2
45303,402,3
45304,403,4
45305,404,5
45306,405,6
45307,406,7
45308,407,8
45309,408,9
45310,409,10
45311,410,1
45312,411,2
45313,412,3
45314,413,4
45315,414,5
45316,415,6
45317,416,7
45318,417,8
45319,418,9
45320,419,10
45321,420,1
45322,421,2
45323,422,3
45324,423,4
45325,424,5
45326,425,6
45327,426,7
45328,427,8
45329,428,9
45330,429,10
45331,430,1
45332,431,2
45333,432,3
45334,433,4
45335,434,5
45336,435,6
45337,436,7
45338,437,8
45339,438,9
45340,439,10
45341,440,1
45342,441,2
45343,442,3
45344,443,4
45345,444,5
45346,445,6
45347,446,7
45348,447,8
45349,448,9
45350,449,10
45351,450,1
45352,451,2
45353,452,3
45354,453,4
45355,454,5
45356,455,6
45357,456,7
45358,457,8
45359,458,9
45360,459,10
45361,460,1
45362,461,2
45363,462,3
45364,463,4
45365,464,5
45366,465,6
45367,466,7
45368,467,8
45369,468,9
45370,469,10
45371,470,1
45372,471,2
45373,472,3
45374,473,4
45375,474,5
45376,475,6
45377,476,7
45378,477,8
45379,478,9
45380,479,10
45381,480,1
45382,481,2
45383,482,3
45384,483,4
45385,484,5
45386,485,6
45387,486,7
45388,487,8
45389,488,9
45390,489,10
45391,490,1
45392,491,2
45393,492,3
45394,493,4
45395,494,5
45396,495,6
45397,496,7
45398,497,8
45399,498,9
45400,499,10
45401,500,1
45402,501,2
45403,502,3
45404,503,4
45405,504,5
45406,505,6
45407,506,7
45408,507,8
45409,508,9
45410,509,10
45411,510,1
45412,511,2
45413,512,3
45414,513,4
45415,514,5
45416,515,6
45417,516,7
45418,517,8
45419,518,9
45420,519,10
45421,520,1
45422,521,2
45423,522,3
45424,523,4
45425,524,5
45426,525,6
45427,526,7
45428,527,8
45429,528,9
45430,529,10
45431,530,1
45432,531,2
45433,532,3
45434,533,4
45435,534,5
45436,535,6
45437,536,7
45438,537,8
45439,538,9
45440,539,10
45441,540,1
45442,541,2
45443,542,3
45444,543,4
45445,544,5
45446,545,6
45447,546,7
45448,547,8
45449,548,9
45450,549,10
45451,550,1
45452,551,2
45453,552,3
45454,553,4
45455,554,5
45456,555,6
45457,556,7
45458,557,8
45459,558,9
45460,559,10
45461,560,1
45462,561,2
45463,562,3
45464,563,4
45465,564,5
45466,565,6
45467,566,7
45468,567,8
45469,568,9
45470,569,10
45471,570,1
45472,571,2
45473,572,3
45474,573,4
45475,574,5
45476,575,6
45477,576,7
45478,577,8
45479,578,9
45480,579,10
45481,580,1
45482,581,2
45483,582,3
45484,583,4
45485,584,5
45486,585,6
45487,586,7
45488,587,8
45489,588,9
45490,589,10
45491,590,1
45492,591,2
45493,592,3
45494,593,4
45495,594,5
45496,595,6
45497,596,7
45498,597,8
45499,598,9
45500,599,10
45501,600,1
45502,601,2
45503,602,3
45504,603,4
45505,604,5
45506,605,6
45507,606,7
45508,607,8
45509,608,9
45510,609,10
45511,610,1
45512,611,2
45513,612,3
45514,613,4
45515,614,5
45516,615,6
45517,616,7
45518,617,8
45519,618,9
45520,619,10
45521,620,1
45522,621,2
45523,622,3
45524,623,4
45525,624,5
45526,625,6
45527,626,7
45528,627,8
45529,628,9
45530,629,10
45531,630,1
45532,631,2
45533,632,3
45534,633,4
45535,634,5
45536,635,6
45537,636,7
45538,637,8
45539,638,9
45540,639,10
45541,640,1
45542,641,2
45543,642,3
45544,643,4
45545,644,5
45546,645,6
45547,646,7
45548,647,8
45549,648,9
45550,649,10
45551,650,1
45552,651,2
45553,652,3
45554,653,4
45555,654,5
45556,655,6
45557,656,7
45558,657,8
45559,658,9
45560,659,10
45561,660,1
45562,661,2
45563,662,3
45564,663,4
45565,664,5
45566,665,6
45567,666,7
45568,667,8
45569,668,9
45570,669,10
45571,670,1
45572,671,2
45573,672,3
45574,673,4
45575,674,5
45576,675,6
45577,676,7
45578,677,8
45579,678,9
45580,679,10
45581,680,1
45582,681,2
45583,682,3
45584,683,4
45585,684,5
45586,685,6
45587,686,7
45588,687,8
45589,688,9
45590,689,10
45591,690,1
45592,691,2
45593,692,3
45594,693,4
45595,694,5
45596,695,6
45597,696,7
45598,697,8
45599,698,9
45600,699,10
45601,700,1
45602,701,2
45603,702,3
45604,703,4
45605,704,5
45606,705,6
45607,706,7
45608,707,8
45609,708,9
45610,709,10
45611,710,1
45612,711,2
45613,712,3
45614,713,4
45615,714,5
45616,715,6
45617,716,7
45618,717,8
45619,718,9
45620,719,10
45621,720,1
45622,721,2
45623,722,3
45624,723,4
45625,724,5
45626,725,6
45627,726,7
45628,727,8
45629,728,9
45630,729,10
45631,730,1
45632,731,2
45633,732,3
45634,733,4
45635,734,5
45636,735,6
45637,736,7
45638,737,8
45639,738,9
45640,739,10
45641,740,1
45642,741,2
45643,742,3
45644,743,4
45645,744,5
45646,745,6
45647,746,7
45648,747,8
45649,748,9
45650,749,10
45651,750,1
45652,751,2
45653,752,3
45654,753,4
45655,754,5
45656,755,6
45657,756,7
45658,757,8
45659,758,9
45660,759,10
45661,760,1
45662,761,2
45663,762,3
45664,763,4
45665,764,5
45666,765,6
45667,766,7
45668,767,8
45669,768,9
45670,769,10
45671,770,1
45672,771,2
45673,772,3
45674,773,4
45675,774,5
45676,775,6
45677,776,7
45678,777,8
45679,778,9
45680,779,10
45681,780,1
45682,781,2
45683,782,3
45684,783,4
45685,784,5
45686,785,6
45687,786,7
45688,787,8
45689,788,9
45690,789,10
45691,790,1
45692,791,2
45693,792,3
45694,793,4
45695,794,5
45696,795,6
45697,796,7
45698,797,8
45699,798,9
45700,799,10
45701,800,1
45702,801,2
45703,802,3
45704,803,4
45705,804,5
45706,805,6
45707,806,7
45708,807,8
45709,808,9
45710,809,10
45711,810,1
45712,811,2
45713,812,3
45714,813,4
45715,814,5
45716,815,6
45717,816,7
45718,817,8
45719,818,9
45720,819,10
45721,820,1
45722,821,2
45723,822,3
45724,823,4
45725,824,5
45726,825,6
45727,826,7
45728,827,8
45729,828,9
45730,829,10
45731,830,1
45732,831,2
45733,832,3
45734,833,4
45735,834,5
45736,835,6
45737,836,7
45738,837,8
45739,838,9
45740,839,10
45741,840,1
45742,841,2
45743,842,3
45744,843,4
45745,844,5
45746,845,6
45747,846,7
45748,847,8
45749,848,9
45750,849,10
45751,850,1
45752,851,2
45753,852,3
45754,853,4
45755,854,5
45756,855,6
45757,856,7
45758,857,8
45759,858,9
45760,859,10
45761,860,1
45762,861,2
45763,862,3
45764,863,4
45765,864,5
45766,865,6
45767,866,7
45768,867,8
45769,868,9
45770,869,10
45771,870,1
45772,871,2
45773,872,3
45774,873,4
45775,874,5
45776,875,6
45777,876,7
45778,877,8
45779,878,9
45780,879,10
45781,880,1
45782,881,2
45783,882,3
45784,883,4
45785,884,5
45786,885,6
45787,886,7
45788,887,8
45789,888,9
45790,889,10
45791,890,1
45792,891,2
45793,892,3
45794,893,4
45795,894,5
45796,895,6
45797,896,7
45798,897,8
45799,898,9
45800,899,10
45801,900,1
45802,901,2
45803,902,3
45804,903,4
45805,904,5
45806,905,6
45807,906,7
45808,907,8
45809,908,9
45810,909,10
45811,910,1
45812,911,2
45813,912,3
45814,913,4
45815,914,5
45816,915,6
45817,916,7
45818,917,8
45819,918,9
45820,919,10
45821,920,1
45822,921,2
45823,922,3
45824,923,4
45825,924,5
45826,925,6
45827,926,7
45828,927,8
45829,928,9
45830,929,10
45831,930,1
45832,931,2
45833,932,3
45834,933,4
45835,934,5
45836,935,6
45837,936,7
45838,937,8
45839,938,9
45840,939,10
45841,940,1
45842,941,2
45843,942,3
45844,943,4
45845,944,5
45846,945,6
45847,946,7
45848,947,8
45849,948,9
45850,949,10
45851,950,1
45852,951,2
45853,952,3
45854,953,4
45855,954,5
45856,955,6
45857,956,7
45858,957,8
45859,958,9
45860,959,10
45861,960,1
45862,961,2
45863,962,3
45864,963,4
45865,964,5
45866,965,6
45867,966,7
45868,967,8
45869,968,9
45870,969,10
45871,970,1
45872,971,2
45873,972,3
45874,973,4
45875,974,5
45876,975,6
45877,976,7
45878,977,8
45879,978,9
45880,979,10
45881,980,1
45882,981,2
45883,982,3
45884,983,4
45885,984,5
45886,985,6
45887,986,7
45888,987,8
45889,988,9
45890,989,10
45891,990,1
45892,991,2
45893,992,3
45894,993,4
45895,994,5
45896,995,6
45897,996,7
45898,997,8
45899,998,9
45900,999,10
45901,1000,1
45902,1001,2
45903,1002,3
45904,1003,4
45905,1004,5
45906,1005,6
45907,1006,7
45908,1007,8
45909,1008,9
45910,1009,10
45911,1010,1
45912,1011,2
45913,1012,3
45914,1013,4
45915,1014,5
45916,1015,6
45917,1016,7
45918,1017,8
45919,1018,9
45920,1019,10
45921,1020,1
45922,1021,2
45923,1022,3
45924,1023,4
45925,1024,5
45926,1025,6
45927,1026,7
45928,1027,8
45929,1028,9
45930,1029,10
45931,1030,1
45932,1031,2
45933,1032,3
45934,1033,4
45935,1034,5
45936,1035,6
45937,1036,7
45938,1037,8
45939,1038,9
45940,1039,10
45941,1040,1
45942,1041,2
45943,1042,3
45944,1043,4
45945,1044,5
45946,1045,6
45947,1046,7
45948,1047,8
45949,1048,9
45950,1049,10
45951,1050,1
45952,1051,2
45953,1052,3
45954,1053,4
45955,1054,5
45956,1055,6
45957,1056,7
45958,1057,8
45959,1058,9
45960,1059,10
45961,1060,1
45962,1061,2
45963,1062,3
45964,1063,4
45965,1064,5
45966,1065,6
45967,1066,7
45968,1067,8
45969,1068,9
45970,1069,10
45971,1070,1
45972,1071,2
45973,1072,3
45974,1073,4
45975,1074,5
45976,1075,6
45977,1076,7
45978,1077,8
45979,1078,9
45980,1079,10
45981,1080,1
45982,1081,2
45983,1082,3
45984,1083,4
45985,1084,5
45986,1085,6
45987,1086,7
45988,1087,8
45989,1088,9
45990,1089,10
45991,1090,1
45992,1091,2
45993,1092,3
45994,1093,4
45995,1094,5
45996,1095,6
45997,1096,7
45998,1097,8
45999,1098,9
46000,1099,10
46001,100,1
46002,101,2
46003,102,3
46004,103,4
46005,104,5
46006,105,6
46007,106,7
46008,107,8
46009,108,9
46010,109,10
46011,110,1
46012,111,2
46013,112,3
46014,113,4
46015,114,5
46016,115,6
46017,116,7
46018,117,8
46019,118,9
46020,119,10
46021,120,1
46022,121,2
46023,122,3
46024,123,4
46025,124,5
46026,125,6
46027,126,7
46028,127,8
46029,128,9
46030,129,10
46031,130,1
46032,131,2
46033,132,3
46034,133,4
46035,134,5
46036,135,6
46037,136,7
46038,137,8
46039,138,9
46040,139,10
46041,140,1
46042,141,2
46043,142,3
46044,143,4
46045,144,5
46046,145,6
46047,146,7
46048,147,8
46049,148,9
46050,149,10
46051,150,1
46052,151,2
46053,152,3
46054,153,4
46055,154,5
46056,155,6
46057,156,7
46058,157,8
46059,158,9
46060,159,10
46061,160,1
46062,161,2
46063,162,3
46064,163,4
46065,164,5
46066,165,6
46067,166,7
46068,167,8
46069,168,9
46070,169,10
46071,170,1
46072,171,2
46073,172,3
46074,173,4
46075,174,5
46076,175,6
46077,176,7
46078,177,8
46079,178,9
46080,179,10
46081,180,1
46082,181,2
46083,182,3
46084,183,4
46085,184,5
46086,185,6
46087,186,7
46088,187,8
46089,188,9
46090,189,10
46091,190,1
46092,191,2
46093,192,3
46094,193,4
46095,194,5
46096,195,6
46097,196,7
46098,197,8
46099,198,9
46100,199,10
46101,200,1
46102,201,2
46103,202,3
46104,203,4
46105,204,5
46106,205,6
46107,206,7
46108,207,8
46109,208,9
46110,209,10
46111,210,1
46112,211,2
46113,212,3
46114,213,4
46115,214,5
46116,215,6
46117,216,7
46118,217,8
46119,218,9
46120,219,10
46121,220,1
46122,221,2
46123,222,3
46124,223,4
46125,224,5
46126,225,6
46127,226,7
46128,227,8
46129,228,9
46130,229,10
46131,230,1
46132,231,2
46133,232,3
46134,233,4
46135,234,5
46136,235,6
46137,236,7
46138,237,8
46139,238,9
46140,239,10
46141,240,1
46142,241,2
46143,242,3
46144,243,4
46145,244,5
46146,245,6
46147,246,7
46148,247,8
46149,248,9
46150,249,10
46151,250,1
46152,251,2
46153,252,3
46154,253,4
46155,254,5
46156,255,6
46157,256,7
46158,257,8
46159,258,9
46160,259,10
46161,260,1
46162,261,2
46163,262,3
46164,263,4
46165,264,5
46166,265,6
46167,266,7
46168,267,8
46169,268,9
46170,269,10
46171,270,1
46172,271,2
46173,272,3
46174,273,4
46175,274,5
46176,275,6
46177,276,7
46178,277,8
46179,278,9
46180,279,10
46181,280,1
46182,281,2
46183,282,3
46184,283,4
46185,284,5
46186,285,6
46187,286,7
46188,287,8
46189,288,9
46190,289,10
46191,290,1
46192,291,2
46193,292,3
46194,293,4
46195,294,5
46196,295,6
46197,296,7
46198,297,8
46199,298,9
46200,299,10
46201,300,1
46202,301,2
46203,302,3
46204,303,4
46205,304,5
46206,305,6
46207,306,7
46208,307,8
46209,308,9
46210,309,10
46211,310,1
46212,311,2
46213,312,3
46214,313,4
46215,314,5
46216,315,6
46217,316,7
46218,317,8
46219,318,9
46220,319,10
46221,320,1
46222,321,2
46223,322,3
46224,323,4
46225,324,5
46226,325,6
46227,326,7
46228,327,8
46229,328,9
46230,329,10
46231,330,1
46232,331,2
46233,332,3
46234,333,4
46235,334,5
46236,335,6
46237,336,7
46238,337,8
46239,338,9
46240,339,10
46241,340,1
46242,341,2
46243,342,3
46244,343,4
46245,344,5
46246,345,6
46247,346,7
46248,347,8
46249,348,9
46250,349,10
46251,350,1
46252,351,2
46253,352,3
46254,353,4
46255,354,5
46256,355,6
46257,356,7
46258,357,8
46259,358,9
46260,359,10
46261,360,1
46262,361,2
46263,362,3
46264,363,4
46265,364,5
46266,365,6
46267,366,7
46268,367,8
46269,368,9
46270,369,10
46271,370,1
46272,371,2
46273,372,3
46274,373,4
46275,374,5
46276,375,6
46277,376,7
46278,377,8
46279,378,9
46280,379,10
46281,380,1
46282,381,2
46283,382,3
46284,383,4
46285,384,5
46286,385,6
46287,386,7
46288,387,8
46289,388,9
46290,389,10
46291,390,1
46292,391,2
46293,392,3
46294,393,4
46295,394,5
46296,395,6
46297,396,7
46298,397,8
46299,398,9
46300,399,10
46301,400,1
46302,401,2
46303,402,3
46304,403,4
46305,404,5
46306,405,6
46307,406,7
46308,407,8
46309,408,9
46310,409,10
46311,410,1
46312,411,2
46313,412,3
46314,413,4
46315,414,5
46316,415,6
46317,416,7
46318,417,8
46319,418,9
46320,419,10
46321,420,1
46322,421,2
46323,422,3
46324,423,4
46325,424,5
46326,425,6
46327,426,7
46328,427,8
46329,428,9
46330,429,10
46331,430,1
46332,431,2
46333,432,3
46334,433,4
46335,434,5
46336,435,6
46337,436,7
46338,437,8
46339,438,9
46340,439,10
46341,440,1
46342,441,2
46343,442,3
46344,443,4
46345,444,5
46346,445,6
46347,446,7
46348,447,8
46349,448,9
46350,449,10
46351,450,1
46352,451,2
46353,452,3
46354,453,4
46355,454,5
46356,455,6
46357,456,7
46358,457,8
46359,458,9
46360,459,10
46361,460,1
46362,461,2
46363,462,3
46364,463,4
46365,464,5
46366,465,6
46367,466,7
46368,467,8
46369,468,9
46370,469,10
46371,470,1
46372,471,2
46373,472,3
46374,473,4
46375,474,5
46376,475,6
46377,476,7
46378,477,8
46379,478,9
46380,479,10
46381,480,1
46382,481,2
46383,482,3
46384,483,4
46385,484,5
46386,485,6
46387,486,7
46388,487,8
46389,488,9
46390,489,10
46391,490,1
46392,491,2
46393,492,3
46394,493,4
46395,494,5
46396,495,6
46397,496,7
46398,497,8
46399,498,9
46400,499,10
46401,500,1
46402,501,2
46403,502,3
46404,503,4
46405,504,5
46406,505,6
46407,506,7
46408,507,8
46409,508,9
46410,509,10
46411,510,1
46412,511,2
46413,512,3
46414,513,4
46415,514,5
46416,515,6
46417,516,7
46418,517,8
46419,518,9
46420,519,10
46421,520,1
46422,521,2
46423,522,3
46424,523,4
46425,524,5
46426,525,6
46427,526,7
46428,527,8
46429,528,9
46430,529,10
46431,530,1
46432,531,2
46433,532,3
46434,533,4
46435,534,5
46436,535,6
46437,536,7
46438,537,8
46439,538,9
46440,539,10
46441,540,1
46442,541,2
46443,542,3
46444,543,4
46445,544,5
46446,545,6
46447,546,7
46448,547,8
46449,548,9
46450,549,10
46451,550,1
46452,551,2
46453,552,3
46454,553,4
46455,554,5
46456,555,6
46457,556,7
46458,557,8
46459,558,9
46460,559,10
46461,560,1
46462,561,2
46463,562,3
46464,563,4
46465,564,5
46466,565,6
46467,566,7
46468,567,8
46469,568,9
46470,569,10
46471,570,1
46472,571,2
46473,572,3
46474,573,4
46475,574,5
46476,575,6
46477,576,7
46478,577,8
46479,578,9
46480,579,10
46481,580,1
46482,581,2
46483,582,3
46484,583,4
46485,584,5
46486,585,6
46487,586,7
46488,587,8
46489,588,9
46490,589,10
46491,590,1
46492,591,2
46493,592,3
46494,593,4
46495,594,5
46496,595,6
46497,596,7
46498,597,8
46499,598,9
46500,599,10
46501,600,1
46502,601,2
46503,602,3
46504,603,4
46505,604,5
46506,605,6
46507,606,7
46508,607,8
46509,608,9
46510,609,10
46511,610,1
46512,611,2
46513,612,3
46514,613,4
46515,614,5
46516,615,6
46517,616,7
46518,617,8
46519,618,9
46520,619,10
46521,620,1
46522,621,2
46523,622,3
46524,623,4
46525,624,5
46526,625,6
46527,626,7
46528,627,8
46529,628,9
46530,629,10
46531,630,1
46532,631,2
46533,632,3
46534,633,4
46535,634,5
46536,635,6
46537,636,7
46538,637,8
46539,638,9
46540,639,10
46541,640,1
46542,641,2
46543,642,3
46544,643,4
46545,644,5
46546,645,6
46547,646,7
46548,647,8
46549,648,9
46550,649,10
46551,650,1
46552,651,2
46553,652,3
46554,653,4
46555,654,5
46556,655,6
46557,656,7
46558,657,8
46559,658,9
46560,659,10
46561,660,1
46562,661,2
46563,662,3
46564,663,4
46565,664,5
46566,665,6
46567,666,7
46568,667,8
46569,668,9
46570,669,10
46571,670,1
46572,671,2
46573,672,3
46574,673,4
46575,674,5
46576,675,6
46577,676,7
46578,677,8
46579,678,9
46580,679,10
46581,680,1
46582,681,2
46583,682,3
46584,683,4
46585,684,5
46586,685,6
46587,686,7
46588,687,8
46589,688,9
46590,689,10
46591,690,1
46592,691,2
46593,692,3
46594,693,4
46595,694,5
46596,695,6
46597,696,7
46598,697,8
46599,698,9
46600,699,10
46601,700,1
46602,701,2
46603,702,3
46604,703,4
46605,704,5
46606,705,6
46607,706,7
46608,707,8
46609,708,9
46610,709,10
46611,710,1
46612,711,2
46613,712,3
46614,713,4
46615,714,5
46616,715,6
46617,716,7
46618,717,8
46619,718,9
46620,719,10
46621,720,1
46622,721,2
46623,722,3
46624,723,4
46625,724,5
46626,725,6
46627,726,7
46628,727,8
46629,728,9
46630,729,10
46631,730,1
46632,731,2
46633,732,3
46634,733,4
46635,734,5
46636,735,6
46637,736,7
46638,737,8
46639,738,9
46640,739,10
46641,740,1
46642,741,2
46643,742,3
46644,743,4
46645,744,5
46646,745,6
46647,746,7
46648,747,8
46649,748,9
46650,749,10
46651,750,1
46652,751,2
46653,752,3
46654,753,4
46655,754,5
46656,755,6
46657,756,7
46658,757,8
46659,758,9
46660,759,10
46661,760,1
46662,761,2
46663,762,3
46664,763,4
46665,764,5
46666,765,6
46667,766,7
46668,767,8
46669,768,9
46670,769,10
46671,770,1
46672,771,2
46673,772,3
46674,773,4
46675,774,5
46676,775,6
46677,776,7
46678,777,8
46679,778,9
46680,779,10
46681,780,1
46682,781,2
46683,782,3
46684,783,4
46685,784,5
46686,785,6
46687,786,7
46688,787,8
46689,788,9
46690,789,10
46691,790,1
46692,791,2
46693,792,3
46694,793,4
46695,794,5
46696,795,6
46697,796,7
46698,797,8
46699,798,9
46700,799,10
46701,800,1
46702,801,2
46703,802,3
46704,803,4
46705,804,5
46706,805,6
46707,806,7
46708,807,8
46709,808,9
46710,809,10
46711,810,1
46712,811,2
46713,812,3
46714,813,4
46715,814,5
46716,815,6
46717,816,7
46718,817,8
46719,818,9
46720,819,10
46721,820,1
46722,821,2
46723,822,3
46724,823,4
46725,824,5
46726,825,6
46727,826,7
46728,827,8
46729,828,9
46730,829,10
46731,830,1
46732,831,2
46733,832,3
46734,833,4
46735,834,5
46736,835,6
46737,836,7
46738,837,8
46739,838,9
46740,839,10
46741,840,1
46742,841,2
46743,842,3
46744,843,4
46745,844,5
46746,845,6
46747,846,7
46748,847,8
46749,848,9
46750,849,10
46751,850,1
46752,851,2
46753,852,3
46754,853,4
46755,854,5
46756,855,6
46757,856,7
46758,857,8
46759,858,9
46760,859,10
46761,860,1
46762,861,2
46763,862,3
46764,863,4
46765,864,5
46766,865,6
46767,866,7
46768,867,8
46769,868,9
46770,869,10
46771,870,1
46772,871,2
46773,872,3
46774,873,4
46775,874,5
46776,875,6
46777,876,7
46778,877,8
46779,878,9
46780,879,10
46781,880,1
46782,881,2
46783,882,3
46784,883,4
46785,884,5
46786,885,6
46787,886,7
46788,887,8
46789,888,9
46790,889,10
46791,890,1
46792,891,2
46793,892,3
46794,893,4
46795,894,5
46796,895,6
46797,896,7
46798,897,8
46799,898,9
46800,899,10
46801,900,1
46802,901,2
46803,902,3
46804,903,4
46805,904,5
46806,905,6
46807,906,7
46808,907,8
46809,908,9
46810,909,10
46811,910,1
46812,911,2
46813,912,3
46814,913,4
46815,914,5
46816,915,6
46817,916,7
46818,917,8
46819,918,9
46820,919,10
46821,920,1
46822,921,2
46823,922,3
46824,923,4
46825,924,5
46826,925,6
46827,926,7
46828,927,8
46829,928,9
46830,929,10
46831,930,1
46832,931,2
46833,932,3
46834,933,4
46835,934,5
46836,935,6
46837,936,7
46838,937,8
46839,938,9
46840,939,10
46841,940,1
46842,941,2
46843,942,3
46844,943,4
46845,944,5
46846,945,6
46847,946,7
46848,947,8
46849,948,9
46850,949,10
46851,950,1
46852,951,2
46853,952,3
46854,953,4
46855,954,5
46856,955,6
46857,956,7
46858,957,8
46859,958,9
46860,959,10
46861,960,1
46862,961,2
46863,962,3
46864,963,4
46865,964,5
46866,965,6
46867,966,7
46868,967,8
46869,968,9
46870,969,10
46871,970,1
46872,971,2
46873,972,3
46874,973,4
46875,974,5
46876,975,6
46877,976,7
46878,977,8
46879,978,9
46880,979,10
46881,980,1
46882,981,2
46883,982,3
46884,983,4
46885,984,5
46886,985,6
46887,986,7
46888,987,8
46889,988,9
46890,989,10
46891,990,1
46892,991,2
46893,992,3
46894,993,4
46895,994,5
46896,995,6
46897,996,7
46898,997,8
46899,998,9
46900,999,10
46901,1000,1
46902,1001,2
46903,1002,3
46904,1003,4
46905,1004,5
46906,1005,6
46907,1006,7
46908,1007,8
46909,1008,9
46910,1009,10
46911,1010,1
46912,1011,2
46913,1012,3
46914,1013,4
46915,1014,5
46916,1015,6
46917,1016,7
46918,1017,8
46919,1018,9
46920,1019,10
46921,1020,1
46922,1021,2
46923,1022,3
46924,1023,4
46925,1024,5
46926,1025,6
46927,1026,7
46928,1027,8
46929,1028,9
46930,1029,10
46931,1030,1
46932,1031,2
46933,1032,3
46934,1033,4
46935,1034,5
46936,1035,6
46937,1036,7
46938,1037,8
46939,1038,9
46940,1039,10
46941,1040,1
46942,1041,2
46943,1042,3
46944,1043,4
46945,1044,5
46946,1045,6
46947,1046,7
46948,1047,8
46949,1048,9
46950,1049,10
46951,1050,1
46952,1051,2
46953,1052,3
46954,1053,4
46955,1054,5
46956,1055,6
46957,1056,7
46958,1057,8
46959,1058,9
46960,1059,10
46961,1060,1
46962,1061,2
46963,1062,3
46964,1063,4
46965,1064,5
46966,1065,6
46967,1066,7
46968,1067,8
46969,1068,9
46970,1069,10
46971,1070,1
46972,1071,2
46973,1072,3
46974,1073,4
46975,1074,5
46976,1075,6
46977,1076,7
46978,1077,8
46979,1078,9
46980,1079,10
46981,1080,1
46982,1081,2
46983,1082,3
46984,1083,4
46985,1084,5
46986,1085,6
46987,1086,7
46988,1087,8
46989,1088,9
46990,1089,10
46991,1090,1
46992,1091,2
46993,1092,3
46994,1093,4
46995,1094,5
46996,1095,6
46997,1096,7
46998,1097,8
46999,1098,9
47000,1099,10
47001,100,1
47002,101,2
47003,102,3
47004,103,4
47005,104,5
47006,105,6
47007,106,7
47008,107,8
47009,108,9
47010,109,10
47011,110,1
47012,111,2
47013,112,3
47014,113,4
47015,114,5
47016,115,6
47017,116,7
47018,117,8
47019,118,9
47020,119,10
47021,120,1
47022,121,2
47023,122,3
47024,123,4
47025,124,5
47026,125,6
47027,126,7
47028,127,8
47029,128,9
47030,129,10
47031,130,1
47032,131,2
47033,132,3
47034,133,4
47035,134,5
47036,135,6
47037,136,7
47038,137,8
47039,138,9
47040,139,10
47041,140,1
47042,141,2
47043,142,3
47044,143,4
47045,144,5
47046,145,6
47047,146,7
47048,147,8
47049,148,9
47050,149,10
47051,150,1
47052,151,2
47053,152,3
47054,153,4
47055,154,5
47056,155,6
47057,156,7
47058,157,8
47059,158,9
47060,159,10
47061,160,1
47062,161,2
47063,162,3
47064,163,4
47065,164,5
47066,165,6
47067,166,7
47068,167,8
47069,168,9
47070,169,10
47071,170,1
47072,171,2
47073,172,3
47074,173,4
47075,174,5
47076,175,6
47077,176,7
47078,177,8
47079,178,9
47080,179,10
47081,180,1
47082,181,2
47083,182,3
47084,183,4
47085,184,5
47086,185,6
47087,186,7
47088,187,8
47089,188,9
47090,189,10
47091,190,1
47092,191,2
47093,192,3
47094,193,4
47095,194,5
47096,195,6
47097,196,7
47098,197,8
47099,198,9
47100,199,10
47101,200,1
47102,201,2
47103,202,3
47104,203,4
47105,204,5
47106,205,6
47107,206,7
47108,207,8
47109,208,9
47110,209,10
47111,210,1
47112,211,2
47113,212,3
47114,213,4
47115,214,5
47116,215,6
47117,216,7
47118,217,8
47119,218,9
47120,219,10
47121,220,1
47122,221,2
47123,222,3
47124,223,4
47125,224,5
47126,225,6
47127,226,7
47128,227,8
47129,228,9
47130,229,10
47131,230,1
47132,231,2
47133,232,3
47134,233,4
47135,234,5
47136,235,6
47137,236,7
47138,237,8
47139,238,9
47140,239,10
47141,240,1
47142,241,2
47143,242,3
47144,243,4
47145,244,5
47146,245,6
47147,246,7
47148,247,8
47149,248,9
47150,249,10
47151,250,1
47152,251,2
47153,252,3
47154,253,4
47155,254,5
47156,255,6
47157,256,7
47158,257,8
47159,258,9
47160,259,10
47161,260,1
47162,261,2
47163,262,3
47164,263,4
47165,264,5
47166,265,6
47167,266,7
47168,267,8
47169,268,9
47170,269,10
47171,270,1
47172,271,2
47173,272,3
47174,273,4
47175,274,5
47176,275,6
47177,276,7
47178,277,8
47179,278,9
47180,279,10
47181,280,1
47182,281,2
47183,282,3
47184,283,4
47185,284,5
47186,285,6
47187,286,7
47188,287,8
47189,288,9
47190,289,10
47191,290,1
47192,291,2
47193,292,3
47194,293,4
47195,294,5
47196,295,6
47197,296,7
47198,297,8
47199,298,9
47200,299,10
47201,300,1
47202,301,2
47203,302,3
47204,303,4
47205,304,5
47206,305,6
47207,306,7
47208,307,8
47209,308,9
47210,309,10
47211,310,1
47212,311,2
47213,312,3
47214,313,4
47215,314,5
47216,315,6
47217,316,7
47218,317,8
47219,318,9
47220,319,10
47221,320,1
47222,321,2
47223,322,3
47224,323,4
47225,324,5
47226,325,6
47227,326,7
47228,327,8
47229,328,9
47230,329,10
47231,330,1
47232,331,2
47233,332,3
47234,333,4
47235,334,5
47236,335,6
47237,336,7
47238,337,8
47239,338,9
47240,339,10
47241,340,1
47242,341,2
47243,342,3
47244,343,4
47245,344,5
47246,345,6
47247,346,7
47248,347,8
47249,348,9
47250,349,10
47251,350,1
47252,351,2
47253,352,3
47254,353,4
47255,354,5
47256,355,6
47257,356,7
47258,357,8
47259,358,9
47260,359,10
47261,360,1
47262,361,2
47263,362,3
47264,363,4
47265,364,5
47266,365,6
47267,366,7
47268,367,8
47269,368,9
47270,369,10
47271,370,1
47272,371,2
47273,372,3
47274,373,4
47275,374,5
47276,375,6
47277,376,7
47278,377,8
47279,378,9
47280,379,10
47281,380,1
47282,381,2
47283,382,3
47284,383,4
47285,384,5
47286,385,6
47287,386,7
47288,387,8
47289,388,9
47290,389,10
47291,390,1
47292,391,2
47293,392,3
47294,393,4
47295,394,5
47296,395,6
47297,396,7
47298,397,8
47299,398,9
47300,399,10
47301,400,1
47302,401,2
47303,402,3
47304,403,4
47305,404,5
47306,405,6
47307,406,7
47308,407,8
47309,408,9
47310,409,10
47311,410,1
47312,411,2
47313,412,3
47314,413,4
47315,414,5
47316,415,6
47317,416,7
47318,417,8
47319,418,9
47320,419,10
47321,420,1
47322,421,2
47323,422,3
47324,423,4
47325,424,5
47326,425,6
47327,426,7
47328,427,8
47329,428,9
47330,429,10
47331,430,1
47332,431,2
47333,432,3
47334,433,4
47335,434,5
47336,435,6
47337,436,7
47338,437,8
47339,438,9
47340,439,10
47341,440,1
47342,441,2
47343,442,3
47344,443,4
47345,444,5
47346,445,6
47347,446,7
47348,447,8
47349,448,9
47350,449,10
47351,450,1
47352,451,2
47353,452,3
47354,453,4
47355,454,5
47356,455,6
47357,456,7
47358,457,8
47359,458,9
47360,459,10
47361,460,1
47362,461,2
47363,462,3
47364,463,4
47365,464,5
47366,465,6
47367,466,7
47368,467,8
47369,468,9
47370,469,10
47371,470,1
47372,471,2
47373,472,3
47374,473,4
47375,474,5
47376,475,6
47377,476,7
47378,477,8
47379,478,9
47380,479,10
47381,480,1
47382,481,2
47383,482,3
47384,483,4
47385,484,5
47386,485,6
47387,486,7
47388,487,8
47389,488,9
47390,489,10
47391,490,1
47392,491,2
47393,492,3
47394,493,4
47395,494,5
47396,495,6
47397,496,7
47398,497,8
47399,498,9
47400,499,10
47401,500,1
47402,501,2
47403,502,3
47404,503,4
47405,504,5
47406,505,6
47407,506,7
47408,507,8
47409,508,9
47410,509,10
47411,510,1
47412,511,2
47413,512,3
47414,513,4
47415,514,5
47416,515,6
47417,516,7
47418,517,8
47419,518,9
47420,519,10
47421,520,1
47422,521,2
47423,522,3
47424,523,4
47425,524,5
47426,525,6
47427,526,7
47428,527,8
47429,528,9
47430,529,10
47431,530,1
47432,531,2
47433,532,3
47434,533,4
47435,534,5
47436,535,6
47437,536,7
47438,537,8
47439,538,9
47440,539,10
47441,540,1
47442,541,2
47443,542,3
47444,543,4
47445,544,5
47446,545,6
47447,546,7
47448,547,8
47449,548,9
47450,549,10
47451,550,1
47452,551,2
47453,552,3
47454,553,4
47455,554,5
47456,555,6
47457,556,7
47458,557,8
47459,558,9
47460,559,10
47461,560,1
47462,561,2
47463,562,3
47464,563,4
47465,564,5
47466,565,6
47467,566,7
47468,567,8
47469,568,9
47470,569,10
47471,570,1
47472,571,2
47473,572,3
47474,573,4
47475,574,5
47476,575,6
47477,576,7
47478,577,8
47479,578,9
47480,579,10
47481,580,1
47482,581,2
47483,582,3
47484,583,4
47485,584,5
47486,585,6
47487,586,7
47488,587,8
47489,588,9
47490,589,10
47491,590,1
47492,591,2
47493,592,3
47494,593,4
47495,594,5
47496,595,6
47497,596,7
47498,597,8
47499,598,9
47500,599,10
47501,600,1
47502,601,2
47503,602,3
47504,603,4
47505,604,5
47506,605,6
47507,606,7
47508,607,8
47509,608,9
47510,609,10
47511,610,1
47512,611,2
47513,612,3
47514,613,4
47515,614,5
47516,615,6
47517,616,7
47518,617,8
47519,618,9
47520,619,10
47521,620,1
47522,621,2
47523,622,3
47524,623,4
47525,624,5
47526,625,6
47527,626,7
47528,627,8
47529,628,9
47530,629,10
47531,630,1
47532,631,2
47533,632,3
47534,633,4
47535,634,5
47536,635,6
47537,636,7
47538,637,8
47539,638,9
47540,639,10
47541,640,1
47542,641,2
47543,642,3
47544,643,4
47545,644,5
47546,645,6
47547,646,7
47548,647,8
47549,648,9
47550,649,10
47551,650,1
47552,651,2
47553,652,3
47554,653,4
47555,654,5
47556,655,6
47557,656,7
47558,657,8
47559,658,9
47560,659,10
47561,660,1
47562,661,2
47563,662,3
47564,663,4
47565,664,5
47566,665,6
47567,666,7
47568,667,8
47569,668,9
47570,669,10
47571,670,1
47572,671,2
47573,672,3
47574,673,4
47575,674,5
47576,675,6
47577,676,7
47578,677,8
47579,678,9
47580,679,10
47581,680,1
47582,681,2
47583,682,3
47584,683,4
47585,684,5
47586,685,6
47587,686,7
47588,687,8
47589,688,9
47590,689,10
47591,690,1
47592,691,2
47593,692,3
47594,693,4
47595,694,5
47596,695,6
47597,696,7
47598,697,8
47599,698,9
47600,699,10
47601,700,1
47602,701,2
47603,702,3
47604,703,4
47605,704,5
47606,705,6
47607,706,7
47608,707,8
47609,708,9
47610,709,10
47611,710,1
47612,711,2
47613,712,3
47614,713,4
47615,714,5
47616,715,6
47617,716,7
47618,717,8
47619,718,9
47620,719,10
47621,720,1
47622,721,2
47623,722,3
47624,723,4
47625,724,5
47626,725,6
47627,726,7
47628,727,8
47629,728,9
47630,729,10
47631,730,1
47632,731,2
47633,732,3
47634,733,4
47635,734,5
47636,735,6
47637,736,7
47638,737,8
47639,738,9
47640,739,10
47641,740,1
47642,741,2
47643,742,3
47644,743,4
47645,744,5
47646,745,6
47647,746,7
47648,747,8
47649,748,9
47650,749,10
47651,750,1
47652,751,2
47653,752,3
47654,753,4
47655,754,5
47656,755,6
47657,756,7
47658,757,8
47659,758,9
47660,759,10
47661,760,1
47662,761,2
47663,762,3
47664,763,4
47665,764,5
47666,765,6
47667,766,7
47668,767,8
47669,768,9
47670,769,10
47671,770,1
47672,771,2
47673,772,3
47674,773,4
47675,774,5
47676,775,6
47677,776,7
47678,777,8
47679,778,9
47680,779,10
47681,780,1
47682,781,2
47683,782,3
47684,783,4
47685,784,5
47686,785,6
47687,786,7
47688,787,8
47689,788,9
47690,789,10
47691,790,1
47692,791,2
47693,792,3
47694,793,4
47695,794,5
47696,795,6
47697,796,7
47698,797,8
47699,798,9
47700,799,10
47701,800,1
47702,801,2
47703,802,3
47704,803,4
47705,804,5
47706,805,6
47707,806,7
47708,807,8
47709,808,9
47710,809,10
47711,810,1
47712,811,2
47713,812,3
47714,813,4
47715,814,5
47716,815,6
47717,816,7
47718,817,8
47719,818,9
47720,819,10
47721,820,1
47722,821,2
47723,822,3
47724,823,4
47725,824,5
47726,825,6
47727,826,7
47728,827,8
47729,828,9
47730,829,10
47731,830,1
47732,831,2
47733,832,3
47734,833,4
47735,834,5
47736,835,6
47737,836,7
47738,837,8
47739,838,9
47740,839,10
47741,840,1
47742,841,2
47743,842,3
47744,843,4
47745,844,5
47746,845,6
47747,846,7
47748,847,8
47749,848,9
47750,849,10
47751,850,1
47752,851,2
47753,852,3
47754,853,4
47755,854,5
47756,855,6
47757,856,7
47758,857,8
47759,858,9
47760,859,10
47761,860,1
47762,861,2
47763,862,3
47764,863,4
47765,864,5
47766,865,6
47767,866,7
47768,867,8
47769,868,9
47770,869,10
47771,870,1
47772,871,2
47773,872,3
47774,873,4
47775,874,5
47776,875,6
47777,876,7
47778,877,8
47779,878,9
47780,879,10
47781,880,1
47782,881,2
47783,882,3
47784,883,4
47785,884,5
47786,885,6
47787,886,7
47788,887,8
47789,888,9
47790,889,10
47791,890,1
47792,891,2
47793,892,3
47794,893,4
47795,894,5
47796,895,6
47797,896,7
47798,897,8
47799,898,9
47800,899,10
47801,900,1
47802,901,2
47803,902,3
47804,903,4
47805,904,5
47806,905,6
47807,906,7
47808,907,8
47809,908,9
47810,909,10
47811,910,1
47812,911,2
47813,912,3
47814,913,4
47815,914,5
47816,915,6
47817,916,7
47818,917,8
47819,918,9
47820,919,10
47821,920,1
47822,921,2
47823,922,3
47824,923,4
47825,924,5
47826,925,6
47827,926,7
47828,927,8
47829,928,9
47830,929,10
47831,930,1
47832,931,2
47833,932,3
47834,933,4
47835,934,5
47836,935,6
47837,936,7
47838,937,8
47839,938,9
47840,939,10
47841,940,1
47842,941,2
47843,942,3
47844,943,4
47845,944,5
47846,945,6
47847,946,7
47848,947,8
47849,948,9
47850,949,10
47851,950,1
47852,951,2
47853,952,3
47854,953,4
47855,954,5
47856,955,6
47857,956,7
47858,957,8
47859,958,9
47860,959,10
47861,960,1
47862,961,2
47863,962,3
47864,963,4
47865,964,5
47866,965,6
47867,966,7
47868,967,8
47869,968,9
47870,969,10
47871,970,1
47872,971,2
47873,972,3
47874,973,4
47875,974,5
47876,975,6
47877,976,7
47878,977,8
47879,978,9
47880,979,10
47881,980,1
47882,981,2
47883,982,3
47884,983,4
47885,984,5
47886,985,6
47887,986,7
47888,987,8
47889,988,9
47890,989,10
47891,990,1
47892,991,2
47893,992,3
47894,993,4
47895,994,5
47896,995,6
47897,996,7
47898,997,8
47899,998,9
47900,999,10
47901,1000,1
47902,1001,2
47903,1002,3
47904,1003,4
47905,1004,5
47906,1005,6
47907,1006,7
47908,1007,8
47909,1008,9
47910,1009,10
47911,1010,1
47912,1011,2
47913,1012,3
47914,1013,4
47915,1014,5
47916,1015,6
47917,1016,7
47918,1017,8
47919,1018,9
47920,1019,10
47921,1020,1
47922,1021,2
47923,1022,3
47924,1023,4
47925,1024,5
47926,1025,6
47927,1026,7
47928,1027,8
47929,1028,9
47930,1029,10
47931,1030,1
47932,1031,2
47933,1032,3
47934,1033,4
47935,1034,5
47936,1035,6
47937,1036,7
47938,1037,8
47939,1038,9
47940,1039,10
47941,1040,1
47942,1041,2
47943,1042,3
47944,1043,4
47945,1044,5
47946,1045,6
47947,1046,7
47948,1047,8
47949,1048,9
47950,1049,10
47951,1050,1
47952,1051,2
47953,1052,3
47954,1053,4
47955,1054,5
47956,1055,6
47957,1056,7
47958,1057,8
47959,1058,9
47960,1059,10
47961,1060,1
47962,1061,2
47963,1062,3
47964,1063,4
47965,1064,5
47966,1065,6
47967,1066,7
47968,1067,8
47969,1068,9
47970,1069,10
47971,1070,1
47972,1071,2
47973,1072,3
47974,1073,4
47975,1074,5
47976,1075,6
47977,1076,7
47978,1077,8
47979,1078,9
47980,1079,10
47981,1080,1
47982,1081,2
47983,1082,3
47984,1083,4
47985,1084,5
47986,1085,6
47987,1086,7
47988,1087,8
47989,1088,9
47990,1089,10
47991,1090,1
47992,1091,2
47993,1092,3
47994,1093,4
47995,1094,5
47996,1095,6
47997,1096,7
47998,1097,8
47999,1098,9
48000,1099,10
48001,100,1
48002,101,2
48003,102,3
48004,103,4
48005,104,5
48006,105,6
48007,106,7
48008,107,8
48009,108,9
48010,109,10
48011,110,1
48012,111,2
48013,112,3
48014,113,4
48015,114,5
48016,115,6
48017,116,7
48018,117,8
48019,118,9
48020,119,10
48021,120,1
48022,121,2
48023,122,3
48024,123,4
48025,124,5
48026,125,6
48027,126,7
48028,127,8
48029,128,9
48030,129,10
48031,130,1
48032,131,2
48033,132,3
48034,133,4
48035,134,5
48036,135,6
48037,136,7
48038,137,8
48039,138,9
48040,139,10
48041,140,1
48042,141,2
48043,142,3
48044,143,4
48045,144,5
48046,145,6
48047,146,7
48048,147,8
48049,148,9
48050,149,10
48051,150,1
48052,151,2
48053,152,3
48054,153,4
48055,154,5
48056,155,6
48057,156,7
48058,157,8
48059,158,9
48060,159,10
48061,160,1
48062,161,2
48063,162,3
48064,163,4
48065,164,5
48066,165,6
48067,166,7
48068,167,8
48069,168,9
48070,169,10
48071,170,1
48072,171,2
48073,172,3
48074,173,4
48075,174,5
48076,175,6
48077,176,7
48078,177,8
48079,178,9
48080,179,10
48081,180,1
48082,181,2
48083,182,3
48084,183,4
48085,184,5
48086,185,6
48087,186,7
48088,187,8
48089,188,9
48090,189,10
48091,190,1
48092,191,2
48093,192,3
48094,193,4
48095,194,5
48096,195,6
48097,196,7
48098,197,8
48099,198,9
48100,199,10
48101,200,1
48102,201,2
48103,202,3
48104,203,4
48105,204,5
48106,205,6
48107,206,7
48108,207,8
48109,208,9
48110,209,10
48111,210,1
48112,211,2
48113,212,3
48114,213,4
48115,214,5
48116,215,6
48117,216,7
48118,217,8
48119,218,9
48120,219,10
48121,220,1
48122,221,2
48123,222,3
48124,223,4
48125,224,5
48126,225,6
48127,226,7
48128,227,8
48129,228,9
48130,229,10
48131,230,1
48132,231,2
48133,232,3
48134,233,4
48135,234,5
48136,235,6
48137,236,7
48138,237,8
48139,238,9
48140,239,10
48141,240,1
48142,241,2
48143,242,3
48144,243,4
48145,244,5
48146,245,6
48147,246,7
48148,247,8
48149,248,9
48150,249,10
48151,250,1
48152,251,2
48153,252,3
48154,253,4
48155,254,5
48156,255,6
48157,256,7
48158,257,8
48159,258,9
48160,259,10
48161,260,1
48162,261,2
48163,262,3
48164,263,4
48165,264,5
48166,265,6
48167,266,7
48168,267,8
48169,268,9
48170,269,10
48171,270,1
48172,271,2
48173,272,3
48174,273,4
48175,274,5
48176,275,6
48177,276,7
48178,277,8
48179,278,9
48180,279,10
48181,280,1
48182,281,2
48183,282,3
48184,283,4
48185,284,5
48186,285,6
48187,286,7
48188,287,8
48189,288,9
48190,289,10
48191,290,1
48192,291,2
48193,292,3
48194,293,4
48195,294,5
48196,295,6
48197,296,7
48198,297,8
48199,298,9
48200,299,10
48201,300,1
48202,301,2
48203,302,3
48204,303,4
48205,304,5
48206,305,6
48207,306,7
48208,307,8
48209,308,9
48210,309,10
48211,310,1
48212,311,2
48213,312,3
48214,313,4
48215,314,5
48216,315,6
48217,316,7
48218,317,8
48219,318,9
48220,319,10
48221,320,1
48222,321,2
48223,322,3
48224,323,4
48225,324,5
48226,325,6
48227,326,7
48228,327,8
48229,328,9
48230,329,10
48231,330,1
48232,331,2
48233,332,3
48234,333,4
48235,334,5
48236,335,6
48237,336,7
48238,337,8
48239,338,9
48240,339,10
48241,340,1
48242,341,2
48243,342,3
48244,343,4
48245,344,5
48246,345,6
48247,346,7
48248,347,8
48249,348,9
48250,349,10
48251,350,1
48252,351,2
48253,352,3
48254,353,4
48255,354,5
48256,355,6
48257,356,7
48258,357,8
48259,358,9
48260,359,10
48261,360,1
48262,361,2
48263,362,3
48264,363,4
48265,364,5
48266,365,6
48267,366,7
48268,367,8
48269,368,9
48270,369,10
48271,370,1
48272,371,2
48273,372,3
48274,373,4
48275,374,5
48276,375,6
48277,376,7
48278,377,8
48279,378,9
48280,379,10
48281,380,1
48282,381,2
48283,382,3
48284,383,4
48285,384,5
48286,385,6
48287,386,7
48288,387,8
48289,388,9
48290,389,10
48291,390,1
48292,391,2
48293,392,3
48294,393,4
48295,394,5
48296,395,6
48297,396,7
48298,397,8
48299,398,9
48300,399,10
48301,400,1
48302,401,2
48303,402,3
48304,403,4
48305,404,5
48306,405,6
48307,406,7
48308,407,8
48309,408,9
48310,409,10
48311,410,1
48312,411,2
48313,412,3
48314,413,4
48315,414,5
48316,415,6
48317,416,7
48318,417,8
48319,418,9
48320,419,10
48321,420,1
48322,421,2
48323,422,3
48324,423,4
48325,424,5
48326,425,6
48327,426,7
48328,427,8
48329,428,9
48330,429,10
48331,430,1
48332,431,2
48333,432,3
48334,433,4
48335,434,5
48336,435,6
48337,436,7
48338,437,8
48339,438,9
48340,439,10
48341,440,1
48342,441,2
48343,442,3
48344,443,4
48345,444,5
48346,445,6
48347,446,7
48348,447,8
48349,448,9
48350,449,10
48351,450,1
48352,451,2
48353,452,3
48354,453,4
48355,454,5
48356,455,6
48357,456,7
48358,457,8
48359,458,9
48360,459,10
48361,460,1
48362,461,2
48363,462,3
48364,463,4
48365,464,5
48366,465,6
48367,466,7
48368,467,8
48369,468,9
48370,469,10
48371,470,1
48372,471,2
48373,472,3
48374,473,4
48375,474,5
48376,475,6
48377,476,7
48378,477,8
48379,478,9
48380,479,10
48381,480,1
48382,481,2
48383,482,3
48384,483,4
48385,484,5
48386,485,6
48387,486,7
48388,487,8
48389,488,9
48390,489,10
48391,490,1
48392,491,2
48393,492,3
48394,493,4
48395,494,5
48396,495,6
48397,496,7
48398,497,8
48399,498,9
48400,499,10
48401,500,1
48402,501,2
48403,502,3
48404,503,4
48405,504,5
48406,505,6
48407,506,7
48408,507,8
48409,508,9
48410,509,10
48411,510,1
48412,511,2
48413,512,3
48414,513,4
48415,514,5
48416,515,6
48417,516,7
48418,517,8
48419,518,9
48420,519,10
48421,520,1
48422,521,2
48423,522,3
48424,523,4
48425,524,5
48426,525,6
48427,526,7
48428,527,8
48429,528,9
48430,529,10
48431,530,1
48432,531,2
48433,532,3
48434,533,4
48435,534,5
48436,535,6
48437,536,7
48438,537,8
48439,538,9
48440,539,10
48441,540,1
48442,541,2
48443,542,3
48444,543,4
48445,544,5
48446,545,6
48447,546,7
48448,547,8
48449,548,9
48450,549,10
48451,550,1
48452,551,2
48453,552,3
48454,553,4
48455,554,5
48456,555,6
48457,556,7
48458,557,8
48459,558,9
48460,559,10
48461,560,1
48462,561,2
48463,562,3
48464,563,4
48465,564,5
48466,565,6
48467,566,7
48468,567,8
48469,568,9
48470,569,10
48471,570,1
48472,571,2
48473,572,3
48474,573,4
48475,574,5
48476,575,6
48477,576,7
48478,577,8
48479,578,9
48480,579,10
48481,580,1
48482,581,2
48483,582,3
48484,583,4
48485,584,5
48486,585,6
48487,586,7
48488,587,8
48489,588,9
48490,589,10
48491,590,1
48492,591,2
48493,592,3
48494,593,4
48495,594,5
48496,595,6
48497,596,7
48498,597,8
48499,598,9
48500,599,10
48501,600,1
48502,601,2
48503,602,3
48504,603,4
48505,604,5
48506,605,6
48507,606,7
48508,607,8
48509,608,9
48510,609,10
48511,610,1
48512,611,2
48513,612,3
48514,613,4
48515,614,5
48516,615,6
48517,616,7
48518,617,8
48519,618,9
48520,619,10
48521,620,1
48522,621,2
48523,622,3
48524,623,4
48525,624,5
48526,625,6
48527,626,7
48528,627,8
48529,628,9
48530,629,10
48531,630,1
48532,631,2
48533,632,3
48534,633,4
48535,634,5
48536,635,6
48537,636,7
48538,637,8
48539,638,9
48540,639,10
48541,640,1
48542,641,2
48543,642,3
48544,643,4
48545,644,5
48546,645,6
48547,646,7
48548,647,8
48549,648,9
48550,649,10
48551,650,1
48552,651,2
48553,652,3
48554,653,4
48555,654,5
48556,655,6
48557,656,7
48558,657,8
48559,658,9
48560,659,10
48561,660,1
48562,661,2
48563,662,3
48564,663,4
48565,664,5
48566,665,6
48567,666,7
48568,667,8
48569,668,9
48570,669,10
48571,670,1
48572,671,2
48573,672,3
48574,673,4
48575,674,5
48576,675,6
48577,676,7
48578,677,8
48579,678,9
48580,679,10
48581,680,1
48582,681,2
48583,682,3
48584,683,4
48585,684,5
48586,685,6
48587,686,7
48588,687,8
48589,688,9
48590,689,10
48591,690,1
48592,691,2
48593,692,3
48594,693,4
48595,694,5
48596,695,6
48597,696,7
48598,697,8
48599,698,9
48600,699,10
48601,700,1
48602,701,2
48603,702,3
48604,703,4
48605,704,5
48606,705,6
48607,706,7
48608,707,8
48609,708,9
48610,709,10
48611,710,1
48612,711,2
48613,712,3
48614,713,4
48615,714,5
48616,715,6
48617,716,7
48618,717,8
48619,718,9
48620,719,10
48621,720,1
48622,721,2
48623,722,3
48624,723,4
48625,724,5
48626,725,6
48627,726,7
48628,727,8
48629,728,9
48630,729,10
48631,730,1
48632,731,2
48633,732,3
48634,733,4
48635,734,5
48636,735,6
48637,736,7
48638,737,8
48639,738,9
48640,739,10
48641,740,1
48642,741,2
48643,742,3
48644,743,4
48645,744,5
48646,745,6
48647,746,7
48648,747,8
48649,748,9
48650,749,10
48651,750,1
48652,751,2
48653,752,3
48654,753,4
48655,754,5
48656,755,6
48657,756,7
48658,757,8
48659,758,9
48660,759,10
48661,760,1
48662,761,2
48663,762,3
48664,763,4
48665,764,5
48666,765,6
48667,766,7
48668,767,8
48669,768,9
48670,769,10
48671,770,1
48672,771,2
48673,772,3
48674,773,4
48675,774,5
48676,775,6
48677,776,7
48678,777,8
48679,778,9
48680,779,10
48681,780,1
48682,781,2
48683,782,3
48684,783,4
48685,784,5
48686,785,6
48687,786,7
48688,787,8
48689,788,9
48690,789,10
48691,790,1
48692,791,2
48693,792,3
48694,793,4
48695,794,5
48696,795,6
48697,796,7
48698,797,8
48699,798,9
48700,799,10
48701,800,1
48702,801,2
48703,802,3
48704,803,4
48705,804,5
48706,805,6
48707,806,7
48708,807,8
48709,808,9
48710,809,10
48711,810,1
48712,811,2
48713,812,3
48714,813,4
48715,814,5
48716,815,6
48717,816,7
48718,817,8
48719,818,9
48720,819,10
48721,820,1
48722,821,2
48723,822,3
48724,823,4
48725,824,5
48726,825,6
48727,826,7
48728,827,8
48729,828,9
48730,829,10
48731,830,1
48732,831,2
48733,832,3
48734,833,4
48735,834,5
48736,835,6
48737,836,7
48738,837,8
48739,838,9
48740,839,10
48741,840,1
48742,841,2
48743,842,3
48744,843,4
48745,844,5
48746,845,6
48747,846,7
48748,847,8
48749,848,9
48750,849,10
48751,850,1
48752,851,2
48753,852,3
48754,853,4
48755,854,5
48756,855,6
48757,856,7
48758,857,8
48759,858,9
48760,859,10
48761,860,1
48762,861,2
48763,862,3
48764,863,4
48765,864,5
48766,865,6
48767,866,7
48768,867,8
48769,868,9
48770,869,10
48771,870,1
48772,871,2
48773,872,3
48774,873,4
48775,874,5
48776,875,6
48777,876,7
48778,877,8
48779,878,9
48780,879,10
48781,880,1
48782,881,2
48783,882,3
48784,883,4
48785,884,5
48786,885,6
48787,886,7
48788,887,8
48789,888,9
48790,889,10
48791,890,1
48792,891,2
48793,892,3
48794,893,4
48795,894,5
48796,895,6
48797,896,7
48798,897,8
48799,898,9
48800,899,10
48801,900,1
48802,901,2
48803,902,3
48804,903,4
48805,904,5
48806,905,6
48807,906,7
48808,907,8
48809,908,9
48810,909,10
48811,910,1
48812,911,2
48813,912,3
48814,913,4
48815,914,5
48816,915,6
48817,916,7
48818,917,8
48819,918,9
48820,919,10
48821,920,1
48822,921,2
48823,922,3
48824,923,4
48825,924,5
48826,925,6
48827,926,7
48828,927,8
48829,928,9
48830,929,10
48831,930,1
48832,931,2
48833,932,3
48834,933,4
48835,934,5
48836,935,6
48837,936,7
48838,937,8
48839,938,9
48840,939,10
48841,940,1
48842,941,2
48843,942,3
48844,943,4
48845,944,5
48846,945,6
48847,946,7
48848,947,8
48849,948,9
48850,949,10
48851,950,1
48852,951,2
48853,952,3
48854,953,4
48855,954,5
48856,955,6
48857,956,7
48858,957,8
48859,958,9
48860,959,10
48861,960,1
48862,961,2
48863,962,3
48864,963,4
48865,964,5
48866,965,6
48867,966,7
48868,967,8
48869,968,9
48870,969,10
48871,970,1
48872,971,2
48873,972,3
48874,973,4
48875,974,5
48876,975,6
48877,976,7
48878,977,8
48879,978,9
48880,979,10
48881,980,1
48882,981,2
48883,982,3
48884,983,4
48885,984,5
48886,985,6
48887,986,7
48888,987,8
48889,988,9
48890,989,10
48891,990,1
48892,991,2
48893,992,3
48894,993,4
48895,994,5
48896,995,6
48897,996,7
48898,997,8
48899,998,9
48900,999,10
48901,1000,1
48902,1001,2
48903,1002,3
48904,1003,4
48905,1004,5
48906,1005,6
48907,1006,7
48908,1007,8
48909,1008,9
48910,1009,10
48911,1010,1
48912,1011,2
48913,1012,3
48914,1013,4
48915,1014,5
48916,1015,6
48917,1016,7
48918,1017,8
48919,1018,9
48920,1019,10
48921,1020,1
48922,1021,2
48923,1022,3
48924,1023,4
48925,1024,5
48926,1025,6
48927,1026,7
48928,1027,8
48929,1028,9
48930,1029,10
48931,1030,1
48932,1031,2
48933,1032,3
48934,1033,4
48935,1034,5
48936,1035,6
48937,1036,7
48938,1037,8
48939,1038,9
48940,1039,10
48941,1040,1
48942,1041,2
48943,1042,3
48944,1043,4
48945,1044,5
48946,1045,6
48947,1046,7
48948,1047,8
48949,1048,9
48950,1049,10
48951,1050,1
48952,1051,2
48953,1052,3
48954,1053,4
48955,1054,5
48956,1055,6
48957,1056,7
48958,1057,8
48959,1058,9
48960,1059,10
48961,1060,1
48962,1061,2
48963,1062,3
48964,1063,4
48965,1064,5
48966,1065,6
48967,1066,7
48968,1067,8
48969,1068,9
48970,1069,10
48971,1070,1
48972,1071,2
48973,1072,3
48974,1073,4
48975,1074,5
48976,1075,6
48977,1076,7
48978,1077,8
48979,1078,9
48980,1079,10
48981,1080,1
48982,1081,2
48983,1082,3
48984,1083,4
48985,1084,5
48986,1085,6
48987,1086,7
48988,1087,8
48989,1088,9
48990,1089,10
48991,1090,1
48992,1091,2
48993,1092,3
48994,1093,4
48995,1094,5
48996,1095,6
48997,1096,7
48998,1097,8
48999,1098,9
49000,1099,10
49001,100,1
49002,101,2
49003,102,3
49004,103,4
49005,104,5
49006,105,6
49007,106,7
49008,107,8
49009,108,9
49010,109,10
49011,110,1
49012,111,2
49013,112,3
49014,113,4
49015,114,5
49016,115,6
49017,116,7
49018,117,8
49019,118,9
49020,119,10
49021,120,1
49022,121,2
49023,122,3
49024,123,4
49025,124,5
49026,125,6
49027,126,7
49028,127,8
49029,128,9
49030,129,10
49031,130,1
49032,131,2
49033,132,3
49034,133,4
49035,134,5
49036,135,6
49037,136,7
49038,137,8
49039,138,9
49040,139,10
49041,140,1
49042,141,2
49043,142,3
49044,143,4
49045,144,5
49046,145,6
49047,146,7
49048,147,8
49049,148,9
49050,149,10
49051,150,1
49052,151,2
49053,152,3
49054,153,4
49055,154,5
49056,155,6
49057,156,7
49058,157,8
49059,158,9
49060,159,10
49061,160,1
49062,161,2
49063,162,3
49064,163,4
49065,164,5
49066,165,6
49067,166,7
49068,167,8
49069,168,9
49070,169,10
49071,170,1
49072,171,2
49073,172,3
49074,173,4
49075,174,5
49076,175,6
49077,176,7
49078,177,8
49079,178,9
49080,179,10
49081,180,1
49082,181,2
49083,182,3
49084,183,4
49085,184,5
49086,185,6
49087,186,7
49088,187,8
49089,188,9
49090,189,10
49091,190,1
49092,191,2
49093,192,3
49094,193,4
49095,194,5
49096,195,6
49097,196,7
49098,197,8
49099,198,9
49100,199,10
49101,200,1
49102,201,2
49103,202,3
49104,203,4
49105,204,5
49106,205,6
49107,206,7
49108,207,8
49109,208,9
49110,209,10
49111,210,1
49112,211,2
49113,212,3
49114,213,4
49115,214,5
49116,215,6
49117,216,7
49118,217,8
49119,218,9
49120,219,10
49121,220,1
49122,221,2
49123,222,3
49124,223,4
49125,224,5
49126,225,6
49127,226,7
49128,227,8
49129,228,9
49130,229,10
49131,230,1
49132,231,2
49133,232,3
49134,233,4
49135,234,5
49136,235,6
49137,236,7
49138,237,8
49139,238,9
49140,239,10
49141,240,1
49142,241,2
49143,242,3
49144,243,4
49145,244,5
49146,245,6
49147,246,7
49148,247,8
49149,248,9
49150,249,10
49151,250,1
49152,251,2
49153,252,3
49154,253,4
49155,254,5
49156,255,6
49157,256,7
49158,257,8
49159,258,9
49160,259,10
49161,260,1
49162,261,2
49163,262,3
49164,263,4
49165,264,5
49166,265,6
49167,266,7
49168,267,8
49169,268,9
49170,269,10
49171,270,1
49172,271,2
49173,272,3
49174,273,4
49175,274,5
49176,275,6
49177,276,7
49178,277,8
49179,278,9
49180,279,10
49181,280,1
49182,281,2
49183,282,3
49184,283,4
49185,284,5
49186,285,6
49187,286,7
49188,287,8
49189,288,9
49190,289,10
49191,290,1
49192,291,2
49193,292,3
49194,293,4
49195,294,5
49196,295,6
49197,296,7
49198,297,8
49199,298,9
49200,299,10
49201,300,1
49202,301,2
49203,302,3
49204,303,4
49205,304,5
49206,305,6
49207,306,7
49208,307,8
49209,308,9
49210,309,10
49211,310,1
49212,311,2
49213,312,3
49214,313,4
49215,314,5
49216,315,6
49217,316,7
49218,317,8
49219,318,9
49220,319,10
49221,320,1
49222,321,2
49223,322,3
49224,323,4
49225,324,5
49226,325,6
49227,326,7
49228,327,8
49229,328,9
49230,329,10
49231,330,1
49232,331,2
49233,332,3
49234,333,4
49235,334,5
49236,335,6
49237,336,7
49238,337,8
49239,338,9
49240,339,10
49241,340,1
49242,341,2
49243,342,3
49244,343,4
49245,344,5
49246,345,6
49247,346,7
49248,347,8
49249,348,9
49250,349,10
49251,350,1
49252,351,2
49253,352,3
49254,353,4
49255,354,5
49256,355,6
49257,356,7
49258,357,8
49259,358,9
49260,359,10
49261,360,1
49262,361,2
49263,362,3
49264,363,4
49265,364,5
49266,365,6
49267,366,7
49268,367,8
49269,368,9
49270,369,10
49271,370,1
49272,371,2
49273,372,3
49274,373,4
49275,374,5
49276,375,6
49277,376,7
49278,377,8
49279,378,9
49280,379,10
49281,380,1
49282,381,2
49283,382,3
49284,383,4
49285,384,5
49286,385,6
49287,386,7
49288,387,8
49289,388,9
49290,389,10
49291,390,1
49292,391,2
49293,392,3
49294,393,4
49295,394,5
49296,395,6
49297,396,7
49298,397,8
49299,398,9
49300,399,10
49301,400,1
49302,401,2
49303,402,3
49304,403,4
49305,404,5
49306,405,6
49307,406,7
49308,407,8
49309,408,9
49310,409,10
49311,410,1
49312,411,2
49313,412,3
49314,413,4
49315,414,5
49316,415,6
49317,416,7
49318,417,8
49319,418,9
49320,419,10
49321,420,1
49322,421,2
49323,422,3
49324,423,4
49325,424,5
49326,425,6
49327,426,7
49328,427,8
49329,428,9
49330,429,10
49331,430,1
49332,431,2
49333,432,3
49334,433,4
49335,434,5
49336,435,6
49337,436,7
49338,437,8
49339,438,9
49340,439,10
49341,440,1
49342,441,2
49343,442,3
49344,443,4
49345,444,5
49346,445,6
49347,446,7
49348,447,8
49349,448,9
49350,449,10
49351,450,1
49352,451,2
49353,452,3
49354,453,4
49355,454,5
49356,455,6
49357,456,7
49358,457,8
49359,458,9
49360,459,10
49361,460,1
49362,461,2
49363,462,3
49364,463,4
49365,464,5
49366,465,6
49367,466,7
49368,467,8
49369,468,9
49370,469,10
49371,470,1
49372,471,2
49373,472,3
49374,473,4
49375,474,5
49376,475,6
49377,476,7
49378,477,8
49379,478,9
49380,479,10
49381,480,1
49382,481,2
49383,482,3
49384,483,4
49385,484,5
49386,485,6
49387,486,7
49388,487,8
49389,488,9
49390,489,10
49391,490,1
49392,491,2
49393,492,3
49394,493,4
49395,494,5
49396,495,6
49397,496,7
49398,497,8
49399,498,9
49400,499,10
49401,500,1
49402,501,2
49403,502,3
49404,503,4
49405,504,5
49406,505,6
49407,506,7
49408,507,8
49409,508,9
49410,509,10
49411,510,1
49412,511,2
49413,512,3
49414,513,4
49415,514,5
49416,515,6
49417,516,7
49418,517,8
49419,518,9
49420,519,10
49421,520,1
49422,521,2
49423,522,3
49424,523,4
49425,524,5
49426,525,6
49427,526,7
49428,527,8
49429,528,9
49430,529,10
49431,530,1
49432,531,2
49433,532,3
49434,533,4
49435,534,5
49436,535,6
49437,536,7
49438,537,8
49439,538,9
49440,539,10
49441,540,1
49442,541,2
49443,542,3
49444,543,4
49445,544,5
49446,545,6
49447,546,7
49448,547,8
49449,548,9
49450,549,10
49451,550,1
49452,551,2
49453,552,3
49454,553,4
49455,554,5
49456,555,6
49457,556,7
49458,557,8
49459,558,9
49460,559,10
49461,560,1
49462,561,2
49463,562,3
49464,563,4
49465,564,5
49466,565,6
49467,566,7
49468,567,8
49469,568,9
49470,569,10
49471,570,1
49472,571,2
49473,572,3
49474,573,4
49475,574,5
49476,575,6
49477,576,7
49478,577,8
49479,578,9
49480,579,10
49481,580,1
49482,581,2
49483,582,3
49484,583,4
49485,584,5
49486,585,6
49487,586,7
49488,587,8
49489,588,9
49490,589,10
49491,590,1
49492,591,2
49493,592,3
49494,593,4
49495,594,5
49496,595,6
49497,596,7
49498,597,8
49499,598,9
49500,599,10
49501,600,1
49502,601,2
49503,602,3
49504,603,4
49505,604,5
49506,605,6
49507,606,7
49508,607,8
49509,608,9
49510,609,10
49511,610,1
49512,611,2
49513,612,3
49514,613,4
49515,614,5
49516,615,6
49517,616,7
49518,617,8
49519,618,9
49520,619,10
49521,620,1
49522,621,2
49523,622,3
49524,623,4
49525,624,5
49526,625,6
49527,626,7
49528,627,8
49529,628,9
49530,629,10
49531,630,1
49532,631,2
49533,632,3
49534,633,4
49535,634,5
49536,635,6
49537,636,7
49538,637,8
49539,638,9
49540,639,10
49541,640,1
49542,641,2
49543,642,3
49544,643,4
49545,644,5
49546,645,6
49547,646,7
49548,647,8
49549,648,9
49550,649,10
49551,650,1
49552,651,2
49553,652,3
49554,653,4
49555,654,5
49556,655,6
49557,656,7
49558,657,8
49559,658,9
49560,659,10
49561,660,1
49562,661,2
49563,662,3
49564,663,4
49565,664,5
49566,665,6
49567,666,7
49568,667,8
49569,668,9
49570,669,10
49571,670,1
49572,671,2
49573,672,3
49574,673,4
49575,674,5
49576,675,6
49577,676,7
49578,677,8
49579,678,9
49580,679,10
49581,680,1
49582,681,2
49583,682,3
49584,683,4
49585,684,5
49586,685,6
49587,686,7
49588,687,8
49589,688,9
49590,689,10
49591,690,1
49592,691,2
49593,692,3
49594,693,4
49595,694,5
49596,695,6
49597,696,7
49598,697,8
49599,698,9
49600,699,10
49601,700,1
49602,701,2
49603,702,3
49604,703,4
49605,704,5
49606,705,6
49607,706,7
49608,707,8
49609,708,9
49610,709,10
49611,710,1
49612,711,2
49613,712,3
49614,713,4
49615,714,5
49616,715,6
49617,716,7
49618,717,8
49619,718,9
49620,719,10
49621,720,1
49622,721,2
49623,722,3
49624,723,4
49625,724,5
49626,725,6
49627,726,7
49628,727,8
49629,728,9
49630,729,10
49631,730,1
49632,731,2
49633,732,3
49634,733,4
49635,734,5
49636,735,6
49637,736,7
49638,737,8
49639,738,9
49640,739,10
49641,740,1
49642,741,2
49643,742,3
49644,743,4
49645,744,5
49646,745,6
49647,746,7
49648,747,8
49649,748,9
49650,749,10
49651,750,1
49652,751,2
49653,752,3
49654,753,4
49655,754,5
49656,755,6
49657,756,7
49658,757,8
49659,758,9
49660,759,10
49661,760,1
49662,761,2
49663,762,3
49664,763,4
49665,764,5
49666,765,6
49667,766,7
49668,767,8
49669,768,9
49670,769,10
49671,770,1
49672,771,2
49673,772,3
49674,773,4
49675,774,5
49676,775,6
49677,776,7
49678,777,8
49679,778,9
49680,779,10
49681,780,1
49682,781,2
49683,782,3
49684,783,4
49685,784,5
49686,785,6
49687,786,7
49688,787,8
49689,788,9
49690,789,10
49691,790,1
49692,791,2
49693,792,3
49694,793,4
49695,794,5
49696,795,6
49697,796,7
49698,797,8
49699,798,9
49700,799,10
49701,800,1
49702,801,2
49703,802,3
49704,803,4
49705,804,5
49706,805,6
49707,806,7
49708,807,8
49709,808,9
49710,809,10
49711,810,1
49712,811,2
49713,812,3
49714,813,4
49715,814,5
49716,815,6
49717,816,7
49718,817,8
49719,818,9
49720,819,10
49721,820,1
49722,821,2
49723,822,3
49724,823,4
49725,824,5
49726,825,6
49727,826,7
49728,827,8
49729,828,9
49730,829,10
49731,830,1
49732,831,2
49733,832,3
49734,833,4
49735,834,5
49736,835,6
49737,836,7
49738,837,8
49739,838,9
49740,839,10
49741,840,1
49742,841,2
49743,842,3
49744,843,4
49745,844,5
49746,845,6
49747,846,7
49748,847,8
49749,848,9
49750,849,10
49751,850,1
49752,851,2
49753,852,3
49754,853,4
49755,854,5
49756,855,6
49757,856,7
49758,857,8
49759,858,9
49760,859,10
49761,860,1
49762,861,2
49763,862,3
49764,863,4
49765,864,5
49766,865,6
49767,866,7
49768,867,8
49769,868,9
49770,869,10
49771,870,1
49772,871,2
49773,872,3
49774,873,4
49775,874,5
49776,875,6
49777,876,7
49778,877,8
49779,878,9
49780,879,10
49781,880,1
49782,881,2
49783,882,3
49784,883,4
49785,884,5
49786,885,6
49787,886,7
49788,887,8
49789,888,9
49790,889,10
49791,890,1
49792,891,2
49793,892,3
49794,893,4
49795,894,5
49796,895,6
49797,896,7
49798,897,8
49799,898,9
49800,899,10
49801,900,1
49802,901,2
49803,902,3
49804,903,4
49805,904,5
49806,905,6
49807,906,7
49808,907,8
49809,908,9
49810,909,10
49811,910,1
49812,911,2
49813,912,3
49814,913,4
49815,914,5
49816,915,6
49817,916,7
49818,917,8
49819,918,9
49820,919,10
49821,920,1
49822,921,2
49823,922,3
49824,923,4
49825,924,5
49826,925,6
49827,926,7
49828,927,8
49829,928,9
49830,929,10
49831,930,1
49832,931,2
49833,932,3
49834,933,4
49835,934,5
49836,935,6
49837,936,7
49838,937,8
49839,938,9
49840,939,10
49841,940,1
49842,941,2
49843,942,3
49844,943,4
49845,944,5
49846,945,6
49847,946,7
49848,947,8
49849,948,9
49850,949,10
49851,950,1
49852,951,2
49853,952,3
49854,953,4
49855,954,5
49856,955,6
49857,956,7
49858,957,8
49859,958,9
49860,959,10
49861,960,1
49862,961,2
49863,962,3
49864,963,4
49865,964,5
49866,965,6
49867,966,7
49868,967,8
49869,968,9
49870,969,10
49871,970,1
49872,971,2
49873,972,3
49874,973,4
49875,974,5
49876,975,6
49877,976,7
49878,977,8
49879,978,9
49880,979,10
49881,980,1
49882,981,2
49883,982,3
49884,983,4
49885,984,5
49886,985,6
49887,986,7
49888,987,8
49889,988,9
49890,989,10
49891,990,1
49892,991,2
49893,992,3
49894,993,4
49895,994,5
49896,995,6
49897,996,7
49898,997,8
49899,998,9
49900,999,10
49901,1000,1
49902,1001,2
49903,1002,3
49904,1003,4
49905,1004,5
49906,1005,6
49907,1006,7
49908,1007,8
49909,1008,9
49910,1009,10
49911,1010,1
49912,1011,2
49913,1012,3
49914,1013,4
49915,1014,5
49916,1015,6
49917,1016,7
49918,1017,8
49919,1018,9
49920,1019,10
49921,1020,1
49922,1021,2
49923,1022,3
49924,1023,4
49925,1024,5
49926,1025,6
49927,1026,7
49928,1027,8
49929,1028,9
49930,1029,10
49931,1030,1
49932,1031,2
49933,1032,3
49934,1033,4
49935,1034,5
49936,1035,6
49937,1036,7
49938,1037,8
49939,1038,9
49940,1039,10
49941,1040,1
49942,1041,2
49943,1042,3
49944,1043,4
49945,1044,5
49946,1045,6
49947,1046,7
49948,1047,8
49949,1048,9
49950,1049,10
49951,1050,1
49952,1051,2
49953,1052,3
49954,1053,4
49955,1054,5
49956,1055,6
49957,1056,7
49958,1057,8
49959,1058,9
49960,1059,10
49961,1060,1
49962,1061,2
49963,1062,3
49964,1063,4
49965,1064,5
49966,1065,6
49967,1066,7
49968,1067,8
49969,1068,9
49970,1069,10
49971,1070,1
49972,1071,2
49973,1072,3
49974,1073,4
49975,1074,5
49976,1075,6
49977,1076,7
49978,1077,8
49979,1078,9
49980,1079,10
49981,1080,1
49982,1081,2
49983,1082,3
49984,1083,4
49985,1084,5
49986,1085,6
49987,1086,7
49988,1087,8
49989,1088,9
49990,1089,10
49991,1090,1
49992,1091,2
49993,1092,3
49994,1093,4
49995,1094,5
49996,1095,6
49997,1096,7
49998,1097,8
49999,1098,9
50000,1099,10
